region_code,region,okved,okved_name,n_active_before,n_active_after,K_before,K_after,change_ratio,insufficient
01,Republic of Adygea,01,Crop and animal production,7,13,15.714285714285714,16.923076923076923,1.076923076923077,False
01,Republic of Adygea,02,Forestry and logging,1,8,1.1428571428571428,1.7692307692307692,,True
01,Republic of Adygea,03,Fishing and aquaculture,3,6,1.4285714285714286,1.8461538461538463,1.2923076923076924,False
01,Republic of Adygea,05,Mining of coal and lignite,1,0,1.1428571428571428,1.0,,True
01,Republic of Adygea,06,Extraction of crude petroleum and natural gas,0,0,1.0,1.0,,True
01,Republic of Adygea,07,OKVED 07,0,0,1.0,1.0,,True
01,Republic of Adygea,08,Other mining and quarrying,3,4,1.5714285714285714,1.3076923076923077,0.8321678321678322,False
01,Republic of Adygea,09,Mining support services,0,0,1.0,1.0,,True
01,Republic of Adygea,10,Manufacture of food products,7,13,5.857142857142857,6.571428571428571,1.1219512195121952,False
01,Republic of Adygea,11,Manufacture of beverages,3,7,1.4285714285714286,1.6153846153846154,1.1307692307692307,False
01,Republic of Adygea,12,Manufacture of tobacco products,1,0,1.1428571428571428,1.0,,True
01,Republic of Adygea,13,Manufacture of textiles,3,3,1.4285714285714286,1.2307692307692308,0.8615384615384616,False
01,Republic of Adygea,14,Manufacture of wearing apparel,4,9,1.7142857142857144,2.0,1.1666666666666665,False
01,Republic of Adygea,15,Manufacture of leather and related products,1,3,1.1428571428571428,1.2307692307692308,,True
01,Republic of Adygea,16,Wood processing,7,12,3.4285714285714284,2.9375,0.8567708333333334,False
01,Republic of Adygea,17,Manufacture of paper and paper products,0,2,1.0,1.1538461538461537,,True
01,Republic of Adygea,18,Printing and reproduction of recorded media,1,5,1.1428571428571428,1.4615384615384617,,True
01,Republic of Adygea,19,Manufacture of coke and refined petroleum products,0,0,1.0,1.0,,True
01,Republic of Adygea,20,Manufacture of chemicals and chemical products,5,7,2.142857142857143,1.6153846153846154,0.7538461538461538,False
01,Republic of Adygea,21,Manufacture of pharmaceutical products,0,0,1.0,1.0,,True
01,Republic of Adygea,22,Manufacture of rubber and plastic products,4,5,1.8571428571428572,1.5384615384615383,0.8284023668639052,False
01,Republic of Adygea,23,Other non-metallic mineral products,7,10,3.2857142857142856,2.9230769230769234,0.8896321070234114,False
01,Republic of Adygea,24,Manufacture of basic metals,0,0,1.0,1.0,,True
01,Republic of Adygea,25,Manufacture of fabricated metal products,7,13,4.428571428571429,3.2142857142857144,0.7258064516129032,False
01,Republic of Adygea,26,"Manufacture of computer, electronic and optical products",0,1,1.0,1.0769230769230769,,True
01,Republic of Adygea,27,Manufacture of electrical equipment,1,1,1.1428571428571428,1.0769230769230769,,True
01,Republic of Adygea,28,Manufacture of machinery and equipment n.e.c.,2,3,1.2857142857142856,1.3076923076923077,,True
01,Republic of Adygea,29,Manufacture of motor vehicles and trailers,1,1,1.1428571428571428,1.0769230769230769,,True
01,Republic of Adygea,30,Manufacture of other transport equipment,0,0,1.0,1.0,,True
01,Republic of Adygea,31,Manufacture of furniture,6,12,2.571428571428571,2.928571428571429,1.138888888888889,False
01,Republic of Adygea,32,Other manufacturing,5,10,2.142857142857143,2.3076923076923075,1.0769230769230769,False
01,Republic of Adygea,33,Repair and installation of machinery and equipment,5,12,2.857142857142857,3.0,1.05,False
01,Republic of Adygea,35,"Electricity, gas, steam and air conditioning supply",2,3,1.2857142857142856,1.3076923076923077,,True
01,Republic of Adygea,36,"Water collection, treatment and supply",1,3,1.1428571428571428,1.2307692307692308,,True
01,Republic of Adygea,37,Sewerage,0,0,1.0,1.0,,True
01,Republic of Adygea,38,"Waste collection, treatment and disposal",3,6,1.4285714285714286,1.4615384615384617,1.0230769230769232,False
01,Republic of Adygea,39,Remediation activities,0,0,1.0,1.0,,True
01,Republic of Adygea,41,Construction of buildings,7,13,15.333333333333336,15.733333333333334,1.026086956521739,False
01,Republic of Adygea,42,Civil engineering,7,13,3.857142857142857,3.6923076923076925,0.9572649572649573,False
01,Republic of Adygea,43,Specialised construction activities,7,13,19.142857142857142,17.53846153846154,0.9161882893226178,False
01,Republic of Adygea,45,Sale and repair of motor vehicles and motorcycles,7,13,10.0,10.384615384615385,1.0384615384615385,False
01,Republic of Adygea,46,Wholesale trade,7,13,16.714285714285715,11.555555555555555,0.691358024691358,False
01,Republic of Adygea,47,Retail trade,7,13,83.75,107.81249999999999,1.2873134328358207,False
01,Republic of Adygea,49,Land transport and pipeline transport,7,13,33.125,33.214285714285715,1.0026954177897573,False
01,Republic of Adygea,50,Water transport,0,0,1.0,1.0,,True
01,Republic of Adygea,51,Air transport,0,0,1.0,1.0,,True
01,Republic of Adygea,52,Warehousing and transport support activities,6,13,2.7142857142857144,4.230769230769231,1.5587044534412955,False
01,Republic of Adygea,53,Postal and courier activities,5,10,2.428571428571429,2.230769230769231,0.918552036199095,False
01,Republic of Adygea,55,Accommodation,6,13,3.5714285714285716,3.3076923076923075,0.926153846153846,False
01,Republic of Adygea,56,Food and beverage service activities,7,13,18.428571428571427,16.933333333333337,0.9188630490956076,False
01,Republic of Adygea,58,Publishing activities,0,2,1.0,1.1538461538461537,,True
01,Republic of Adygea,59,"Motion picture, video and television production",3,6,1.4285714285714286,1.6923076923076923,1.1846153846153846,False
01,Republic of Adygea,60,Programming and broadcasting activities,0,0,1.0,1.0,,True
01,Republic of Adygea,61,Telecommunications,0,1,1.0,1.0769230769230769,,True
01,Republic of Adygea,62,"Computer programming, consultancy and related activities",7,13,7.428571428571429,7.923076923076923,1.066568047337278,False
01,Republic of Adygea,63,Information service activities,7,13,4.142857142857142,5.461538461538462,1.3183023872679047,False
01,Republic of Adygea,64,"Financial service activities, except insurance and pension funding",4,5,1.7142857142857144,1.4615384615384617,0.8525641025641025,False
01,Republic of Adygea,65,"Insurance, reinsurance and pension funding",0,1,1.0,1.0769230769230769,,True
01,Republic of Adygea,66,Auxiliary financial services,4,6,2.0,1.6923076923076923,0.8461538461538461,False
01,Republic of Adygea,68,Real estate activities,7,13,15.428571428571429,12.0,0.7777777777777778,False
01,Republic of Adygea,69,Legal and accounting activities,7,13,6.714285714285714,5.769230769230769,0.8592471358428805,False
01,Republic of Adygea,70,Management consultancy activities,7,11,2.428571428571429,3.230769230769231,1.330316742081448,False
01,Republic of Adygea,71,Architectural and engineering activities,7,13,5.0,5.846153846153846,1.169230769230769,False
01,Republic of Adygea,72,Scientific research and development,1,1,1.1428571428571428,1.0769230769230769,,True
01,Republic of Adygea,73,Advertising and market research,7,13,8.0,11.076923076923077,1.3846153846153846,False
01,Republic of Adygea,74,"Other professional, scientific and technical activities",7,12,5.285714285714286,5.461538461538462,1.0332640332640333,False
01,Republic of Adygea,75,Veterinary activities,0,5,1.0,1.4615384615384617,,True
01,Republic of Adygea,77,Rental and leasing activities,5,11,2.2857142857142856,3.5384615384615383,1.5480769230769231,False
01,Republic of Adygea,78,Employment activities,2,10,1.8571428571428572,2.3076923076923075,,True
01,Republic of Adygea,79,Travel agency and reservation services,6,10,2.571428571428571,2.769230769230769,1.076923076923077,False
01,Republic of Adygea,80,Security and investigation activities,5,11,2.2857142857142856,2.6923076923076925,1.1778846153846156,False
01,Republic of Adygea,81,Services to buildings and landscape activities,7,13,3.5714285714285716,3.0000000000000004,0.8400000000000001,False
01,Republic of Adygea,82,Office administrative and business support activities,7,13,3.5,6.153846153846154,1.7582417582417584,False
01,Republic of Adygea,84,Public administration and defence; compulsory social security,0,1,1.0,1.0769230769230769,,True
01,Republic of Adygea,85,Education,7,11,3.5714285714285716,3.6923076923076925,1.0338461538461539,False
01,Republic of Adygea,86,Human health activities,6,13,3.142857142857143,3.3846153846153846,1.0769230769230769,False
01,Republic of Adygea,87,Residential care activities,0,0,1.0,1.0,,True
01,Republic of Adygea,88,Social work activities without accommodation,4,4,1.8571428571428572,1.3846153846153846,0.7455621301775147,False
01,Republic of Adygea,90,"Creative, arts and entertainment activities",5,8,2.2857142857142856,1.9230769230769231,0.841346153846154,False
01,Republic of Adygea,91,"Libraries, archives, museums and other cultural activities",0,1,1.0,1.0769230769230769,,True
01,Republic of Adygea,92,Gambling and betting activities,0,1,1.0,1.0769230769230769,,True
01,Republic of Adygea,93,Sports activities and amusement and recreation,7,13,5.857142857142857,5.3076923076923075,0.9061913696060038,False
01,Republic of Adygea,94,Activities of membership organisations,0,2,1.0,1.2307692307692308,,True
01,Republic of Adygea,95,"Repair of computers, personal and household goods",6,12,4.142857142857142,4.153846153846153,1.0026525198938991,False
01,Republic of Adygea,96,Other personal service activities,7,13,8.857142857142858,12.142857142857142,1.3709677419354838,False
01,Republic of Adygea,97,Activities of households as employers,1,0,1.1428571428571428,1.0,,True
01,Republic of Adygea,99,Activities of extraterritorial organisations and bodies,0,0,1.0,1.0,,True
02,Republic of Bashkortostan,01,Crop and animal production,7,13,56.3,127.21428571428572,2.259578787109871,False
02,Republic of Bashkortostan,02,Forestry and logging,7,13,8.857142857142858,8.615384615384615,0.9727047146401984,False
02,Republic of Bashkortostan,03,Fishing and aquaculture,7,13,5.285714285714286,6.153846153846154,1.1642411642411643,False
02,Republic of Bashkortostan,05,Mining of coal and lignite,0,0,1.0,1.0,,True
02,Republic of Bashkortostan,06,Extraction of crude petroleum and natural gas,1,4,1.1428571428571428,1.3076923076923077,,True
02,Republic of Bashkortostan,07,OKVED 07,1,5,1.1428571428571428,1.4615384615384617,,True
02,Republic of Bashkortostan,08,Other mining and quarrying,7,13,5.142857142857143,4.230769230769231,0.8226495726495726,False
02,Republic of Bashkortostan,09,Mining support services,6,12,2.7142857142857144,3.076923076923077,1.1336032388663968,False
02,Republic of Bashkortostan,10,Manufacture of food products,7,13,22.666666666666668,27.41176470588235,1.209342560553633,False
02,Republic of Bashkortostan,11,Manufacture of beverages,5,8,2.142857142857143,2.3076923076923075,1.0769230769230769,False
02,Republic of Bashkortostan,12,Manufacture of tobacco products,0,2,1.0,1.2307692307692308,,True
02,Republic of Bashkortostan,13,Manufacture of textiles,7,13,4.428571428571429,6.538461538461538,1.476426799007444,False
02,Republic of Bashkortostan,14,Manufacture of wearing apparel,7,13,13.428571428571429,13.5,1.0053191489361701,False
02,Republic of Bashkortostan,15,Manufacture of leather and related products,4,7,1.8571428571428572,1.9230769230769231,1.0355029585798816,False
02,Republic of Bashkortostan,16,Wood processing,7,13,11.857142857142858,16.153846153846153,1.3623725671918443,False
02,Republic of Bashkortostan,17,Manufacture of paper and paper products,3,6,1.5714285714285714,1.8461538461538463,1.174825174825175,False
02,Republic of Bashkortostan,18,Printing and reproduction of recorded media,6,13,3.4285714285714284,6.0,1.75,False
02,Republic of Bashkortostan,19,Manufacture of coke and refined petroleum products,1,2,1.1428571428571428,1.1538461538461537,,True
02,Republic of Bashkortostan,20,Manufacture of chemicals and chemical products,7,13,5.285714285714286,5.142857142857143,0.972972972972973,False
02,Republic of Bashkortostan,21,Manufacture of pharmaceutical products,1,1,1.1428571428571428,1.0769230769230769,,True
02,Republic of Bashkortostan,22,Manufacture of rubber and plastic products,7,13,8.142857142857142,7.538461538461538,0.9257759784075574,False
02,Republic of Bashkortostan,23,Other non-metallic mineral products,7,13,12.285714285714286,8.733333333333334,0.7108527131782946,False
02,Republic of Bashkortostan,24,Manufacture of basic metals,2,7,1.2857142857142856,1.6923076923076923,,True
02,Republic of Bashkortostan,25,Manufacture of fabricated metal products,7,13,27.142857142857142,26.0,0.9578947368421052,False
02,Republic of Bashkortostan,26,"Manufacture of computer, electronic and optical products",6,8,2.857142857142857,2.230769230769231,0.7807692307692308,False
02,Republic of Bashkortostan,27,Manufacture of electrical equipment,4,12,2.428571428571429,3.1538461538461537,1.2986425339366514,False
02,Republic of Bashkortostan,28,Manufacture of machinery and equipment n.e.c.,7,13,5.857142857142857,4.923076923076923,0.8405253283302064,False
02,Republic of Bashkortostan,29,Manufacture of motor vehicles and trailers,2,7,1.4285714285714286,2.0,,True
02,Republic of Bashkortostan,30,Manufacture of other transport equipment,2,10,1.2857142857142856,2.1538461538461537,,True
02,Republic of Bashkortostan,31,Manufacture of furniture,7,13,16.285714285714285,17.076923076923077,1.048582995951417,False
02,Republic of Bashkortostan,32,Other manufacturing,7,13,8.285714285714285,14.23076923076923,1.717506631299735,False
02,Republic of Bashkortostan,33,Repair and installation of machinery and equipment,7,13,12.875,16.142857142857142,1.2538141470180304,False
02,Republic of Bashkortostan,35,"Electricity, gas, steam and air conditioning supply",4,10,1.8571428571428572,2.769230769230769,1.4911242603550294,False
02,Republic of Bashkortostan,36,"Water collection, treatment and supply",3,10,1.25,1.8461538461538463,1.476923076923077,False
02,Republic of Bashkortostan,37,Sewerage,4,10,2.428571428571429,3.0,1.2352941176470587,False
02,Republic of Bashkortostan,38,"Waste collection, treatment and disposal",7,12,4.857142857142858,5.076923076923077,1.0452488687782804,False
02,Republic of Bashkortostan,39,Remediation activities,0,3,1.0,1.2307692307692308,,True
02,Republic of Bashkortostan,41,Construction of buildings,7,13,135.875,80.08333333333333,0.5893897577430236,False
02,Republic of Bashkortostan,42,Civil engineering,7,13,12.333333333333336,17.142857142857142,1.3899613899613896,False
02,Republic of Bashkortostan,43,Specialised construction activities,7,13,126.44444444444447,151.4,1.1973637961335675,False
02,Republic of Bashkortostan,45,Sale and repair of motor vehicles and motorcycles,7,13,91.57142857142857,62.2608695652174,0.6799158922878655,False
02,Republic of Bashkortostan,46,Wholesale trade,7,13,35.0,40.38461538461539,1.153846153846154,False
02,Republic of Bashkortostan,47,Retail trade,7,13,428.0666666666667,206.08620689655172,0.48143483934718506,False
02,Republic of Bashkortostan,49,Land transport and pipeline transport,7,13,210.0,232.14285714285717,1.1054421768707483,False
02,Republic of Bashkortostan,50,Water transport,2,3,1.4285714285714286,1.142857142857143,,True
02,Republic of Bashkortostan,51,Air transport,0,2,1.0,1.1538461538461537,,True
02,Republic of Bashkortostan,52,Warehousing and transport support activities,7,13,21.428571428571427,26.153846153846153,1.2205128205128206,False
02,Republic of Bashkortostan,53,Postal and courier activities,7,13,7.714285714285714,12.76923076923077,1.6552706552706553,False
02,Republic of Bashkortostan,55,Accommodation,7,13,16.0,15.142857142857142,0.9464285714285714,False
02,Republic of Bashkortostan,56,Food and beverage service activities,7,13,66.2,75.09523809523809,1.1343691555171915,False
02,Republic of Bashkortostan,58,Publishing activities,5,9,2.428571428571429,2.9230769230769234,1.2036199095022624,False
02,Republic of Bashkortostan,59,"Motion picture, video and television production",7,13,8.571428571428571,10.615384615384615,1.2384615384615385,False
02,Republic of Bashkortostan,60,Programming and broadcasting activities,2,5,1.2857142857142856,1.8461538461538463,,True
02,Republic of Bashkortostan,61,Telecommunications,3,8,1.5714285714285714,2.3846153846153846,1.5174825174825175,False
02,Republic of Bashkortostan,62,"Computer programming, consultancy and related activities",7,13,64.71428571428572,84.3076923076923,1.302767872304296,False
02,Republic of Bashkortostan,63,Information service activities,7,13,34.285714285714285,51.214285714285715,1.4937500000000001,False
02,Republic of Bashkortostan,64,"Financial service activities, except insurance and pension funding",7,11,4.714285714285714,3.769230769230769,0.7995337995337995,False
02,Republic of Bashkortostan,65,"Insurance, reinsurance and pension funding",1,1,1.1428571428571428,1.1538461538461537,,True
02,Republic of Bashkortostan,66,Auxiliary financial services,7,13,8.571428571428571,10.153846153846153,1.1846153846153846,False
02,Republic of Bashkortostan,68,Real estate activities,7,13,83.1,84.27272727272727,1.0141122415490647,False
02,Republic of Bashkortostan,69,Legal and accounting activities,7,13,42.142857142857146,38.23529411764706,0.9072781655034895,False
02,Republic of Bashkortostan,70,Management consultancy activities,7,13,17.444444444444446,29.642857142857146,1.6992720655141038,False
02,Republic of Bashkortostan,71,Architectural and engineering activities,7,13,36.00000000000001,38.42857142857143,1.0674603174603172,False
02,Republic of Bashkortostan,72,Scientific research and development,7,13,13.285714285714286,10.000000000000002,0.7526881720430109,False
02,Republic of Bashkortostan,73,Advertising and market research,7,13,72.14285714285714,151.73333333333335,2.1032343234323436,False
02,Republic of Bashkortostan,74,"Other professional, scientific and technical activities",7,13,30.0,47.07692307692308,1.5692307692307694,False
02,Republic of Bashkortostan,75,Veterinary activities,7,9,3.7142857142857144,3.5384615384615383,0.9526627218934911,False
02,Republic of Bashkortostan,77,Rental and leasing activities,7,13,18.857142857142858,22.133333333333336,1.173737373737374,False
02,Republic of Bashkortostan,78,Employment activities,7,13,9.000000000000002,14.153846153846153,1.5726495726495722,False
02,Republic of Bashkortostan,79,Travel agency and reservation services,7,13,22.142857142857142,22.23076923076923,1.003970223325062,False
02,Republic of Bashkortostan,80,Security and investigation activities,7,13,4.111111111111112,4.6875,1.1402027027027026,False
02,Republic of Bashkortostan,81,Services to buildings and landscape activities,7,13,18.2,23.764705882352942,1.3057530704589528,False
02,Republic of Bashkortostan,82,Office administrative and business support activities,7,13,95.85714285714286,167.26666666666668,1.7449577744659712,False
02,Republic of Bashkortostan,84,Public administration and defence; compulsory social security,1,6,1.1428571428571428,1.4615384615384617,,True
02,Republic of Bashkortostan,85,Education,7,13,43.857142857142854,50.76923076923077,1.15760461037334,False
02,Republic of Bashkortostan,86,Human health activities,7,13,19.714285714285715,24.076923076923077,1.221293199554069,False
02,Republic of Bashkortostan,87,Residential care activities,2,4,1.2857142857142856,1.3076923076923077,,True
02,Republic of Bashkortostan,88,Social work activities without accommodation,7,12,5.857142857142857,4.846153846153847,0.827392120075047,False
02,Republic of Bashkortostan,90,"Creative, arts and entertainment activities",7,13,12.285714285714286,14.0,1.1395348837209303,False
02,Republic of Bashkortostan,91,"Libraries, archives, museums and other cultural activities",0,1,1.0,1.2307692307692308,,True
02,Republic of Bashkortostan,92,Gambling and betting activities,3,1,1.5714285714285714,1.0769230769230769,,True
02,Republic of Bashkortostan,93,Sports activities and amusement and recreation,7,13,35.285714285714285,36.42857142857143,1.0323886639676114,False
02,Republic of Bashkortostan,94,Activities of membership organisations,2,5,1.2857142857142856,1.6923076923076923,,True
02,Republic of Bashkortostan,95,"Repair of computers, personal and household goods",7,13,24.285714285714285,32.92307692307692,1.355656108597285,False
02,Republic of Bashkortostan,96,Other personal service activities,7,13,109.28571428571429,143.84615384615384,1.316239316239316,False
02,Republic of Bashkortostan,97,Activities of households as employers,0,4,1.0,1.3076923076923077,,True
02,Republic of Bashkortostan,98,OKVED 98,1,1,1.1428571428571428,1.0769230769230769,,True
02,Republic of Bashkortostan,99,Activities of extraterritorial organisations and bodies,0,0,1.0,1.0,,True
03,Republic of Buryatia,01,Crop and animal production,7,13,16.857142857142858,17.46153846153846,1.0358539765319426,False
03,Republic of Buryatia,02,Forestry and logging,7,13,6.571428571428571,4.769230769230769,0.7257525083612041,False
03,Republic of Buryatia,03,Fishing and aquaculture,2,4,1.4285714285714286,1.3076923076923077,,True
03,Republic of Buryatia,05,Mining of coal and lignite,1,1,1.1428571428571428,1.0769230769230769,,True
03,Republic of Buryatia,07,OKVED 07,6,12,3.2857142857142856,5.461538461538462,1.6622073578595318,False
03,Republic of Buryatia,08,Other mining and quarrying,5,7,2.2857142857142856,2.1538461538461537,0.9423076923076923,False
03,Republic of Buryatia,09,Mining support services,1,6,1.1428571428571428,1.5384615384615383,,True
03,Republic of Buryatia,10,Manufacture of food products,7,13,10.285714285714286,6.8500000000000005,0.6659722222222222,False
03,Republic of Buryatia,11,Manufacture of beverages,4,6,1.25,1.4615384615384617,1.1692307692307693,False
03,Republic of Buryatia,13,Manufacture of textiles,6,7,2.571428571428571,1.7692307692307692,0.688034188034188,False
03,Republic of Buryatia,14,Manufacture of wearing apparel,7,11,3.5714285714285716,3.230769230769231,0.9046153846153846,False
03,Republic of Buryatia,15,Manufacture of leather and related products,3,8,1.5714285714285714,2.0,1.2727272727272727,False
03,Republic of Buryatia,16,Wood processing,5,13,3.142857142857143,3.142857142857143,1.0,False
03,Republic of Buryatia,17,Manufacture of paper and paper products,0,0,1.0,1.0,,True
03,Republic of Buryatia,18,Printing and reproduction of recorded media,3,8,1.4285714285714286,1.8461538461538463,1.2923076923076924,False
03,Republic of Buryatia,20,Manufacture of chemicals and chemical products,2,2,1.4285714285714286,1.2307692307692308,,True
03,Republic of Buryatia,21,Manufacture of pharmaceutical products,0,1,1.0,1.0769230769230769,,True
03,Republic of Buryatia,22,Manufacture of rubber and plastic products,5,6,1.7142857142857144,1.6923076923076923,0.9871794871794871,False
03,Republic of Buryatia,23,Other non-metallic mineral products,6,13,3.3750000000000004,3.071428571428571,0.9100529100529099,False
03,Republic of Buryatia,24,Manufacture of basic metals,1,0,1.1428571428571428,1.0,,True
03,Republic of Buryatia,25,Manufacture of fabricated metal products,6,12,3.5714285714285716,3.8461538461538463,1.0769230769230769,False
03,Republic of Buryatia,26,"Manufacture of computer, electronic and optical products",1,0,1.1428571428571428,1.0,,True
03,Republic of Buryatia,27,Manufacture of electrical equipment,2,3,1.2857142857142856,1.2307692307692308,,True
03,Republic of Buryatia,28,Manufacture of machinery and equipment n.e.c.,2,1,1.2857142857142856,1.0769230769230769,,True
03,Republic of Buryatia,29,Manufacture of motor vehicles and trailers,1,2,1.2857142857142856,1.1538461538461537,,True
03,Republic of Buryatia,30,Manufacture of other transport equipment,3,1,1.4285714285714286,1.0769230769230769,,True
03,Republic of Buryatia,31,Manufacture of furniture,7,12,4.571428571428571,3.6923076923076925,0.8076923076923078,False
03,Republic of Buryatia,32,Other manufacturing,7,12,4.142857142857142,6.153846153846154,1.4854111405835546,False
03,Republic of Buryatia,33,Repair and installation of machinery and equipment,6,13,2.571428571428571,2.5384615384615383,0.9871794871794872,False
03,Republic of Buryatia,35,"Electricity, gas, steam and air conditioning supply",4,7,1.5714285714285714,1.4285714285714286,0.9090909090909092,False
03,Republic of Buryatia,36,"Water collection, treatment and supply",0,4,1.0,1.3076923076923077,,True
03,Republic of Buryatia,37,Sewerage,4,5,1.7142857142857144,1.5384615384615383,0.8974358974358972,False
03,Republic of Buryatia,38,"Waste collection, treatment and disposal",3,4,1.5714285714285714,1.8461538461538463,1.174825174825175,False
03,Republic of Buryatia,39,Remediation activities,0,0,1.0,1.0,,True
03,Republic of Buryatia,41,Construction of buildings,7,13,35.285714285714285,30.53333333333334,0.8653171390013497,False
03,Republic of Buryatia,42,Civil engineering,6,13,4.0,4.923076923076923,1.2307692307692308,False
03,Republic of Buryatia,43,Specialised construction activities,7,13,34.714285714285715,33.714285714285715,0.9711934156378601,False
03,Republic of Buryatia,45,Sale and repair of motor vehicles and motorcycles,7,13,18.625,23.153846153846153,1.2431595250387197,False
03,Republic of Buryatia,46,Wholesale trade,7,13,21.571428571428573,17.1875,0.7967715231788078,False
03,Republic of Buryatia,47,Retail trade,7,13,97.42857142857143,94.25925925925928,0.9674704029542741,False
03,Republic of Buryatia,49,Land transport and pipeline transport,7,13,45.42857142857143,54.07142857142858,1.1902515723270441,False
03,Republic of Buryatia,50,Water transport,2,3,1.4285714285714286,1.3076923076923077,,True
03,Republic of Buryatia,51,Air transport,1,0,1.1428571428571428,1.0,,True
03,Republic of Buryatia,52,Warehousing and transport support activities,7,13,10.571428571428571,6.923076923076923,0.654885654885655,False
03,Republic of Buryatia,53,Postal and courier activities,4,13,2.2857142857142856,4.615384615384615,2.019230769230769,False
03,Republic of Buryatia,55,Accommodation,7,13,8.571428571428571,7.0,0.8166666666666667,False
03,Republic of Buryatia,56,Food and beverage service activities,7,13,39.857142857142854,37.285714285714285,0.935483870967742,False
03,Republic of Buryatia,58,Publishing activities,4,2,1.8571428571428572,1.1538461538461537,,True
03,Republic of Buryatia,59,"Motion picture, video and television production",3,9,1.5714285714285714,2.1538461538461537,1.3706293706293706,False
03,Republic of Buryatia,60,Programming and broadcasting activities,0,2,1.0,1.1538461538461537,,True
03,Republic of Buryatia,61,Telecommunications,4,5,1.75,1.4615384615384617,0.8351648351648352,False
03,Republic of Buryatia,62,"Computer programming, consultancy and related activities",7,13,8.285714285714285,11.76923076923077,1.4204244031830242,False
03,Republic of Buryatia,63,Information service activities,7,13,9.857142857142858,15.23076923076923,1.5451505016722407,False
03,Republic of Buryatia,64,"Financial service activities, except insurance and pension funding",1,3,1.1428571428571428,1.3846153846153846,,True
03,Republic of Buryatia,65,"Insurance, reinsurance and pension funding",0,0,1.0,1.0,,True
03,Republic of Buryatia,66,Auxiliary financial services,5,12,2.2857142857142856,2.769230769230769,1.2115384615384617,False
03,Republic of Buryatia,68,Real estate activities,7,13,24.142857142857142,20.687499999999996,0.856878698224852,False
03,Republic of Buryatia,69,Legal and accounting activities,7,13,8.714285714285715,9.384615384615385,1.0769230769230769,False
03,Republic of Buryatia,70,Management consultancy activities,7,13,4.428571428571429,6.615384615384615,1.4937965260545905,False
03,Republic of Buryatia,71,Architectural and engineering activities,7,13,6.857142857142857,8.0,1.1666666666666667,False
03,Republic of Buryatia,72,Scientific research and development,3,7,2.142857142857143,2.0,0.9333333333333333,False
03,Republic of Buryatia,73,Advertising and market research,7,13,13.714285714285714,25.53846153846154,1.8621794871794874,False
03,Republic of Buryatia,74,"Other professional, scientific and technical activities",7,13,6.571428571428571,8.923076923076923,1.3578595317725752,False
03,Republic of Buryatia,75,Veterinary activities,3,2,1.4285714285714286,1.1538461538461537,,True
03,Republic of Buryatia,77,Rental and leasing activities,7,13,5.428571428571429,5.230769230769231,0.9635627530364372,False
03,Republic of Buryatia,78,Employment activities,6,10,2.428571428571429,2.9230769230769234,1.2036199095022624,False
03,Republic of Buryatia,79,Travel agency and reservation services,7,13,5.571428571428571,6.076923076923077,1.0907297830374754,False
03,Republic of Buryatia,80,Security and investigation activities,3,8,1.4285714285714286,1.7692307692307692,1.2384615384615383,False
03,Republic of Buryatia,81,Services to buildings and landscape activities,7,13,5.714285714285714,6.384615384615385,1.1173076923076923,False
03,Republic of Buryatia,82,Office administrative and business support activities,7,13,17.0,14.0,0.8235294117647058,False
03,Republic of Buryatia,84,Public administration and defence; compulsory social security,2,3,1.2857142857142856,1.2307692307692308,,True
03,Republic of Buryatia,85,Education,7,13,10.857142857142858,9.307692307692308,0.8572874493927126,False
03,Republic of Buryatia,86,Human health activities,7,13,7.428571428571429,5.461538461538462,0.735207100591716,False
03,Republic of Buryatia,87,Residential care activities,2,2,1.2857142857142856,1.1538461538461537,,True
03,Republic of Buryatia,88,Social work activities without accommodation,5,6,2.142857142857143,2.3076923076923075,1.0769230769230769,False
03,Republic of Buryatia,90,"Creative, arts and entertainment activities",5,10,3.5714285714285716,3.0,0.84,False
03,Republic of Buryatia,91,"Libraries, archives, museums and other cultural activities",1,3,1.1428571428571428,1.2307692307692308,,True
03,Republic of Buryatia,92,Gambling and betting activities,1,2,1.1428571428571428,1.1538461538461537,,True
03,Republic of Buryatia,93,Sports activities and amusement and recreation,7,13,8.142857142857142,9.076923076923077,1.114709851551957,False
03,Republic of Buryatia,94,Activities of membership organisations,1,3,1.1428571428571428,1.2307692307692308,,True
03,Republic of Buryatia,95,"Repair of computers, personal and household goods",7,13,6.428571428571429,5.769230769230769,0.8974358974358974,False
03,Republic of Buryatia,96,Other personal service activities,7,13,26.714285714285715,30.923076923076923,1.1575483340189223,False
03,Republic of Buryatia,97,Activities of households as employers,0,0,1.0,1.0,,True
03,Republic of Buryatia,98,OKVED 98,0,0,1.0,1.0,,True
04,Republic of Altai,01,Crop and animal production,7,13,17.625,18.076923076923077,1.0256410256410255,False
04,Republic of Altai,02,Forestry and logging,4,13,3.0,2.3846153846153846,0.7948717948717948,False
04,Republic of Altai,03,Fishing and aquaculture,1,6,1.1428571428571428,1.8461538461538463,,True
04,Republic of Altai,05,Mining of coal and lignite,0,0,1.0,1.0,,True
04,Republic of Altai,07,OKVED 07,1,0,0.875,1.0,,True
04,Republic of Altai,08,Other mining and quarrying,1,4,1.1428571428571428,1.3076923076923077,,True
04,Republic of Altai,09,Mining support services,0,1,1.0,1.0769230769230769,,True
04,Republic of Altai,10,Manufacture of food products,7,11,5.285714285714286,4.153846153846153,0.7858627858627858,False
04,Republic of Altai,11,Manufacture of beverages,2,3,1.2857142857142856,1.2307692307692308,,True
04,Republic of Altai,13,Manufacture of textiles,2,5,1.5714285714285714,1.4615384615384617,,True
04,Republic of Altai,14,Manufacture of wearing apparel,4,7,1.8571428571428572,1.5384615384615383,0.8284023668639052,False
04,Republic of Altai,15,Manufacture of leather and related products,1,2,1.1428571428571428,1.1538461538461537,,True
04,Republic of Altai,16,Wood processing,4,8,2.0,2.0,1.0,False
04,Republic of Altai,18,Printing and reproduction of recorded media,0,2,1.0,1.1538461538461537,,True
04,Republic of Altai,19,Manufacture of coke and refined petroleum products,0,0,1.0,1.0,,True
04,Republic of Altai,20,Manufacture of chemicals and chemical products,3,1,1.5714285714285714,1.0769230769230769,,True
04,Republic of Altai,21,Manufacture of pharmaceutical products,0,0,1.0,1.0,,True
04,Republic of Altai,22,Manufacture of rubber and plastic products,0,1,1.0,1.0769230769230769,,True
04,Republic of Altai,23,Other non-metallic mineral products,2,6,1.5714285714285714,1.4615384615384617,,True
04,Republic of Altai,24,Manufacture of basic metals,0,0,1.0,1.0,,True
04,Republic of Altai,25,Manufacture of fabricated metal products,3,8,1.7142857142857144,2.0,1.1666666666666665,False
04,Republic of Altai,26,"Manufacture of computer, electronic and optical products",0,2,1.0,1.1538461538461537,,True
04,Republic of Altai,27,Manufacture of electrical equipment,0,0,1.0,1.0,,True
04,Republic of Altai,28,Manufacture of machinery and equipment n.e.c.,0,0,1.0,1.0,,True
04,Republic of Altai,29,Manufacture of motor vehicles and trailers,0,0,1.0,1.0,,True
04,Republic of Altai,30,Manufacture of other transport equipment,0,1,1.0,1.0769230769230769,,True
04,Republic of Altai,31,Manufacture of furniture,3,4,1.4285714285714286,1.3076923076923077,0.9153846153846154,False
04,Republic of Altai,32,Other manufacturing,3,7,1.4285714285714286,1.6153846153846154,1.1307692307692307,False
04,Republic of Altai,33,Repair and installation of machinery and equipment,2,4,1.2857142857142856,1.3076923076923077,,True
04,Republic of Altai,35,"Electricity, gas, steam and air conditioning supply",3,2,1.4285714285714286,1.1538461538461537,,True
04,Republic of Altai,36,"Water collection, treatment and supply",1,1,1.1428571428571428,1.0769230769230769,,True
04,Republic of Altai,37,Sewerage,2,2,1.4285714285714286,1.1538461538461537,,True
04,Republic of Altai,38,"Waste collection, treatment and disposal",0,4,1.0,1.3076923076923077,,True
04,Republic of Altai,39,Remediation activities,1,0,1.1428571428571428,1.0,,True
04,Republic of Altai,41,Construction of buildings,7,13,10.285714285714286,9.461538461538462,0.9198717948717948,False
04,Republic of Altai,42,Civil engineering,4,7,1.7142857142857144,1.5384615384615383,0.8974358974358972,False
04,Republic of Altai,43,Specialised construction activities,7,13,7.285714285714286,7.0,0.9607843137254902,False
04,Republic of Altai,45,Sale and repair of motor vehicles and motorcycles,7,13,4.571428571428571,4.071428571428572,0.8906250000000002,False
04,Republic of Altai,46,Wholesale trade,6,13,4.857142857142858,4.571428571428572,0.9411764705882353,False
04,Republic of Altai,47,Retail trade,7,13,48.285714285714285,35.27777777777778,0.7306048652202499,False
04,Republic of Altai,49,Land transport and pipeline transport,6,13,8.571428571428571,11.76923076923077,1.3730769230769233,False
04,Republic of Altai,50,Water transport,2,4,1.2857142857142856,1.3846153846153846,,True
04,Republic of Altai,51,Air transport,0,0,1.0,1.0,,True
04,Republic of Altai,52,Warehousing and transport support activities,6,9,2.571428571428571,2.230769230769231,0.8675213675213677,False
04,Republic of Altai,53,Postal and courier activities,2,6,1.2857142857142856,1.6923076923076923,,True
04,Republic of Altai,55,Accommodation,7,13,8.285714285714285,20.666666666666668,2.494252873563219,False
04,Republic of Altai,56,Food and beverage service activities,7,13,13.285714285714286,9.5,0.7150537634408601,False
04,Republic of Altai,58,Publishing activities,0,2,1.0,1.1538461538461537,,True
04,Republic of Altai,59,"Motion picture, video and television production",3,2,1.4285714285714286,1.1538461538461537,,True
04,Republic of Altai,60,Programming and broadcasting activities,0,0,1.0,1.0,,True
04,Republic of Altai,61,Telecommunications,0,1,1.0,1.0769230769230769,,True
04,Republic of Altai,62,"Computer programming, consultancy and related activities",7,10,2.428571428571429,3.3846153846153846,1.3936651583710407,False
04,Republic of Altai,63,Information service activities,3,11,1.4285714285714286,3.076923076923077,2.1538461538461537,False
04,Republic of Altai,64,"Financial service activities, except insurance and pension funding",0,1,1.0,1.0769230769230769,,True
04,Republic of Altai,66,Auxiliary financial services,1,3,1.1428571428571428,1.2307692307692308,,True
04,Republic of Altai,68,Real estate activities,7,13,5.857142857142857,9.538461538461538,1.628517823639775,False
04,Republic of Altai,69,Legal and accounting activities,7,12,2.857142857142857,2.9230769230769234,1.0230769230769232,False
04,Republic of Altai,70,Management consultancy activities,5,7,1.7142857142857144,1.6153846153846154,0.9423076923076923,False
04,Republic of Altai,71,Architectural and engineering activities,5,13,2.428571428571429,3.6153846153846154,1.4886877828054297,False
04,Republic of Altai,72,Scientific research and development,0,1,1.0,1.1538461538461537,,True
04,Republic of Altai,73,Advertising and market research,6,12,2.857142857142857,6.461538461538462,2.2615384615384615,False
04,Republic of Altai,74,"Other professional, scientific and technical activities",5,9,2.2857142857142856,4.6923076923076925,2.0528846153846154,False
04,Republic of Altai,75,Veterinary activities,0,4,1.0,1.3076923076923077,,True
04,Republic of Altai,77,Rental and leasing activities,4,10,1.8571428571428572,2.4615384615384617,1.3254437869822486,False
04,Republic of Altai,78,Employment activities,3,4,1.4285714285714286,1.3076923076923077,0.9153846153846154,False
04,Republic of Altai,79,Travel agency and reservation services,7,12,6.714285714285714,7.384615384615385,1.099836333878887,False
04,Republic of Altai,80,Security and investigation activities,2,4,1.2857142857142856,1.3846153846153846,,True
04,Republic of Altai,81,Services to buildings and landscape activities,6,7,2.142857142857143,1.7692307692307692,0.8256410256410256,False
04,Republic of Altai,82,Office administrative and business support activities,6,11,4.142857142857142,3.4615384615384617,0.8355437665782495,False
04,Republic of Altai,84,Public administration and defence; compulsory social security,0,0,1.0,1.0,,True
04,Republic of Altai,85,Education,7,9,3.142857142857143,2.0769230769230766,0.6608391608391607,False
04,Republic of Altai,86,Human health activities,4,7,2.142857142857143,1.7692307692307692,0.8256410256410256,False
04,Republic of Altai,88,Social work activities without accommodation,0,2,1.0,1.1538461538461537,,True
04,Republic of Altai,90,"Creative, arts and entertainment activities",4,5,1.5714285714285714,1.3846153846153846,0.8811188811188811,False
04,Republic of Altai,91,"Libraries, archives, museums and other cultural activities",0,2,1.0,1.2307692307692308,,True
04,Republic of Altai,93,Sports activities and amusement and recreation,5,11,2.571428571428571,2.3846153846153846,0.9273504273504274,False
04,Republic of Altai,94,Activities of membership organisations,1,0,1.2857142857142856,1.0,,True
04,Republic of Altai,95,"Repair of computers, personal and household goods",5,6,1.8571428571428572,1.6923076923076923,0.9112426035502958,False
04,Republic of Altai,96,Other personal service activities,7,13,6.0,6.3076923076923075,1.0512820512820513,False
05,Republic of Dagestan,01,Crop and animal production,7,13,124.28571428571429,123.61538461538461,0.9946065428824049,False
05,Republic of Dagestan,02,Forestry and logging,4,12,1.7142857142857144,3.1538461538461537,1.8397435897435896,False
05,Republic of Dagestan,03,Fishing and aquaculture,7,13,4.714285714285714,4.461538461538462,0.9463869463869464,False
05,Republic of Dagestan,06,Extraction of crude petroleum and natural gas,3,4,1.5714285714285714,1.2857142857142858,0.8181818181818182,False
05,Republic of Dagestan,07,OKVED 07,0,3,1.0,1.2307692307692308,,True
05,Republic of Dagestan,08,Other mining and quarrying,7,13,5.428571428571429,5.230769230769231,0.9635627530364372,False
05,Republic of Dagestan,09,Mining support services,1,0,1.1428571428571428,1.0,,True
05,Republic of Dagestan,10,Manufacture of food products,7,13,26.0,41.85714285714286,1.60989010989011,False
05,Republic of Dagestan,11,Manufacture of beverages,4,11,2.142857142857143,3.6153846153846154,1.6871794871794872,False
05,Republic of Dagestan,12,Manufacture of tobacco products,0,1,1.0,1.0769230769230769,,True
05,Republic of Dagestan,13,Manufacture of textiles,7,13,3.5714285714285716,6.0,1.68,False
05,Republic of Dagestan,14,Manufacture of wearing apparel,7,13,8.571428571428571,30.46153846153846,3.5538461538461537,False
05,Republic of Dagestan,15,Manufacture of leather and related products,7,13,5.714285714285714,5.538461538461538,0.9692307692307692,False
05,Republic of Dagestan,16,Wood processing,6,13,4.142857142857142,5.461538461538462,1.3183023872679047,False
05,Republic of Dagestan,17,Manufacture of paper and paper products,2,7,1.4285714285714286,1.6153846153846154,,True
05,Republic of Dagestan,18,Printing and reproduction of recorded media,3,11,2.142857142857143,2.6923076923076925,1.2564102564102566,False
05,Republic of Dagestan,19,Manufacture of coke and refined petroleum products,1,2,1.1428571428571428,1.1538461538461537,,True
05,Republic of Dagestan,20,Manufacture of chemicals and chemical products,6,11,3.142857142857143,2.9230769230769234,0.9300699300699302,False
05,Republic of Dagestan,21,Manufacture of pharmaceutical products,5,2,2.0,1.1538461538461537,,True
05,Republic of Dagestan,22,Manufacture of rubber and plastic products,7,13,5.285714285714286,6.230769230769231,1.178794178794179,False
05,Republic of Dagestan,23,Other non-metallic mineral products,7,13,9.142857142857142,9.5,1.0390625,False
05,Republic of Dagestan,24,Manufacture of basic metals,1,2,1.2857142857142856,1.1538461538461537,,True
05,Republic of Dagestan,25,Manufacture of fabricated metal products,7,13,7.857142857142857,7.461538461538462,0.9496503496503497,False
05,Republic of Dagestan,26,"Manufacture of computer, electronic and optical products",2,2,1.2857142857142856,1.1538461538461537,,True
05,Republic of Dagestan,27,Manufacture of electrical equipment,0,4,1.0,1.4615384615384617,,True
05,Republic of Dagestan,28,Manufacture of machinery and equipment n.e.c.,5,9,2.142857142857143,2.0769230769230766,0.9692307692307691,False
05,Republic of Dagestan,29,Manufacture of motor vehicles and trailers,2,4,1.4285714285714286,1.3076923076923077,,True
05,Republic of Dagestan,30,Manufacture of other transport equipment,0,3,1.0,1.2307692307692308,,True
05,Republic of Dagestan,31,Manufacture of furniture,7,13,9.142857142857142,11.692307692307692,1.2788461538461537,False
05,Republic of Dagestan,32,Other manufacturing,7,13,7.428571428571429,6.769230769230769,0.9112426035502958,False
05,Republic of Dagestan,33,Repair and installation of machinery and equipment,6,13,6.142857142857143,8.846153846153847,1.4400715563506261,False
05,Republic of Dagestan,35,"Electricity, gas, steam and air conditioning supply",5,7,2.142857142857143,1.6153846153846154,0.7538461538461538,False
05,Republic of Dagestan,36,"Water collection, treatment and supply",1,5,1.2857142857142856,1.5384615384615383,,True
05,Republic of Dagestan,37,Sewerage,1,2,1.1428571428571428,1.2307692307692308,,True
05,Republic of Dagestan,38,"Waste collection, treatment and disposal",6,10,2.142857142857143,2.9230769230769234,1.3641025641025644,False
05,Republic of Dagestan,39,Remediation activities,0,0,1.0,1.0,,True
05,Republic of Dagestan,41,Construction of buildings,7,13,96.42857142857143,100.84615384615384,1.0458119658119658,False
05,Republic of Dagestan,42,Civil engineering,7,13,13.571428571428571,11.0,0.8105263157894737,False
05,Republic of Dagestan,43,Specialised construction activities,7,13,38.77777777777778,61.84615384615385,1.5948864888692968,False
05,Republic of Dagestan,45,Sale and repair of motor vehicles and motorcycles,7,13,45.714285714285715,51.5,1.1265625,False
05,Republic of Dagestan,46,Wholesale trade,7,13,76.77777777777779,77.52631578947367,1.009749409703709,False
05,Republic of Dagestan,47,Retail trade,7,13,735.3,444.8333333333333,0.6049684935853846,False
05,Republic of Dagestan,49,Land transport and pipeline transport,7,13,166.0,202.14285714285714,1.2177280550774527,False
05,Republic of Dagestan,50,Water transport,3,7,1.8571428571428572,1.9230769230769231,1.0355029585798816,False
05,Republic of Dagestan,51,Air transport,0,1,1.0,1.0769230769230769,,True
05,Republic of Dagestan,52,Warehousing and transport support activities,7,13,12.0,12.800000000000002,1.0666666666666669,False
05,Republic of Dagestan,53,Postal and courier activities,7,13,5.714285714285714,9.857142857142858,1.725,False
05,Republic of Dagestan,55,Accommodation,7,13,20.857142857142858,18.23076923076923,0.8740779768177028,False
05,Republic of Dagestan,56,Food and beverage service activities,7,13,92.85714285714286,95.4375,1.0277884615384616,False
05,Republic of Dagestan,58,Publishing activities,5,7,1.7142857142857144,2.230769230769231,1.3012820512820513,False
05,Republic of Dagestan,59,"Motion picture, video and television production",6,13,3.4285714285714284,3.923076923076923,1.1442307692307692,False
05,Republic of Dagestan,60,Programming and broadcasting activities,1,3,1.1428571428571428,1.2307692307692308,,True
05,Republic of Dagestan,61,Telecommunications,6,13,4.857142857142858,3.4615384615384617,0.7126696832579185,False
05,Republic of Dagestan,62,"Computer programming, consultancy and related activities",7,13,21.571428571428573,27.615384615384617,1.280183392766174,False
05,Republic of Dagestan,63,Information service activities,7,13,6.857142857142857,12.285714285714285,1.7916666666666665,False
05,Republic of Dagestan,64,"Financial service activities, except insurance and pension funding",7,10,3.7142857142857144,2.769230769230769,0.7455621301775147,False
05,Republic of Dagestan,65,"Insurance, reinsurance and pension funding",0,0,1.0,1.0,,True
05,Republic of Dagestan,66,Auxiliary financial services,7,13,3.142857142857143,5.538461538461538,1.7622377622377623,False
05,Republic of Dagestan,68,Real estate activities,7,13,51.75000000000001,55.714285714285715,1.0766045548654244,False
05,Republic of Dagestan,69,Legal and accounting activities,7,13,14.714285714285714,18.76923076923077,1.2755787901418971,False
05,Republic of Dagestan,70,Management consultancy activities,7,13,10.285714285714286,12.23076923076923,1.1891025641025639,False
05,Republic of Dagestan,71,Architectural and engineering activities,7,13,12.142857142857142,10.923076923076923,0.8995475113122172,False
05,Republic of Dagestan,72,Scientific research and development,5,8,1.7142857142857144,1.9230769230769231,1.1217948717948718,False
05,Republic of Dagestan,73,Advertising and market research,7,13,16.857142857142858,28.500000000000004,1.690677966101695,False
05,Republic of Dagestan,74,"Other professional, scientific and technical activities",7,13,7.285714285714286,24.692307692307693,3.389140271493213,False
05,Republic of Dagestan,75,Veterinary activities,2,7,1.2857142857142856,1.6153846153846154,,True
05,Republic of Dagestan,77,Rental and leasing activities,7,13,11.428571428571429,13.076923076923077,1.1442307692307692,False
05,Republic of Dagestan,78,Employment activities,6,12,4.714285714285714,4.461538461538462,0.9463869463869464,False
05,Republic of Dagestan,79,Travel agency and reservation services,7,13,15.571428571428571,12.307692307692308,0.7904022582921666,False
05,Republic of Dagestan,80,Security and investigation activities,7,11,3.4285714285714284,2.5384615384615383,0.7403846153846154,False
05,Republic of Dagestan,81,Services to buildings and landscape activities,7,13,10.428571428571429,80.61538461538461,7.730242360379346,False
05,Republic of Dagestan,82,Office administrative and business support activities,7,13,6.428571428571429,15.142857142857142,2.355555555555555,False
05,Republic of Dagestan,84,Public administration and defence; compulsory social security,2,4,1.2857142857142856,1.3076923076923077,,True
05,Republic of Dagestan,85,Education,7,13,13.428571428571429,14.571428571428571,1.0851063829787233,False
05,Republic of Dagestan,86,Human health activities,7,13,18.571428571428573,20.076923076923077,1.0810650887573963,False
05,Republic of Dagestan,87,Residential care activities,1,3,1.2857142857142856,1.2307692307692308,,True
05,Republic of Dagestan,88,Social work activities without accommodation,6,12,4.0,19.76923076923077,4.9423076923076925,False
05,Republic of Dagestan,90,"Creative, arts and entertainment activities",6,12,2.857142857142857,4.6923076923076925,1.6423076923076922,False
05,Republic of Dagestan,91,"Libraries, archives, museums and other cultural activities",3,6,1.4285714285714286,1.6153846153846154,1.1307692307692307,False
05,Republic of Dagestan,92,Gambling and betting activities,2,5,1.2857142857142856,1.3846153846153846,,True
05,Republic of Dagestan,93,Sports activities and amusement and recreation,7,13,12.428571428571429,19.076923076923077,1.5349248452696729,False
05,Republic of Dagestan,94,Activities of membership organisations,3,8,1.8571428571428572,2.0,1.0769230769230769,False
05,Republic of Dagestan,95,"Repair of computers, personal and household goods",7,13,9.0,18.615384615384617,2.0683760683760686,False
05,Republic of Dagestan,96,Other personal service activities,7,13,34.0,50.0,1.4705882352941178,False
05,Republic of Dagestan,97,Activities of households as employers,1,2,1.1428571428571428,1.3076923076923077,,True
05,Republic of Dagestan,98,OKVED 98,0,1,1.0,1.0769230769230769,,True
06,Republic of Ingushetia,01,Crop and animal production,7,13,19.285714285714285,15.384615384615385,0.7977207977207977,False
06,Republic of Ingushetia,02,Forestry and logging,5,3,1.7142857142857144,1.2307692307692308,0.717948717948718,False
06,Republic of Ingushetia,03,Fishing and aquaculture,0,0,1.0,1.0,,True
06,Republic of Ingushetia,05,Mining of coal and lignite,0,1,1.0,1.0769230769230769,,True
06,Republic of Ingushetia,06,Extraction of crude petroleum and natural gas,0,1,1.0,1.0769230769230769,,True
06,Republic of Ingushetia,07,OKVED 07,2,4,1.2857142857142856,1.3076923076923077,,True
06,Republic of Ingushetia,08,Other mining and quarrying,1,2,1.1428571428571428,1.2307692307692308,,True
06,Republic of Ingushetia,09,Mining support services,0,0,1.0,1.0,,True
06,Republic of Ingushetia,10,Manufacture of food products,5,11,3.857142857142857,4.538461538461538,1.1766381766381766,False
06,Republic of Ingushetia,11,Manufacture of beverages,4,3,1.5714285714285714,1.3076923076923077,0.8321678321678322,False
06,Republic of Ingushetia,13,Manufacture of textiles,2,2,1.4285714285714286,1.1538461538461537,,True
06,Republic of Ingushetia,14,Manufacture of wearing apparel,2,5,1.2857142857142856,1.6153846153846154,,True
06,Republic of Ingushetia,15,Manufacture of leather and related products,0,0,1.0,1.0,,True
06,Republic of Ingushetia,16,Wood processing,4,4,1.5714285714285714,1.5384615384615383,0.979020979020979,False
06,Republic of Ingushetia,17,Manufacture of paper and paper products,0,2,1.0,1.1538461538461537,,True
06,Republic of Ingushetia,18,Printing and reproduction of recorded media,0,2,1.0,1.1538461538461537,,True
06,Republic of Ingushetia,19,Manufacture of coke and refined petroleum products,0,1,1.0,1.0769230769230769,,True
06,Republic of Ingushetia,20,Manufacture of chemicals and chemical products,2,1,1.2857142857142856,1.0769230769230769,,True
06,Republic of Ingushetia,21,Manufacture of pharmaceutical products,0,0,1.0,1.0,,True
06,Republic of Ingushetia,22,Manufacture of rubber and plastic products,1,5,1.1428571428571428,1.5384615384615383,,True
06,Republic of Ingushetia,23,Other non-metallic mineral products,2,6,1.4285714285714286,1.4615384615384617,,True
06,Republic of Ingushetia,24,Manufacture of basic metals,1,0,1.1428571428571428,1.0,,True
06,Republic of Ingushetia,25,Manufacture of fabricated metal products,3,4,1.5714285714285714,1.3846153846153846,0.8811188811188811,False
06,Republic of Ingushetia,26,"Manufacture of computer, electronic and optical products",0,1,1.0,1.0769230769230769,,True
06,Republic of Ingushetia,27,Manufacture of electrical equipment,0,0,1.0,1.0,,True
06,Republic of Ingushetia,28,Manufacture of machinery and equipment n.e.c.,0,0,1.0,1.0,,True
06,Republic of Ingushetia,29,Manufacture of motor vehicles and trailers,0,1,1.0,1.0769230769230769,,True
06,Republic of Ingushetia,30,Manufacture of other transport equipment,0,0,1.0,1.0,,True
06,Republic of Ingushetia,31,Manufacture of furniture,2,6,1.8571428571428572,2.0,,True
06,Republic of Ingushetia,32,Other manufacturing,2,5,1.2857142857142856,1.3846153846153846,,True
06,Republic of Ingushetia,33,Repair and installation of machinery and equipment,2,6,1.4285714285714286,1.6923076923076923,,True
06,Republic of Ingushetia,35,"Electricity, gas, steam and air conditioning supply",1,1,1.1428571428571428,1.0769230769230769,,True
06,Republic of Ingushetia,36,"Water collection, treatment and supply",1,1,1.1428571428571428,1.0769230769230769,,True
06,Republic of Ingushetia,37,Sewerage,0,2,1.0,1.1538461538461537,,True
06,Republic of Ingushetia,38,"Waste collection, treatment and disposal",4,3,2.0,1.2307692307692308,0.6153846153846154,False
06,Republic of Ingushetia,41,Construction of buildings,7,13,24.250000000000004,29.23076923076923,1.2053925455987309,False
06,Republic of Ingushetia,42,Civil engineering,5,10,2.142857142857143,2.1538461538461537,1.005128205128205,False
06,Republic of Ingushetia,43,Specialised construction activities,7,13,14.142857142857142,16.53846153846154,1.1693861693861696,False
06,Republic of Ingushetia,45,Sale and repair of motor vehicles and motorcycles,7,13,5.0,6.538461538461538,1.3076923076923077,False
06,Republic of Ingushetia,46,Wholesale trade,7,13,15.285714285714286,16.076923076923077,1.05176132278936,False
06,Republic of Ingushetia,47,Retail trade,7,13,67.28571428571429,89.76923076923077,1.3341499265066143,False
06,Republic of Ingushetia,49,Land transport and pipeline transport,7,13,11.714285714285714,16.23076923076923,1.3855534709193247,False
06,Republic of Ingushetia,50,Water transport,0,1,1.0,1.0769230769230769,,True
06,Republic of Ingushetia,51,Air transport,0,0,1.0,1.0,,True
06,Republic of Ingushetia,52,Warehousing and transport support activities,5,10,2.142857142857143,2.8461538461538463,1.3282051282051284,False
06,Republic of Ingushetia,53,Postal and courier activities,2,10,1.4285714285714286,1.9230769230769231,,True
06,Republic of Ingushetia,55,Accommodation,5,8,1.7142857142857144,2.1538461538461537,1.2564102564102562,False
06,Republic of Ingushetia,56,Food and beverage service activities,7,13,8.428571428571429,10.461538461538462,1.2411994784876141,False
06,Republic of Ingushetia,58,Publishing activities,1,1,1.1428571428571428,1.0769230769230769,,True
06,Republic of Ingushetia,59,"Motion picture, video and television production",3,4,1.4285714285714286,1.4615384615384617,1.0230769230769232,False
06,Republic of Ingushetia,60,Programming and broadcasting activities,0,0,1.0,1.0,,True
06,Republic of Ingushetia,61,Telecommunications,1,3,1.1428571428571428,1.3076923076923077,,True
06,Republic of Ingushetia,62,"Computer programming, consultancy and related activities",6,12,4.428571428571429,4.6923076923076925,1.0595533498759304,False
06,Republic of Ingushetia,63,Information service activities,6,10,2.428571428571429,2.8461538461538463,1.171945701357466,False
06,Republic of Ingushetia,64,"Financial service activities, except insurance and pension funding",5,4,2.857142857142857,1.3076923076923077,0.4576923076923077,False
06,Republic of Ingushetia,66,Auxiliary financial services,1,5,1.1428571428571428,1.6153846153846154,,True
06,Republic of Ingushetia,68,Real estate activities,7,13,4.714285714285714,5.461538461538462,1.1585081585081585,False
06,Republic of Ingushetia,69,Legal and accounting activities,4,13,2.7142857142857144,3.5384615384615383,1.3036437246963561,False
06,Republic of Ingushetia,70,Management consultancy activities,2,10,1.2857142857142856,2.0,,True
06,Republic of Ingushetia,71,Architectural and engineering activities,4,6,2.0,1.6923076923076923,0.8461538461538461,False
06,Republic of Ingushetia,72,Scientific research and development,1,0,1.1428571428571428,1.0,,True
06,Republic of Ingushetia,73,Advertising and market research,7,11,3.142857142857143,5.153846153846154,1.63986013986014,False
06,Republic of Ingushetia,74,"Other professional, scientific and technical activities",3,7,1.4285714285714286,2.1538461538461537,1.5076923076923077,False
06,Republic of Ingushetia,75,Veterinary activities,0,0,1.0,1.0,,True
06,Republic of Ingushetia,77,Rental and leasing activities,5,10,2.142857142857143,2.5384615384615383,1.1846153846153846,False
06,Republic of Ingushetia,78,Employment activities,3,6,1.8571428571428572,1.4615384615384617,0.7869822485207101,False
06,Republic of Ingushetia,79,Travel agency and reservation services,5,10,2.2857142857142856,2.230769230769231,0.9759615384615385,False
06,Republic of Ingushetia,80,Security and investigation activities,1,4,1.2857142857142856,1.3846153846153846,,True
06,Republic of Ingushetia,81,Services to buildings and landscape activities,2,9,1.5714285714285714,2.4615384615384617,,True
06,Republic of Ingushetia,82,Office administrative and business support activities,6,9,2.0,2.230769230769231,1.1153846153846154,False
06,Republic of Ingushetia,84,Public administration and defence; compulsory social security,0,0,1.0,1.0,,True
06,Republic of Ingushetia,85,Education,5,12,2.428571428571429,3.6153846153846154,1.4886877828054297,False
06,Republic of Ingushetia,86,Human health activities,6,11,4.571428571428571,3.6923076923076925,0.8076923076923078,False
06,Republic of Ingushetia,87,Residential care activities,1,2,1.1428571428571428,1.1538461538461537,,True
06,Republic of Ingushetia,88,Social work activities without accommodation,1,3,1.1428571428571428,1.3076923076923077,,True
06,Republic of Ingushetia,90,"Creative, arts and entertainment activities",5,6,1.8571428571428572,1.6923076923076923,0.9112426035502958,False
06,Republic of Ingushetia,91,"Libraries, archives, museums and other cultural activities",1,0,1.1428571428571428,1.0,,True
06,Republic of Ingushetia,92,Gambling and betting activities,0,1,1.0,1.0769230769230769,,True
06,Republic of Ingushetia,93,Sports activities and amusement and recreation,7,7,3.0,2.4615384615384617,0.8205128205128206,False
06,Republic of Ingushetia,94,Activities of membership organisations,1,2,1.1428571428571428,1.1538461538461537,,True
06,Republic of Ingushetia,95,"Repair of computers, personal and household goods",6,8,2.0,2.3076923076923075,1.1538461538461537,False
06,Republic of Ingushetia,96,Other personal service activities,5,13,2.7142857142857144,4.230769230769231,1.5587044534412955,False
07,Kabardino-Balkar Republic,01,Crop and animal production,7,13,45.25,56.30769230769231,1.2443688907777306,False
07,Kabardino-Balkar Republic,02,Forestry and logging,1,8,1.1428571428571428,2.0,,True
07,Kabardino-Balkar Republic,03,Fishing and aquaculture,2,8,1.5714285714285714,1.9230769230769231,,True
07,Kabardino-Balkar Republic,06,Extraction of crude petroleum and natural gas,0,0,1.0,1.0,,True
07,Kabardino-Balkar Republic,07,OKVED 07,0,0,1.0,1.0,,True
07,Kabardino-Balkar Republic,08,Other mining and quarrying,2,4,1.4285714285714286,1.3076923076923077,,True
07,Kabardino-Balkar Republic,10,Manufacture of food products,7,13,11.857142857142858,18.0,1.5180722891566265,False
07,Kabardino-Balkar Republic,11,Manufacture of beverages,4,9,1.5714285714285714,1.7692307692307692,1.1258741258741258,False
07,Kabardino-Balkar Republic,12,Manufacture of tobacco products,0,0,1.0,1.0,,True
07,Kabardino-Balkar Republic,13,Manufacture of textiles,6,9,2.2857142857142856,2.0769230769230766,0.908653846153846,False
07,Kabardino-Balkar Republic,14,Manufacture of wearing apparel,7,13,5.571428571428571,6.230769230769231,1.1183431952662723,False
07,Kabardino-Balkar Republic,15,Manufacture of leather and related products,2,4,1.2857142857142856,1.3076923076923077,,True
07,Kabardino-Balkar Republic,16,Wood processing,6,6,2.571428571428571,1.6153846153846154,0.6282051282051283,False
07,Kabardino-Balkar Republic,17,Manufacture of paper and paper products,3,2,1.4285714285714286,1.1538461538461537,,True
07,Kabardino-Balkar Republic,18,Printing and reproduction of recorded media,0,6,1.0,1.6428571428571428,,True
07,Kabardino-Balkar Republic,19,Manufacture of coke and refined petroleum products,0,0,1.0,1.0,,True
07,Kabardino-Balkar Republic,20,Manufacture of chemicals and chemical products,4,6,1.8571428571428572,1.8461538461538463,0.9940828402366864,False
07,Kabardino-Balkar Republic,21,Manufacture of pharmaceutical products,1,1,1.1428571428571428,1.0769230769230769,,True
07,Kabardino-Balkar Republic,22,Manufacture of rubber and plastic products,4,10,2.7142857142857144,2.0769230769230766,0.7651821862348177,False
07,Kabardino-Balkar Republic,23,Other non-metallic mineral products,7,9,3.5714285714285716,2.3076923076923075,0.6461538461538461,False
07,Kabardino-Balkar Republic,24,Manufacture of basic metals,0,1,1.0,1.0769230769230769,,True
07,Kabardino-Balkar Republic,25,Manufacture of fabricated metal products,7,13,3.142857142857143,3.3846153846153846,1.0769230769230769,False
07,Kabardino-Balkar Republic,26,"Manufacture of computer, electronic and optical products",0,2,1.0,1.1538461538461537,,True
07,Kabardino-Balkar Republic,27,Manufacture of electrical equipment,0,1,1.0,1.0769230769230769,,True
07,Kabardino-Balkar Republic,28,Manufacture of machinery and equipment n.e.c.,0,5,1.0,1.4615384615384617,,True
07,Kabardino-Balkar Republic,29,Manufacture of motor vehicles and trailers,0,2,1.0,1.1538461538461537,,True
07,Kabardino-Balkar Republic,30,Manufacture of other transport equipment,2,0,1.2857142857142856,1.0,,True
07,Kabardino-Balkar Republic,31,Manufacture of furniture,5,12,3.857142857142857,2.8461538461538463,0.7378917378917379,False
07,Kabardino-Balkar Republic,32,Other manufacturing,5,9,2.571428571428571,2.230769230769231,0.8675213675213677,False
07,Kabardino-Balkar Republic,33,Repair and installation of machinery and equipment,4,9,1.7142857142857144,2.3076923076923075,1.346153846153846,False
07,Kabardino-Balkar Republic,35,"Electricity, gas, steam and air conditioning supply",3,1,1.25,1.0769230769230769,,True
07,Kabardino-Balkar Republic,36,"Water collection, treatment and supply",0,0,1.0,1.0,,True
07,Kabardino-Balkar Republic,37,Sewerage,0,0,1.0,1.0,,True
07,Kabardino-Balkar Republic,38,"Waste collection, treatment and disposal",3,9,1.7142857142857144,2.0,1.1666666666666665,False
07,Kabardino-Balkar Republic,39,Remediation activities,0,0,1.0,1.0,,True
07,Kabardino-Balkar Republic,41,Construction of buildings,7,13,25.857142857142858,20.53846153846154,0.7943051423714408,False
07,Kabardino-Balkar Republic,42,Civil engineering,7,11,3.142857142857143,2.9230769230769234,0.9300699300699302,False
07,Kabardino-Balkar Republic,43,Specialised construction activities,7,13,18.285714285714285,16.307692307692307,0.891826923076923,False
07,Kabardino-Balkar Republic,45,Sale and repair of motor vehicles and motorcycles,7,13,13.142857142857142,12.428571428571429,0.9456521739130436,False
07,Kabardino-Balkar Republic,46,Wholesale trade,7,13,44.57142857142857,35.38461538461539,0.7938856015779093,False
07,Kabardino-Balkar Republic,47,Retail trade,7,13,220.75,178.8235294117647,0.8100726134168276,False
07,Kabardino-Balkar Republic,49,Land transport and pipeline transport,7,13,66.85714285714286,66.0,0.9871794871794871,False
07,Kabardino-Balkar Republic,50,Water transport,0,0,1.0,1.0,,True
07,Kabardino-Balkar Republic,51,Air transport,1,0,1.1428571428571428,1.0,,True
07,Kabardino-Balkar Republic,52,Warehousing and transport support activities,7,13,8.285714285714285,7.214285714285714,0.8706896551724139,False
07,Kabardino-Balkar Republic,53,Postal and courier activities,4,13,2.142857142857143,4.384615384615385,2.0461538461538464,False
07,Kabardino-Balkar Republic,55,Accommodation,7,13,12.285714285714286,11.615384615384615,0.9454382826475849,False
07,Kabardino-Balkar Republic,56,Food and beverage service activities,7,13,27.714285714285715,29.307692307692307,1.0574940523394132,False
07,Kabardino-Balkar Republic,58,Publishing activities,2,3,1.2857142857142856,1.2307692307692308,,True
07,Kabardino-Balkar Republic,59,"Motion picture, video and television production",5,8,2.0,2.0,1.0,False
07,Kabardino-Balkar Republic,60,Programming and broadcasting activities,0,0,1.0,1.0,,True
07,Kabardino-Balkar Republic,61,Telecommunications,4,5,1.5714285714285714,1.5384615384615383,0.979020979020979,False
07,Kabardino-Balkar Republic,62,"Computer programming, consultancy and related activities",7,13,8.571428571428571,8.0,0.9333333333333333,False
07,Kabardino-Balkar Republic,63,Information service activities,6,13,3.142857142857143,5.461538461538462,1.737762237762238,False
07,Kabardino-Balkar Republic,64,"Financial service activities, except insurance and pension funding",1,5,1.1428571428571428,2.1538461538461537,,True
07,Kabardino-Balkar Republic,65,"Insurance, reinsurance and pension funding",1,0,1.1428571428571428,1.0,,True
07,Kabardino-Balkar Republic,66,Auxiliary financial services,3,10,1.5714285714285714,2.3846153846153846,1.5174825174825175,False
07,Kabardino-Balkar Republic,68,Real estate activities,7,13,12.857142857142858,17.0,1.3222222222222222,False
07,Kabardino-Balkar Republic,69,Legal and accounting activities,7,13,4.857142857142858,5.538461538461538,1.1402714932126696,False
07,Kabardino-Balkar Republic,70,Management consultancy activities,7,12,3.142857142857143,3.6153846153846154,1.1503496503496504,False
07,Kabardino-Balkar Republic,71,Architectural and engineering activities,6,12,6.285714285714286,4.384615384615385,0.6975524475524476,False
07,Kabardino-Balkar Republic,72,Scientific research and development,2,5,1.2857142857142856,1.3846153846153846,,True
07,Kabardino-Balkar Republic,73,Advertising and market research,7,13,9.428571428571429,28.692307692307693,3.043123543123543,False
07,Kabardino-Balkar Republic,74,"Other professional, scientific and technical activities",5,13,3.142857142857143,5.846153846153846,1.86013986013986,False
07,Kabardino-Balkar Republic,75,Veterinary activities,0,2,1.0,1.1538461538461537,,True
07,Kabardino-Balkar Republic,77,Rental and leasing activities,7,11,4.142857142857142,4.384615384615385,1.0583554376657827,False
07,Kabardino-Balkar Republic,78,Employment activities,2,8,1.7142857142857144,2.0769230769230766,,True
07,Kabardino-Balkar Republic,79,Travel agency and reservation services,6,12,4.571428571428571,4.076923076923077,0.891826923076923,False
07,Kabardino-Balkar Republic,80,Security and investigation activities,6,5,2.0,1.3846153846153846,0.6923076923076923,False
07,Kabardino-Balkar Republic,81,Services to buildings and landscape activities,7,13,3.857142857142857,4.615384615384615,1.1965811965811965,False
07,Kabardino-Balkar Republic,82,Office administrative and business support activities,7,13,3.7142857142857144,5.461538461538462,1.470414201183432,False
07,Kabardino-Balkar Republic,84,Public administration and defence; compulsory social security,0,2,1.0,1.1538461538461537,,True
07,Kabardino-Balkar Republic,85,Education,7,13,4.285714285714286,7.3076923076923075,1.705128205128205,False
07,Kabardino-Balkar Republic,86,Human health activities,7,13,7.285714285714286,6.230769230769231,0.8552036199095023,False
07,Kabardino-Balkar Republic,87,Residential care activities,0,0,1.0,1.0,,True
07,Kabardino-Balkar Republic,88,Social work activities without accommodation,1,6,1.1428571428571428,1.6923076923076923,,True
07,Kabardino-Balkar Republic,90,"Creative, arts and entertainment activities",5,9,2.428571428571429,2.1538461538461537,0.8868778280542985,False
07,Kabardino-Balkar Republic,91,"Libraries, archives, museums and other cultural activities",0,1,1.0,1.0769230769230769,,True
07,Kabardino-Balkar Republic,92,Gambling and betting activities,0,0,1.0,1.0,,True
07,Kabardino-Balkar Republic,93,Sports activities and amusement and recreation,7,12,6.714285714285714,5.384615384615385,0.8019639934533552,False
07,Kabardino-Balkar Republic,94,Activities of membership organisations,1,3,1.1428571428571428,1.2307692307692308,,True
07,Kabardino-Balkar Republic,95,"Repair of computers, personal and household goods",7,13,4.142857142857142,5.153846153846154,1.244031830238727,False
07,Kabardino-Balkar Republic,96,Other personal service activities,7,13,14.857142857142858,24.0,1.6153846153846154,False
07,Kabardino-Balkar Republic,97,Activities of households as employers,2,3,1.2857142857142856,1.2307692307692308,,True
07,Kabardino-Balkar Republic,98,OKVED 98,0,2,1.0,1.1538461538461537,,True
08,Republic of Kalmykia,01,Crop and animal production,7,13,32.85714285714286,29.46153846153846,0.8966555183946486,False
08,Republic of Kalmykia,02,Forestry and logging,2,3,1.2857142857142856,1.2307692307692308,,True
08,Republic of Kalmykia,03,Fishing and aquaculture,2,3,1.2857142857142856,1.3076923076923077,,True
08,Republic of Kalmykia,05,Mining of coal and lignite,0,0,1.0,1.0,,True
08,Republic of Kalmykia,06,Extraction of crude petroleum and natural gas,0,2,1.0,1.1538461538461537,,True
08,Republic of Kalmykia,08,Other mining and quarrying,1,2,1.1428571428571428,1.1538461538461537,,True
08,Republic of Kalmykia,09,Mining support services,0,1,1.0,1.0769230769230769,,True
08,Republic of Kalmykia,10,Manufacture of food products,7,13,3.5714285714285716,4.214285714285714,1.18,False
08,Republic of Kalmykia,11,Manufacture of beverages,0,1,1.0,1.0769230769230769,,True
08,Republic of Kalmykia,13,Manufacture of textiles,2,3,1.2857142857142856,1.3846153846153846,,True
08,Republic of Kalmykia,14,Manufacture of wearing apparel,7,13,3.857142857142857,4.230769230769231,1.0968660968660968,False
08,Republic of Kalmykia,15,Manufacture of leather and related products,1,4,1.1428571428571428,1.5384615384615383,,True
08,Republic of Kalmykia,16,Wood processing,3,7,1.5714285714285714,1.8461538461538463,1.174825174825175,False
08,Republic of Kalmykia,17,Manufacture of paper and paper products,1,3,1.1428571428571428,1.3846153846153846,,True
08,Republic of Kalmykia,18,Printing and reproduction of recorded media,5,6,1.7142857142857144,1.6153846153846154,0.9423076923076923,False
08,Republic of Kalmykia,19,Manufacture of coke and refined petroleum products,0,0,1.0,1.0,,True
08,Republic of Kalmykia,20,Manufacture of chemicals and chemical products,4,2,1.8571428571428572,1.2307692307692308,,True
08,Republic of Kalmykia,21,Manufacture of pharmaceutical products,0,0,1.0,1.0,,True
08,Republic of Kalmykia,22,Manufacture of rubber and plastic products,3,8,1.4285714285714286,1.5,1.05,False
08,Republic of Kalmykia,23,Other non-metallic mineral products,6,8,2.2857142857142856,1.8461538461538463,0.8076923076923078,False
08,Republic of Kalmykia,24,Manufacture of basic metals,0,0,1.0,1.0,,True
08,Republic of Kalmykia,25,Manufacture of fabricated metal products,5,9,2.2857142857142856,2.230769230769231,0.9759615384615385,False
08,Republic of Kalmykia,26,"Manufacture of computer, electronic and optical products",0,1,1.0,1.0769230769230769,,True
08,Republic of Kalmykia,27,Manufacture of electrical equipment,1,2,1.1428571428571428,1.1538461538461537,,True
08,Republic of Kalmykia,28,Manufacture of machinery and equipment n.e.c.,2,2,1.2857142857142856,1.1538461538461537,,True
08,Republic of Kalmykia,29,Manufacture of motor vehicles and trailers,0,1,1.0,1.0769230769230769,,True
08,Republic of Kalmykia,30,Manufacture of other transport equipment,0,2,1.0,1.1538461538461537,,True
08,Republic of Kalmykia,31,Manufacture of furniture,3,8,1.5714285714285714,1.9230769230769231,1.2237762237762237,False
08,Republic of Kalmykia,32,Other manufacturing,4,9,1.5714285714285714,2.1538461538461537,1.3706293706293706,False
08,Republic of Kalmykia,33,Repair and installation of machinery and equipment,3,11,1.8571428571428572,2.230769230769231,1.2011834319526626,False
08,Republic of Kalmykia,35,"Electricity, gas, steam and air conditioning supply",2,0,1.2857142857142856,1.0,,True
08,Republic of Kalmykia,36,"Water collection, treatment and supply",0,0,1.0,1.0,,True
08,Republic of Kalmykia,37,Sewerage,0,1,1.0,1.0769230769230769,,True
08,Republic of Kalmykia,38,"Waste collection, treatment and disposal",3,2,2.0,1.2307692307692308,,True
08,Republic of Kalmykia,39,Remediation activities,1,1,1.1428571428571428,1.0769230769230769,,True
08,Republic of Kalmykia,41,Construction of buildings,7,13,28.285714285714285,24.800000000000004,0.876767676767677,False
08,Republic of Kalmykia,42,Civil engineering,5,13,2.3750000000000004,4.076923076923077,1.7165991902834004,False
08,Republic of Kalmykia,43,Specialised construction activities,7,13,13.714285714285714,15.153846153846153,1.1049679487179487,False
08,Republic of Kalmykia,45,Sale and repair of motor vehicles and motorcycles,7,13,8.714285714285715,6.428571428571429,0.7377049180327868,False
08,Republic of Kalmykia,46,Wholesale trade,7,13,33.714285714285715,18.240000000000002,0.5410169491525424,False
08,Republic of Kalmykia,47,Retail trade,7,13,104.53846153846153,49.17460317460317,0.4703972341941437,False
08,Republic of Kalmykia,49,Land transport and pipeline transport,7,13,20.375,18.88235294117647,0.9267412486466979,False
08,Republic of Kalmykia,50,Water transport,0,0,1.0,1.0,,True
08,Republic of Kalmykia,51,Air transport,0,0,1.0,1.0,,True
08,Republic of Kalmykia,52,Warehousing and transport support activities,7,10,4.571428571428571,3.2142857142857144,0.7031250000000001,False
08,Republic of Kalmykia,53,Postal and courier activities,7,9,2.142857142857143,2.5384615384615383,1.1846153846153846,False
08,Republic of Kalmykia,55,Accommodation,6,12,3.0,4.076923076923077,1.3589743589743588,False
08,Republic of Kalmykia,56,Food and beverage service activities,7,13,15.625000000000002,12.6,0.8063999999999999,False
08,Republic of Kalmykia,58,Publishing activities,2,3,1.2857142857142856,1.3846153846153846,,True
08,Republic of Kalmykia,59,"Motion picture, video and television production",2,7,1.2857142857142856,2.0,,True
08,Republic of Kalmykia,61,Telecommunications,1,6,1.1428571428571428,1.4615384615384617,,True
08,Republic of Kalmykia,62,"Computer programming, consultancy and related activities",7,13,9.428571428571429,8.615384615384615,0.9137529137529137,False
08,Republic of Kalmykia,63,Information service activities,7,13,3.5714285714285716,5.615384615384615,1.5723076923076922,False
08,Republic of Kalmykia,64,"Financial service activities, except insurance and pension funding",1,5,1.1428571428571428,1.3846153846153846,,True
08,Republic of Kalmykia,65,"Insurance, reinsurance and pension funding",0,0,1.0,1.0,,True
08,Republic of Kalmykia,66,Auxiliary financial services,5,7,2.571428571428571,1.6428571428571428,0.638888888888889,False
08,Republic of Kalmykia,68,Real estate activities,7,13,17.625,17.6875,1.00354609929078,False
08,Republic of Kalmykia,69,Legal and accounting activities,7,13,9.142857142857142,9.461538461538462,1.0348557692307694,False
08,Republic of Kalmykia,70,Management consultancy activities,7,13,4.0,4.538461538461538,1.1346153846153846,False
08,Republic of Kalmykia,71,Architectural and engineering activities,7,13,2.7142857142857144,4.230769230769231,1.5587044534412955,False
08,Republic of Kalmykia,72,Scientific research and development,2,6,1.2857142857142856,1.5384615384615383,,True
08,Republic of Kalmykia,73,Advertising and market research,7,13,7.428571428571429,10.0,1.346153846153846,False
08,Republic of Kalmykia,74,"Other professional, scientific and technical activities",5,13,3.2857142857142856,3.5384615384615383,1.0769230769230769,False
08,Republic of Kalmykia,75,Veterinary activities,0,3,1.0,1.3076923076923077,,True
08,Republic of Kalmykia,77,Rental and leasing activities,5,13,3.857142857142857,3.928571428571429,1.0185185185185186,False
08,Republic of Kalmykia,78,Employment activities,3,8,2.0,2.4615384615384617,1.2307692307692308,False
08,Republic of Kalmykia,79,Travel agency and reservation services,7,12,2.2857142857142856,2.6153846153846154,1.1442307692307694,False
08,Republic of Kalmykia,80,Security and investigation activities,5,13,2.857142857142857,3.4615384615384617,1.2115384615384615,False
08,Republic of Kalmykia,81,Services to buildings and landscape activities,6,13,2.571428571428571,4.846153846153847,1.884615384615385,False
08,Republic of Kalmykia,82,Office administrative and business support activities,7,13,5.25,14.692307692307692,2.7985347985347984,False
08,Republic of Kalmykia,84,Public administration and defence; compulsory social security,0,0,1.0,1.0,,True
08,Republic of Kalmykia,85,Education,6,13,2.571428571428571,4.230769230769231,1.6452991452991454,False
08,Republic of Kalmykia,86,Human health activities,5,10,2.1250000000000004,1.4090909090909092,0.6631016042780747,False
08,Republic of Kalmykia,87,Residential care activities,1,0,1.1428571428571428,1.0,,True
08,Republic of Kalmykia,88,Social work activities without accommodation,1,1,1.1428571428571428,1.0769230769230769,,True
08,Republic of Kalmykia,90,"Creative, arts and entertainment activities",5,6,2.0,1.7692307692307692,0.8846153846153846,False
08,Republic of Kalmykia,91,"Libraries, archives, museums and other cultural activities",0,1,1.0,1.0769230769230769,,True
08,Republic of Kalmykia,92,Gambling and betting activities,0,0,1.0,1.0,,True
08,Republic of Kalmykia,93,Sports activities and amusement and recreation,6,12,3.5714285714285716,5.153846153846154,1.4430769230769231,False
08,Republic of Kalmykia,94,Activities of membership organisations,0,3,1.0,1.2307692307692308,,True
08,Republic of Kalmykia,95,"Repair of computers, personal and household goods",4,12,2.142857142857143,2.769230769230769,1.2923076923076924,False
08,Republic of Kalmykia,96,Other personal service activities,7,13,11.285714285714286,13.307692307692308,1.1791626095423564,False
09,Karachay-Cherkess Republic,01,Crop and animal production,7,13,25.857142857142858,20.642857142857142,0.7983425414364641,False
09,Karachay-Cherkess Republic,02,Forestry and logging,2,7,1.4285714285714286,1.5384615384615383,,True
09,Karachay-Cherkess Republic,03,Fishing and aquaculture,1,2,1.1428571428571428,1.1538461538461537,,True
09,Karachay-Cherkess Republic,07,OKVED 07,0,1,1.0,1.0769230769230769,,True
09,Karachay-Cherkess Republic,08,Other mining and quarrying,4,8,1.8571428571428572,1.7692307692307692,0.9526627218934911,False
09,Karachay-Cherkess Republic,10,Manufacture of food products,7,13,7.857142857142857,18.76923076923077,2.388811188811189,False
09,Karachay-Cherkess Republic,11,Manufacture of beverages,5,9,1.8571428571428572,1.6923076923076923,0.9112426035502958,False
09,Karachay-Cherkess Republic,13,Manufacture of textiles,5,11,2.142857142857143,5.230769230769231,2.4410256410256412,False
09,Karachay-Cherkess Republic,14,Manufacture of wearing apparel,7,13,25.0,27.692307692307693,1.1076923076923078,False
09,Karachay-Cherkess Republic,15,Manufacture of leather and related products,3,4,1.4285714285714286,1.3846153846153846,0.9692307692307692,False
09,Karachay-Cherkess Republic,16,Wood processing,6,6,2.428571428571429,1.6923076923076923,0.6968325791855203,False
09,Karachay-Cherkess Republic,17,Manufacture of paper and paper products,1,3,1.2857142857142856,1.2307692307692308,,True
09,Karachay-Cherkess Republic,18,Printing and reproduction of recorded media,2,5,1.5714285714285714,1.8461538461538463,,True
09,Karachay-Cherkess Republic,20,Manufacture of chemicals and chemical products,0,2,1.0,1.2307692307692308,,True
09,Karachay-Cherkess Republic,21,Manufacture of pharmaceutical products,0,1,1.0,1.0769230769230769,,True
09,Karachay-Cherkess Republic,22,Manufacture of rubber and plastic products,3,5,1.7142857142857144,1.3846153846153846,0.8076923076923076,False
09,Karachay-Cherkess Republic,23,Other non-metallic mineral products,2,6,1.7142857142857144,1.9230769230769231,,True
09,Karachay-Cherkess Republic,25,Manufacture of fabricated metal products,5,8,2.2857142857142856,1.9230769230769231,0.841346153846154,False
09,Karachay-Cherkess Republic,26,"Manufacture of computer, electronic and optical products",0,0,1.0,1.0,,True
09,Karachay-Cherkess Republic,27,Manufacture of electrical equipment,0,0,1.0,1.0,,True
09,Karachay-Cherkess Republic,28,Manufacture of machinery and equipment n.e.c.,0,2,1.0,1.1538461538461537,,True
09,Karachay-Cherkess Republic,29,Manufacture of motor vehicles and trailers,0,0,1.0,1.0,,True
09,Karachay-Cherkess Republic,30,Manufacture of other transport equipment,0,1,1.0,1.0769230769230769,,True
09,Karachay-Cherkess Republic,31,Manufacture of furniture,4,9,1.7142857142857144,2.0769230769230766,1.2115384615384612,False
09,Karachay-Cherkess Republic,32,Other manufacturing,2,5,1.5714285714285714,1.5384615384615383,,True
09,Karachay-Cherkess Republic,33,Repair and installation of machinery and equipment,3,8,1.8571428571428572,1.8461538461538463,0.9940828402366864,False
09,Karachay-Cherkess Republic,35,"Electricity, gas, steam and air conditioning supply",2,5,1.2857142857142856,1.6153846153846154,,True
09,Karachay-Cherkess Republic,36,"Water collection, treatment and supply",0,4,1.0,1.3846153846153846,,True
09,Karachay-Cherkess Republic,37,Sewerage,0,0,1.0,1.0,,True
09,Karachay-Cherkess Republic,38,"Waste collection, treatment and disposal",4,5,1.5714285714285714,1.6153846153846154,1.027972027972028,False
09,Karachay-Cherkess Republic,41,Construction of buildings,7,13,14.714285714285714,15.461538461538462,1.0507841672890217,False
09,Karachay-Cherkess Republic,42,Civil engineering,6,10,2.142857142857143,2.3846153846153846,1.1128205128205129,False
09,Karachay-Cherkess Republic,43,Specialised construction activities,7,13,10.0,15.23076923076923,1.523076923076923,False
09,Karachay-Cherkess Republic,45,Sale and repair of motor vehicles and motorcycles,7,13,8.142857142857142,7.923076923076923,0.9730094466936573,False
09,Karachay-Cherkess Republic,46,Wholesale trade,7,13,14.25,15.461538461538462,1.0850202429149798,False
09,Karachay-Cherkess Republic,47,Retail trade,7,13,142.125,93.45000000000002,0.657519788918206,False
09,Karachay-Cherkess Republic,49,Land transport and pipeline transport,7,13,38.0,37.30769230769231,0.9817813765182186,False
09,Karachay-Cherkess Republic,50,Water transport,0,1,1.0,1.0769230769230769,,True
09,Karachay-Cherkess Republic,51,Air transport,0,1,1.0,1.0769230769230769,,True
09,Karachay-Cherkess Republic,52,Warehousing and transport support activities,7,12,3.2857142857142856,3.3846153846153846,1.0301003344481605,False
09,Karachay-Cherkess Republic,53,Postal and courier activities,3,10,1.4285714285714286,2.3076923076923075,1.6153846153846152,False
09,Karachay-Cherkess Republic,55,Accommodation,7,13,13.857142857142858,12.461538461538462,0.8992862807295797,False
09,Karachay-Cherkess Republic,56,Food and beverage service activities,7,13,19.714285714285715,19.53846153846154,0.9910813823857303,False
09,Karachay-Cherkess Republic,58,Publishing activities,1,1,1.1428571428571428,1.0769230769230769,,True
09,Karachay-Cherkess Republic,59,"Motion picture, video and television production",3,6,1.5714285714285714,1.6153846153846154,1.027972027972028,False
09,Karachay-Cherkess Republic,60,Programming and broadcasting activities,0,2,1.0,1.1538461538461537,,True
09,Karachay-Cherkess Republic,61,Telecommunications,2,3,1.4285714285714286,1.3076923076923077,,True
09,Karachay-Cherkess Republic,62,"Computer programming, consultancy and related activities",7,13,3.7142857142857144,3.7142857142857144,1.0,False
09,Karachay-Cherkess Republic,63,Information service activities,5,10,2.142857142857143,3.0,1.4000000000000001,False
09,Karachay-Cherkess Republic,64,"Financial service activities, except insurance and pension funding",1,2,1.1428571428571428,1.1538461538461537,,True
09,Karachay-Cherkess Republic,65,"Insurance, reinsurance and pension funding",0,0,1.0,1.0,,True
09,Karachay-Cherkess Republic,66,Auxiliary financial services,0,4,1.0,1.3846153846153846,,True
09,Karachay-Cherkess Republic,68,Real estate activities,7,13,10.714285714285714,9.846153846153847,0.9189743589743591,False
09,Karachay-Cherkess Republic,69,Legal and accounting activities,6,12,3.857142857142857,4.230769230769231,1.0968660968660968,False
09,Karachay-Cherkess Republic,70,Management consultancy activities,2,8,1.2857142857142856,2.4615384615384617,,True
09,Karachay-Cherkess Republic,71,Architectural and engineering activities,5,11,2.7142857142857144,3.076923076923077,1.1336032388663968,False
09,Karachay-Cherkess Republic,72,Scientific research and development,3,2,1.4285714285714286,1.1538461538461537,,True
09,Karachay-Cherkess Republic,73,Advertising and market research,7,13,5.571428571428571,10.0,1.794871794871795,False
09,Karachay-Cherkess Republic,74,"Other professional, scientific and technical activities",3,13,2.0,10.923076923076923,5.461538461538462,False
09,Karachay-Cherkess Republic,75,Veterinary activities,0,0,1.0,1.0,,True
09,Karachay-Cherkess Republic,77,Rental and leasing activities,6,12,3.142857142857143,3.6923076923076925,1.174825174825175,False
09,Karachay-Cherkess Republic,78,Employment activities,2,1,1.2857142857142856,1.1538461538461537,,True
09,Karachay-Cherkess Republic,79,Travel agency and reservation services,7,12,2.7142857142857144,3.076923076923077,1.1336032388663968,False
09,Karachay-Cherkess Republic,80,Security and investigation activities,1,3,1.1428571428571428,1.3846153846153846,,True
09,Karachay-Cherkess Republic,81,Services to buildings and landscape activities,3,13,1.5714285714285714,7.0,4.454545454545455,False
09,Karachay-Cherkess Republic,82,Office administrative and business support activities,6,13,2.428571428571429,4.384615384615385,1.8054298642533937,False
09,Karachay-Cherkess Republic,84,Public administration and defence; compulsory social security,0,1,1.0,1.0769230769230769,,True
09,Karachay-Cherkess Republic,85,Education,5,12,2.857142857142857,4.538461538461538,1.5884615384615384,False
09,Karachay-Cherkess Republic,86,Human health activities,6,11,3.857142857142857,4.076923076923077,1.056980056980057,False
09,Karachay-Cherkess Republic,87,Residential care activities,1,1,1.1428571428571428,1.0769230769230769,,True
09,Karachay-Cherkess Republic,88,Social work activities without accommodation,2,4,1.4285714285714286,1.6153846153846154,,True
09,Karachay-Cherkess Republic,90,"Creative, arts and entertainment activities",3,5,1.8571428571428572,1.9230769230769231,1.0355029585798816,False
09,Karachay-Cherkess Republic,91,"Libraries, archives, museums and other cultural activities",2,3,1.2857142857142856,1.2307692307692308,,True
09,Karachay-Cherkess Republic,93,Sports activities and amusement and recreation,7,13,3.857142857142857,4.615384615384615,1.1965811965811965,False
09,Karachay-Cherkess Republic,95,"Repair of computers, personal and household goods",5,7,2.428571428571429,3.3846153846153846,1.3936651583710407,False
09,Karachay-Cherkess Republic,96,Other personal service activities,6,13,6.571428571428571,13.153846153846153,2.0016722408026757,False
09,Karachay-Cherkess Republic,98,OKVED 98,1,0,1.1428571428571428,1.0,,True
10,Republic of Karelia,01,Crop and animal production,7,13,5.857142857142857,6.230769230769231,1.0637898686679175,False
10,Republic of Karelia,02,Forestry and logging,7,13,7.142857142857143,7.153846153846154,1.0015384615384615,False
10,Republic of Karelia,03,Fishing and aquaculture,7,12,3.5714285714285716,4.6923076923076925,1.3138461538461539,False
10,Republic of Karelia,05,Mining of coal and lignite,0,0,1.0,1.0,,True
10,Republic of Karelia,07,OKVED 07,0,1,1.0,1.0769230769230769,,True
10,Republic of Karelia,08,Other mining and quarrying,6,9,3.0,1.8571428571428572,0.6190476190476191,False
10,Republic of Karelia,09,Mining support services,0,1,1.0,1.0769230769230769,,True
10,Republic of Karelia,10,Manufacture of food products,7,12,5.0,4.538461538461538,0.9076923076923077,False
10,Republic of Karelia,11,Manufacture of beverages,1,2,1.1428571428571428,1.1538461538461537,,True
10,Republic of Karelia,12,Manufacture of tobacco products,0,0,1.0,1.0,,True
10,Republic of Karelia,13,Manufacture of textiles,4,5,1.7142857142857144,1.5384615384615383,0.8974358974358972,False
10,Republic of Karelia,14,Manufacture of wearing apparel,5,8,2.7142857142857144,2.0769230769230766,0.7651821862348177,False
10,Republic of Karelia,15,Manufacture of leather and related products,0,4,1.0,1.3076923076923077,,True
10,Republic of Karelia,16,Wood processing,7,11,4.250000000000001,4.230769230769231,0.9954751131221717,False
10,Republic of Karelia,17,Manufacture of paper and paper products,1,2,1.1428571428571428,1.1538461538461537,,True
10,Republic of Karelia,18,Printing and reproduction of recorded media,4,7,2.0,1.8461538461538463,0.9230769230769231,False
10,Republic of Karelia,19,Manufacture of coke and refined petroleum products,1,0,1.1428571428571428,1.0,,True
10,Republic of Karelia,20,Manufacture of chemicals and chemical products,1,7,1.1428571428571428,1.5384615384615383,,True
10,Republic of Karelia,21,Manufacture of pharmaceutical products,1,0,1.1428571428571428,1.0,,True
10,Republic of Karelia,22,Manufacture of rubber and plastic products,3,4,1.4285714285714286,1.2142857142857144,0.8500000000000001,False
10,Republic of Karelia,23,Other non-metallic mineral products,7,13,4.250000000000001,5.0,1.176470588235294,False
10,Republic of Karelia,24,Manufacture of basic metals,1,0,1.1428571428571428,1.0,,True
10,Republic of Karelia,25,Manufacture of fabricated metal products,7,13,4.714285714285714,5.142857142857143,1.090909090909091,False
10,Republic of Karelia,26,"Manufacture of computer, electronic and optical products",1,1,1.1428571428571428,1.1538461538461537,,True
10,Republic of Karelia,27,Manufacture of electrical equipment,0,2,1.0,1.1538461538461537,,True
10,Republic of Karelia,28,Manufacture of machinery and equipment n.e.c.,2,4,1.2857142857142856,1.3846153846153846,,True
10,Republic of Karelia,29,Manufacture of motor vehicles and trailers,0,0,1.0,1.0,,True
10,Republic of Karelia,30,Manufacture of other transport equipment,3,2,1.7142857142857144,1.1538461538461537,,True
10,Republic of Karelia,31,Manufacture of furniture,7,7,3.2857142857142856,2.0769230769230766,0.6321070234113711,False
10,Republic of Karelia,32,Other manufacturing,5,9,2.142857142857143,2.3846153846153846,1.1128205128205129,False
10,Republic of Karelia,33,Repair and installation of machinery and equipment,6,13,3.5714285714285716,4.384615384615385,1.2276923076923076,False
10,Republic of Karelia,35,"Electricity, gas, steam and air conditioning supply",2,3,1.2857142857142856,1.2307692307692308,,True
10,Republic of Karelia,36,"Water collection, treatment and supply",3,2,1.4285714285714286,1.1538461538461537,,True
10,Republic of Karelia,37,Sewerage,0,1,1.0,1.1538461538461537,,True
10,Republic of Karelia,38,"Waste collection, treatment and disposal",2,4,1.2857142857142856,1.4615384615384617,,True
10,Republic of Karelia,39,Remediation activities,0,0,1.0,1.0,,True
10,Republic of Karelia,41,Construction of buildings,7,13,20.857142857142858,20.42857142857143,0.9794520547945206,False
10,Republic of Karelia,42,Civil engineering,6,13,3.857142857142857,3.769230769230769,0.9772079772079771,False
10,Republic of Karelia,43,Specialised construction activities,7,13,22.222222222222225,24.285714285714285,1.0928571428571427,False
10,Republic of Karelia,45,Sale and repair of motor vehicles and motorcycles,7,13,14.0,14.307692307692308,1.0219780219780221,False
10,Republic of Karelia,46,Wholesale trade,7,13,17.142857142857142,13.600000000000001,0.7933333333333334,False
10,Republic of Karelia,47,Retail trade,7,13,65.375,58.8125,0.8996175908221797,False
10,Republic of Karelia,49,Land transport and pipeline transport,7,13,28.0,34.38461538461539,1.228021978021978,False
10,Republic of Karelia,50,Water transport,4,6,1.7142857142857144,2.230769230769231,1.3012820512820513,False
10,Republic of Karelia,51,Air transport,0,0,1.0,1.0,,True
10,Republic of Karelia,52,Warehousing and transport support activities,7,13,5.857142857142857,7.076923076923077,1.2082551594746718,False
10,Republic of Karelia,53,Postal and courier activities,6,12,2.571428571428571,3.6153846153846154,1.405982905982906,False
10,Republic of Karelia,55,Accommodation,7,13,10.142857142857142,5.857142857142858,0.5774647887323945,False
10,Republic of Karelia,56,Food and beverage service activities,7,13,14.499999999999998,14.857142857142858,1.0246305418719213,False
10,Republic of Karelia,58,Publishing activities,3,3,1.4285714285714286,1.3076923076923077,0.9153846153846154,False
10,Republic of Karelia,59,"Motion picture, video and television production",4,11,2.0,2.8461538461538463,1.4230769230769231,False
10,Republic of Karelia,60,Programming and broadcasting activities,0,0,1.0,1.0,,True
10,Republic of Karelia,61,Telecommunications,1,0,1.1428571428571428,1.0,,True
10,Republic of Karelia,62,"Computer programming, consultancy and related activities",7,13,7.714285714285714,12.307692307692308,1.5954415954415955,False
10,Republic of Karelia,63,Information service activities,7,13,5.714285714285714,8.846153846153847,1.5480769230769231,False
10,Republic of Karelia,64,"Financial service activities, except insurance and pension funding",2,6,1.4285714285714286,1.5384615384615383,,True
10,Republic of Karelia,65,"Insurance, reinsurance and pension funding",0,1,1.0,1.0769230769230769,,True
10,Republic of Karelia,66,Auxiliary financial services,6,9,2.571428571428571,2.3076923076923075,0.8974358974358975,False
10,Republic of Karelia,68,Real estate activities,7,13,16.857142857142858,24.384615384615383,1.4465449804432855,False
10,Republic of Karelia,69,Legal and accounting activities,7,13,7.857142857142857,10.384615384615385,1.3216783216783219,False
10,Republic of Karelia,70,Management consultancy activities,7,11,5.0,4.230769230769231,0.8461538461538461,False
10,Republic of Karelia,71,Architectural and engineering activities,6,13,5.428571428571429,5.153846153846154,0.9493927125506073,False
10,Republic of Karelia,72,Scientific research and development,2,3,3.0,1.2307692307692308,,True
10,Republic of Karelia,73,Advertising and market research,7,13,11.714285714285714,12.76923076923077,1.0900562851782365,False
10,Republic of Karelia,74,"Other professional, scientific and technical activities",7,13,4.857142857142858,8.307692307692307,1.7104072398190042,False
10,Republic of Karelia,75,Veterinary activities,1,4,1.1428571428571428,1.3076923076923077,,True
10,Republic of Karelia,77,Rental and leasing activities,7,12,3.4285714285714284,3.8461538461538463,1.1217948717948718,False
10,Republic of Karelia,78,Employment activities,4,7,1.7142857142857144,2.0,1.1666666666666665,False
10,Republic of Karelia,79,Travel agency and reservation services,6,13,5.857142857142857,5.461538461538462,0.9324577861163228,False
10,Republic of Karelia,80,Security and investigation activities,4,4,1.5714285714285714,1.2142857142857144,0.7727272727272728,False
10,Republic of Karelia,81,Services to buildings and landscape activities,7,13,6.0,5.538461538461538,0.923076923076923,False
10,Republic of Karelia,82,Office administrative and business support activities,7,13,5.285714285714286,7.6923076923076925,1.4553014553014554,False
10,Republic of Karelia,84,Public administration and defence; compulsory social security,1,1,1.1428571428571428,1.0769230769230769,,True
10,Republic of Karelia,85,Education,7,13,10.0,7.153846153846154,0.7153846153846154,False
10,Republic of Karelia,86,Human health activities,7,12,4.428571428571429,3.0,0.6774193548387096,False
10,Republic of Karelia,87,Residential care activities,2,1,1.2857142857142856,1.0769230769230769,,True
10,Republic of Karelia,88,Social work activities without accommodation,2,2,1.2857142857142856,1.1538461538461537,,True
10,Republic of Karelia,90,"Creative, arts and entertainment activities",4,11,2.7142857142857144,3.076923076923077,1.1336032388663968,False
10,Republic of Karelia,91,"Libraries, archives, museums and other cultural activities",1,2,1.1428571428571428,1.1538461538461537,,True
10,Republic of Karelia,92,Gambling and betting activities,0,0,1.0,1.0,,True
10,Republic of Karelia,93,Sports activities and amusement and recreation,6,13,5.571428571428571,6.769230769230769,1.2149901380670611,False
10,Republic of Karelia,94,Activities of membership organisations,0,4,1.0,1.3076923076923077,,True
10,Republic of Karelia,95,"Repair of computers, personal and household goods",7,13,5.142857142857143,5.538461538461538,1.0769230769230769,False
10,Republic of Karelia,96,Other personal service activities,7,13,17.571428571428573,21.923076923076923,1.24765478424015,False
11,Republic of Komi,01,Crop and animal production,7,12,4.857142857142858,5.461538461538462,1.1244343891402715,False
11,Republic of Komi,02,Forestry and logging,7,13,5.714285714285714,4.846153846153847,0.8480769230769232,False
11,Republic of Komi,03,Fishing and aquaculture,3,4,1.4285714285714286,1.3846153846153846,0.9692307692307692,False
11,Republic of Komi,05,Mining of coal and lignite,1,0,1.1428571428571428,1.0,,True
11,Republic of Komi,06,Extraction of crude petroleum and natural gas,1,2,1.2857142857142856,1.1538461538461537,,True
11,Republic of Komi,07,OKVED 07,2,0,1.2857142857142856,1.0,,True
11,Republic of Komi,08,Other mining and quarrying,3,9,1.4285714285714286,2.3076923076923075,1.6153846153846152,False
11,Republic of Komi,09,Mining support services,2,7,1.4285714285714286,1.8461538461538463,,True
11,Republic of Komi,10,Manufacture of food products,7,13,3.6249999999999996,4.5,1.2413793103448278,False
11,Republic of Komi,11,Manufacture of beverages,0,2,1.0,1.1538461538461537,,True
11,Republic of Komi,13,Manufacture of textiles,0,7,1.0,1.6153846153846154,,True
11,Republic of Komi,14,Manufacture of wearing apparel,6,12,3.0,2.4615384615384617,0.8205128205128206,False
11,Republic of Komi,15,Manufacture of leather and related products,0,0,1.0,1.0,,True
11,Republic of Komi,16,Wood processing,7,11,4.142857142857142,3.3846153846153846,0.816976127320955,False
11,Republic of Komi,17,Manufacture of paper and paper products,0,1,1.0,1.0769230769230769,,True
11,Republic of Komi,18,Printing and reproduction of recorded media,2,9,1.8571428571428572,2.230769230769231,,True
11,Republic of Komi,19,Manufacture of coke and refined petroleum products,0,0,1.0,1.0,,True
11,Republic of Komi,20,Manufacture of chemicals and chemical products,2,5,1.2857142857142856,1.5384615384615383,,True
11,Republic of Komi,22,Manufacture of rubber and plastic products,5,4,2.2857142857142856,1.3846153846153846,0.6057692307692308,False
11,Republic of Komi,23,Other non-metallic mineral products,3,5,1.4285714285714286,1.5384615384615383,1.0769230769230769,False
11,Republic of Komi,24,Manufacture of basic metals,1,0,1.1428571428571428,1.0,,True
11,Republic of Komi,25,Manufacture of fabricated metal products,3,12,1.5714285714285714,2.769230769230769,1.7622377622377623,False
11,Republic of Komi,26,"Manufacture of computer, electronic and optical products",1,2,1.1428571428571428,1.1538461538461537,,True
11,Republic of Komi,27,Manufacture of electrical equipment,1,2,1.1428571428571428,1.1538461538461537,,True
11,Republic of Komi,28,Manufacture of machinery and equipment n.e.c.,2,0,1.2857142857142856,1.0,,True
11,Republic of Komi,29,Manufacture of motor vehicles and trailers,0,0,1.0,1.0,,True
11,Republic of Komi,30,Manufacture of other transport equipment,0,0,1.0,1.0,,True
11,Republic of Komi,31,Manufacture of furniture,4,8,2.428571428571429,2.3846153846153846,0.9819004524886876,False
11,Republic of Komi,32,Other manufacturing,4,10,2.0,2.9230769230769234,1.4615384615384617,False
11,Republic of Komi,33,Repair and installation of machinery and equipment,5,12,3.4285714285714284,3.0,0.875,False
11,Republic of Komi,35,"Electricity, gas, steam and air conditioning supply",3,3,1.5714285714285714,1.3846153846153846,0.8811188811188811,False
11,Republic of Komi,36,"Water collection, treatment and supply",0,3,1.0,1.2307692307692308,,True
11,Republic of Komi,37,Sewerage,2,1,1.4285714285714286,1.0769230769230769,,True
11,Republic of Komi,38,"Waste collection, treatment and disposal",3,6,1.4285714285714286,1.7692307692307692,1.2384615384615383,False
11,Republic of Komi,39,Remediation activities,0,1,1.0,1.0769230769230769,,True
11,Republic of Komi,41,Construction of buildings,7,13,15.142857142857142,14.615384615384615,0.965166908563135,False
11,Republic of Komi,42,Civil engineering,6,11,3.142857142857143,3.2857142857142856,1.0454545454545454,False
11,Republic of Komi,43,Specialised construction activities,7,13,28.285714285714285,26.692307692307693,0.9436674436674437,False
11,Republic of Komi,45,Sale and repair of motor vehicles and motorcycles,7,13,13.142857142857142,17.23076923076923,1.3110367892976589,False
11,Republic of Komi,46,Wholesale trade,7,13,15.142857142857142,13.923076923076923,0.9194484760522497,False
11,Republic of Komi,47,Retail trade,7,13,93.87500000000001,69.34782608695653,0.7387251780235049,False
11,Republic of Komi,49,Land transport and pipeline transport,7,13,29.857142857142858,42.266666666666666,1.4156299840510367,False
11,Republic of Komi,50,Water transport,3,2,1.4285714285714286,1.1538461538461537,,True
11,Republic of Komi,51,Air transport,0,0,1.0,1.0,,True
11,Republic of Komi,52,Warehousing and transport support activities,7,13,6.714285714285714,6.0,0.8936170212765957,False
11,Republic of Komi,53,Postal and courier activities,6,11,2.142857142857143,3.6923076923076925,1.7230769230769232,False
11,Republic of Komi,55,Accommodation,3,12,1.4285714285714286,2.6923076923076925,1.8846153846153848,False
11,Republic of Komi,56,Food and beverage service activities,7,13,14.0,18.46666666666667,1.3190476190476192,False
11,Republic of Komi,58,Publishing activities,0,3,1.0,1.2307692307692308,,True
11,Republic of Komi,59,"Motion picture, video and television production",5,10,2.428571428571429,2.5384615384615383,1.0452488687782804,False
11,Republic of Komi,60,Programming and broadcasting activities,0,1,1.0,1.1538461538461537,,True
11,Republic of Komi,61,Telecommunications,3,5,1.4285714285714286,1.3846153846153846,0.9692307692307692,False
11,Republic of Komi,62,"Computer programming, consultancy and related activities",7,13,8.285714285714285,11.461538461538462,1.3832891246684351,False
11,Republic of Komi,63,Information service activities,7,13,6.285714285714286,9.846153846153847,1.5664335664335665,False
11,Republic of Komi,64,"Financial service activities, except insurance and pension funding",2,4,1.4285714285714286,1.3846153846153846,,True
11,Republic of Komi,65,"Insurance, reinsurance and pension funding",0,0,1.0,1.0,,True
11,Republic of Komi,66,Auxiliary financial services,5,10,2.428571428571429,2.3076923076923075,0.9502262443438912,False
11,Republic of Komi,68,Real estate activities,7,13,15.428571428571429,19.0,1.2314814814814814,False
11,Republic of Komi,69,Legal and accounting activities,7,13,7.571428571428571,9.076923076923077,1.1988388969521044,False
11,Republic of Komi,70,Management consultancy activities,7,13,4.714285714285714,6.153846153846154,1.3053613053613053,False
11,Republic of Komi,71,Architectural and engineering activities,7,13,3.8750000000000004,5.6923076923076925,1.4689826302729527,False
11,Republic of Komi,72,Scientific research and development,3,4,1.5714285714285714,1.3076923076923077,0.8321678321678322,False
11,Republic of Komi,73,Advertising and market research,7,13,18.857142857142858,24.384615384615383,1.293123543123543,False
11,Republic of Komi,74,"Other professional, scientific and technical activities",6,13,4.428571428571429,7.538461538461538,1.7022332506203472,False
11,Republic of Komi,75,Veterinary activities,0,3,1.0,1.3076923076923077,,True
11,Republic of Komi,77,Rental and leasing activities,7,13,5.0,5.538461538461538,1.1076923076923078,False
11,Republic of Komi,78,Employment activities,6,9,2.428571428571429,2.3846153846153846,0.9819004524886876,False
11,Republic of Komi,79,Travel agency and reservation services,4,9,1.7142857142857144,2.3846153846153846,1.391025641025641,False
11,Republic of Komi,80,Security and investigation activities,4,5,1.25,1.6923076923076923,1.353846153846154,False
11,Republic of Komi,81,Services to buildings and landscape activities,7,13,5.0,5.846153846153846,1.169230769230769,False
11,Republic of Komi,82,Office administrative and business support activities,7,13,13.571428571428571,19.923076923076923,1.4680161943319838,False
11,Republic of Komi,84,Public administration and defence; compulsory social security,3,0,1.4285714285714286,1.0,,True
11,Republic of Komi,85,Education,7,13,11.714285714285714,10.923076923076923,0.9324577861163228,False
11,Republic of Komi,86,Human health activities,7,10,3.2857142857142856,3.5384615384615383,1.0769230769230769,False
11,Republic of Komi,87,Residential care activities,0,0,1.0,1.0,,True
11,Republic of Komi,88,Social work activities without accommodation,2,6,1.2857142857142856,1.5384615384615383,,True
11,Republic of Komi,90,"Creative, arts and entertainment activities",7,10,3.7142857142857144,2.769230769230769,0.7455621301775147,False
11,Republic of Komi,91,"Libraries, archives, museums and other cultural activities",1,1,1.1428571428571428,1.0769230769230769,,True
11,Republic of Komi,92,Gambling and betting activities,0,1,1.0,1.0769230769230769,,True
11,Republic of Komi,93,Sports activities and amusement and recreation,7,13,6.857142857142857,8.076923076923077,1.1778846153846154,False
11,Republic of Komi,94,Activities of membership organisations,1,1,1.1428571428571428,1.0769230769230769,,True
11,Republic of Komi,95,"Repair of computers, personal and household goods",7,12,5.857142857142857,6.076923076923077,1.0375234521575984,False
11,Republic of Komi,96,Other personal service activities,7,13,27.857142857142858,26.923076923076923,0.9664694280078895,False
12,Republic of Mari El,01,Crop and animal production,7,13,6.857142857142857,8.428571428571429,1.2291666666666667,False
12,Republic of Mari El,02,Forestry and logging,6,12,3.2857142857142856,3.769230769230769,1.1471571906354516,False
12,Republic of Mari El,03,Fishing and aquaculture,1,2,1.1428571428571428,1.2307692307692308,,True
12,Republic of Mari El,05,Mining of coal and lignite,0,1,1.0,1.0769230769230769,,True
12,Republic of Mari El,06,Extraction of crude petroleum and natural gas,0,0,1.0,1.0,,True
12,Republic of Mari El,07,OKVED 07,0,0,1.0,1.0,,True
12,Republic of Mari El,08,Other mining and quarrying,4,5,1.5714285714285714,1.4615384615384617,0.9300699300699302,False
12,Republic of Mari El,09,Mining support services,0,1,1.0,1.0769230769230769,,True
12,Republic of Mari El,10,Manufacture of food products,5,12,3.2500000000000004,4.461538461538462,1.3727810650887573,False
12,Republic of Mari El,11,Manufacture of beverages,0,0,1.0,1.0,,True
12,Republic of Mari El,12,Manufacture of tobacco products,0,0,1.0,1.0,,True
12,Republic of Mari El,13,Manufacture of textiles,2,6,1.4285714285714286,1.4615384615384617,,True
12,Republic of Mari El,14,Manufacture of wearing apparel,5,7,2.0,2.4615384615384617,1.2307692307692308,False
12,Republic of Mari El,15,Manufacture of leather and related products,2,0,1.2857142857142856,1.0,,True
12,Republic of Mari El,16,Wood processing,7,13,6.0,7.846153846153846,1.3076923076923077,False
12,Republic of Mari El,17,Manufacture of paper and paper products,0,1,1.0,1.0769230769230769,,True
12,Republic of Mari El,18,Printing and reproduction of recorded media,2,6,1.4285714285714286,1.6923076923076923,,True
12,Republic of Mari El,19,Manufacture of coke and refined petroleum products,1,0,1.1428571428571428,1.0,,True
12,Republic of Mari El,20,Manufacture of chemicals and chemical products,0,8,1.0,1.6923076923076923,,True
12,Republic of Mari El,21,Manufacture of pharmaceutical products,0,0,1.0,1.0,,True
12,Republic of Mari El,22,Manufacture of rubber and plastic products,4,7,1.7142857142857144,1.6923076923076923,0.9871794871794871,False
12,Republic of Mari El,23,Other non-metallic mineral products,5,7,2.142857142857143,2.0,0.9333333333333333,False
12,Republic of Mari El,24,Manufacture of basic metals,1,2,1.1428571428571428,1.1538461538461537,,True
12,Republic of Mari El,25,Manufacture of fabricated metal products,7,13,6.142857142857143,5.076923076923077,0.8264758497316635,False
12,Republic of Mari El,26,"Manufacture of computer, electronic and optical products",1,4,1.1428571428571428,1.3076923076923077,,True
12,Republic of Mari El,27,Manufacture of electrical equipment,0,0,1.0,1.0,,True
12,Republic of Mari El,28,Manufacture of machinery and equipment n.e.c.,1,3,1.2857142857142856,1.3076923076923077,,True
12,Republic of Mari El,29,Manufacture of motor vehicles and trailers,0,0,1.0,1.0,,True
12,Republic of Mari El,30,Manufacture of other transport equipment,0,0,1.0,1.0,,True
12,Republic of Mari El,31,Manufacture of furniture,6,12,3.0,3.6923076923076925,1.2307692307692308,False
12,Republic of Mari El,32,Other manufacturing,3,7,1.4285714285714286,1.9230769230769231,1.3461538461538463,False
12,Republic of Mari El,33,Repair and installation of machinery and equipment,6,11,2.0,2.230769230769231,1.1153846153846154,False
12,Republic of Mari El,35,"Electricity, gas, steam and air conditioning supply",1,2,1.1428571428571428,1.1538461538461537,,True
12,Republic of Mari El,36,"Water collection, treatment and supply",0,0,1.0,1.0,,True
12,Republic of Mari El,37,Sewerage,2,3,1.2857142857142856,1.2307692307692308,,True
12,Republic of Mari El,38,"Waste collection, treatment and disposal",2,5,1.2857142857142856,1.4615384615384617,,True
12,Republic of Mari El,39,Remediation activities,0,0,1.0,1.0,,True
12,Republic of Mari El,41,Construction of buildings,7,13,13.571428571428571,15.142857142857142,1.1157894736842104,False
12,Republic of Mari El,42,Civil engineering,5,10,2.2857142857142856,2.6923076923076925,1.1778846153846156,False
12,Republic of Mari El,43,Specialised construction activities,7,13,17.571428571428573,24.923076923076923,1.418386491557223,False
12,Republic of Mari El,45,Sale and repair of motor vehicles and motorcycles,7,13,8.0,11.615384615384615,1.4519230769230769,False
12,Republic of Mari El,46,Wholesale trade,7,13,15.428571428571429,14.933333333333334,0.9679012345679012,False
12,Republic of Mari El,47,Retail trade,7,13,86.22222222222223,56.43478260869565,0.6545271178843567,False
12,Republic of Mari El,49,Land transport and pipeline transport,7,13,25.714285714285715,32.642857142857146,1.2694444444444446,False
12,Republic of Mari El,50,Water transport,0,0,1.0,1.0,,True
12,Republic of Mari El,51,Air transport,0,0,1.0,1.0,,True
12,Republic of Mari El,52,Warehousing and transport support activities,5,13,3.2857142857142856,4.153846153846153,1.2642140468227423,False
12,Republic of Mari El,53,Postal and courier activities,4,11,1.75,3.1538461538461537,1.8021978021978022,False
12,Republic of Mari El,55,Accommodation,3,6,1.4285714285714286,1.6923076923076923,1.1846153846153846,False
12,Republic of Mari El,56,Food and beverage service activities,7,13,11.142857142857142,12.571428571428571,1.1282051282051282,False
12,Republic of Mari El,58,Publishing activities,1,1,1.1428571428571428,1.0769230769230769,,True
12,Republic of Mari El,59,"Motion picture, video and television production",5,9,2.0,2.230769230769231,1.1153846153846154,False
12,Republic of Mari El,60,Programming and broadcasting activities,2,1,1.2857142857142856,1.0769230769230769,,True
12,Republic of Mari El,61,Telecommunications,0,1,1.0,1.0769230769230769,,True
12,Republic of Mari El,62,"Computer programming, consultancy and related activities",7,13,8.285714285714285,12.23076923076923,1.4761273209549073,False
12,Republic of Mari El,63,Information service activities,6,13,5.285714285714286,9.76923076923077,1.8482328482328485,False
12,Republic of Mari El,64,"Financial service activities, except insurance and pension funding",2,6,1.5714285714285714,1.4615384615384617,,True
12,Republic of Mari El,65,"Insurance, reinsurance and pension funding",0,0,1.0,1.0,,True
12,Republic of Mari El,66,Auxiliary financial services,3,6,1.4285714285714286,1.6923076923076923,1.1846153846153846,False
12,Republic of Mari El,68,Real estate activities,7,13,12.0,12.692307692307692,1.0576923076923077,False
12,Republic of Mari El,69,Legal and accounting activities,7,13,4.285714285714286,5.923076923076923,1.3820512820512822,False
12,Republic of Mari El,70,Management consultancy activities,6,12,3.5714285714285716,4.384615384615385,1.2276923076923076,False
12,Republic of Mari El,71,Architectural and engineering activities,6,13,2.571428571428571,3.6153846153846154,1.405982905982906,False
12,Republic of Mari El,72,Scientific research and development,4,8,1.7142857142857144,1.9285714285714284,1.1249999999999998,False
12,Republic of Mari El,73,Advertising and market research,7,13,8.142857142857142,12.692307692307692,1.5587044534412955,False
12,Republic of Mari El,74,"Other professional, scientific and technical activities",7,13,5.857142857142857,6.769230769230769,1.155722326454034,False
12,Republic of Mari El,75,Veterinary activities,0,4,1.0,1.3076923076923077,,True
12,Republic of Mari El,77,Rental and leasing activities,7,10,2.2857142857142856,2.6153846153846154,1.1442307692307694,False
12,Republic of Mari El,78,Employment activities,4,9,2.142857142857143,2.769230769230769,1.2923076923076924,False
12,Republic of Mari El,79,Travel agency and reservation services,4,11,2.142857142857143,2.769230769230769,1.2923076923076924,False
12,Republic of Mari El,80,Security and investigation activities,2,2,1.4285714285714286,1.0,,True
12,Republic of Mari El,81,Services to buildings and landscape activities,6,13,3.5714285714285716,4.461538461538462,1.2492307692307691,False
12,Republic of Mari El,82,Office administrative and business support activities,7,13,65.85714285714286,135.92307692307693,2.063907892541298,False
12,Republic of Mari El,84,Public administration and defence; compulsory social security,0,0,1.0,1.0,,True
12,Republic of Mari El,85,Education,7,13,8.857142857142858,8.384615384615385,0.9466501240694789,False
12,Republic of Mari El,86,Human health activities,4,12,2.142857142857143,3.3846153846153846,1.5794871794871794,False
12,Republic of Mari El,87,Residential care activities,0,0,1.0,1.0,,True
12,Republic of Mari El,88,Social work activities without accommodation,1,5,1.1428571428571428,1.4615384615384617,,True
12,Republic of Mari El,90,"Creative, arts and entertainment activities",4,11,1.8571428571428572,2.6923076923076925,1.4497041420118344,False
12,Republic of Mari El,91,"Libraries, archives, museums and other cultural activities",0,1,1.0,1.1538461538461537,,True
12,Republic of Mari El,92,Gambling and betting activities,0,0,1.0,1.0,,True
12,Republic of Mari El,93,Sports activities and amusement and recreation,7,12,4.285714285714286,6.230769230769231,1.453846153846154,False
12,Republic of Mari El,94,Activities of membership organisations,0,2,1.0,1.1538461538461537,,True
12,Republic of Mari El,95,"Repair of computers, personal and household goods",5,11,2.571428571428571,4.076923076923077,1.5854700854700856,False
12,Republic of Mari El,96,Other personal service activities,7,13,10.428571428571429,17.46153846153846,1.674394099051633,False
13,Republic of Mordovia,01,Crop and animal production,7,13,8.0,5.857142857142858,0.7321428571428572,False
13,Republic of Mordovia,02,Forestry and logging,1,5,1.1428571428571428,1.5384615384615383,,True
13,Republic of Mordovia,03,Fishing and aquaculture,3,3,1.4285714285714286,1.3076923076923077,0.9153846153846154,False
13,Republic of Mordovia,08,Other mining and quarrying,3,3,1.4285714285714286,1.3076923076923077,0.9153846153846154,False
13,Republic of Mordovia,09,Mining support services,0,0,1.0,1.0,,True
13,Republic of Mordovia,10,Manufacture of food products,7,12,3.75,4.200000000000001,1.1200000000000003,False
13,Republic of Mordovia,11,Manufacture of beverages,0,1,1.0,1.0769230769230769,,True
13,Republic of Mordovia,12,Manufacture of tobacco products,0,0,1.0,1.0,,True
13,Republic of Mordovia,13,Manufacture of textiles,3,7,1.7142857142857144,1.6153846153846154,0.9423076923076923,False
13,Republic of Mordovia,14,Manufacture of wearing apparel,7,8,2.1250000000000004,1.8571428571428572,0.8739495798319327,False
13,Republic of Mordovia,15,Manufacture of leather and related products,0,0,1.0,1.0,,True
13,Republic of Mordovia,16,Wood processing,6,12,3.4285714285714284,2.9230769230769234,0.8525641025641026,False
13,Republic of Mordovia,17,Manufacture of paper and paper products,1,2,1.1428571428571428,1.1538461538461537,,True
13,Republic of Mordovia,18,Printing and reproduction of recorded media,2,6,1.2857142857142856,1.4615384615384617,,True
13,Republic of Mordovia,20,Manufacture of chemicals and chemical products,2,5,1.2857142857142856,1.5384615384615383,,True
13,Republic of Mordovia,21,Manufacture of pharmaceutical products,0,1,1.0,1.0769230769230769,,True
13,Republic of Mordovia,22,Manufacture of rubber and plastic products,4,8,1.8571428571428572,1.8461538461538463,0.9940828402366864,False
13,Republic of Mordovia,23,Other non-metallic mineral products,4,6,2.0,1.6153846153846154,0.8076923076923077,False
13,Republic of Mordovia,24,Manufacture of basic metals,1,1,1.1428571428571428,0.9285714285714286,,True
13,Republic of Mordovia,25,Manufacture of fabricated metal products,7,13,2.25,3.4615384615384617,1.5384615384615385,False
13,Republic of Mordovia,26,"Manufacture of computer, electronic and optical products",1,2,1.1428571428571428,1.3076923076923077,,True
13,Republic of Mordovia,27,Manufacture of electrical equipment,1,5,1.1428571428571428,1.4615384615384617,,True
13,Republic of Mordovia,28,Manufacture of machinery and equipment n.e.c.,1,3,1.1428571428571428,1.2307692307692308,,True
13,Republic of Mordovia,29,Manufacture of motor vehicles and trailers,1,3,1.1428571428571428,1.2307692307692308,,True
13,Republic of Mordovia,30,Manufacture of other transport equipment,0,1,1.0,1.0769230769230769,,True
13,Republic of Mordovia,31,Manufacture of furniture,6,10,3.0,2.0714285714285716,0.6904761904761906,False
13,Republic of Mordovia,32,Other manufacturing,4,8,1.7142857142857144,2.1538461538461537,1.2564102564102562,False
13,Republic of Mordovia,33,Repair and installation of machinery and equipment,7,11,2.857142857142857,2.9230769230769234,1.0230769230769232,False
13,Republic of Mordovia,35,"Electricity, gas, steam and air conditioning supply",1,7,1.1428571428571428,1.6153846153846154,,True
13,Republic of Mordovia,36,"Water collection, treatment and supply",3,1,1.4285714285714286,1.0769230769230769,,True
13,Republic of Mordovia,37,Sewerage,0,1,1.0,1.0769230769230769,,True
13,Republic of Mordovia,38,"Waste collection, treatment and disposal",3,5,1.4285714285714286,1.6153846153846154,1.1307692307692307,False
13,Republic of Mordovia,39,Remediation activities,0,0,1.0,1.0,,True
13,Republic of Mordovia,41,Construction of buildings,7,13,16.57142857142857,15.846153846153847,0.9562334217506633,False
13,Republic of Mordovia,42,Civil engineering,5,11,3.0,3.3846153846153846,1.1282051282051282,False
13,Republic of Mordovia,43,Specialised construction activities,7,13,23.0,19.571428571428573,0.8509316770186336,False
13,Republic of Mordovia,45,Sale and repair of motor vehicles and motorcycles,7,13,16.142857142857142,14.923076923076923,0.9244383934649422,False
13,Republic of Mordovia,46,Wholesale trade,7,13,18.0,15.500000000000002,0.8611111111111112,False
13,Republic of Mordovia,47,Retail trade,7,13,92.8888888888889,58.07142857142858,0.625170881749829,False
13,Republic of Mordovia,49,Land transport and pipeline transport,7,13,39.57142857142857,43.76923076923077,1.1060816439877812,False
13,Republic of Mordovia,51,Air transport,0,0,1.0,1.0,,True
13,Republic of Mordovia,52,Warehousing and transport support activities,7,10,3.0,2.9230769230769234,0.9743589743589745,False
13,Republic of Mordovia,53,Postal and courier activities,3,13,1.7142857142857144,3.6923076923076925,2.1538461538461537,False
13,Republic of Mordovia,55,Accommodation,3,7,1.5714285714285714,1.6923076923076923,1.0769230769230769,False
13,Republic of Mordovia,56,Food and beverage service activities,7,13,12.571428571428571,14.071428571428571,1.1193181818181819,False
13,Republic of Mordovia,58,Publishing activities,0,0,1.0,1.0,,True
13,Republic of Mordovia,59,"Motion picture, video and television production",6,8,2.428571428571429,1.6923076923076923,0.6968325791855203,False
13,Republic of Mordovia,60,Programming and broadcasting activities,1,0,1.1428571428571428,1.0,,True
13,Republic of Mordovia,61,Telecommunications,0,0,1.0,1.0,,True
13,Republic of Mordovia,62,"Computer programming, consultancy and related activities",7,13,10.0,10.076923076923077,1.0076923076923077,False
13,Republic of Mordovia,63,Information service activities,7,13,4.0,6.615384615384615,1.6538461538461537,False
13,Republic of Mordovia,64,"Financial service activities, except insurance and pension funding",1,5,1.1428571428571428,1.4615384615384617,,True
13,Republic of Mordovia,65,"Insurance, reinsurance and pension funding",0,0,1.0,1.0,,True
13,Republic of Mordovia,66,Auxiliary financial services,6,7,4.714285714285714,1.8461538461538463,0.3916083916083916,False
13,Republic of Mordovia,68,Real estate activities,7,13,8.777777777777779,12.071428571428571,1.3752260397830016,False
13,Republic of Mordovia,69,Legal and accounting activities,7,13,8.714285714285715,6.538461538461538,0.7503152585119797,False
13,Republic of Mordovia,70,Management consultancy activities,6,12,3.857142857142857,4.214285714285714,1.0925925925925926,False
13,Republic of Mordovia,71,Architectural and engineering activities,6,10,3.4285714285714284,3.6153846153846154,1.0544871794871795,False
13,Republic of Mordovia,72,Scientific research and development,7,8,3.2857142857142856,2.0769230769230766,0.6321070234113711,False
13,Republic of Mordovia,73,Advertising and market research,7,13,20.285714285714285,15.76923076923077,0.7773564463705309,False
13,Republic of Mordovia,74,"Other professional, scientific and technical activities",7,13,5.0,4.615384615384615,0.923076923076923,False
13,Republic of Mordovia,75,Veterinary activities,2,4,1.2857142857142856,1.3846153846153846,,True
13,Republic of Mordovia,77,Rental and leasing activities,7,12,3.4285714285714284,4.3076923076923075,1.2564102564102564,False
13,Republic of Mordovia,78,Employment activities,7,12,3.5714285714285716,3.3076923076923075,0.926153846153846,False
13,Republic of Mordovia,79,Travel agency and reservation services,5,7,2.428571428571429,1.9230769230769231,0.7918552036199095,False
13,Republic of Mordovia,80,Security and investigation activities,4,7,2.0,1.8461538461538463,0.9230769230769231,False
13,Republic of Mordovia,81,Services to buildings and landscape activities,6,13,3.7142857142857144,3.5384615384615383,0.9526627218934911,False
13,Republic of Mordovia,82,Office administrative and business support activities,7,13,5.142857142857143,6.142857142857142,1.1944444444444442,False
13,Republic of Mordovia,84,Public administration and defence; compulsory social security,0,0,1.0,1.0,,True
13,Republic of Mordovia,85,Education,7,13,5.714285714285714,4.769230769230769,0.8346153846153845,False
13,Republic of Mordovia,86,Human health activities,5,12,2.857142857142857,3.0,1.05,False
13,Republic of Mordovia,87,Residential care activities,0,0,1.0,1.0,,True
13,Republic of Mordovia,88,Social work activities without accommodation,4,4,1.8571428571428572,1.3076923076923077,0.7041420118343195,False
13,Republic of Mordovia,90,"Creative, arts and entertainment activities",4,9,1.7142857142857144,2.1538461538461537,1.2564102564102562,False
13,Republic of Mordovia,91,"Libraries, archives, museums and other cultural activities",0,0,1.0,1.0,,True
13,Republic of Mordovia,93,Sports activities and amusement and recreation,7,13,5.428571428571429,4.769230769230769,0.8785425101214575,False
13,Republic of Mordovia,94,Activities of membership organisations,0,0,1.0,1.0,,True
13,Republic of Mordovia,95,"Repair of computers, personal and household goods",7,13,3.2500000000000004,4.769230769230769,1.4674556213017749,False
13,Republic of Mordovia,96,Other personal service activities,7,13,12.0,15.076923076923077,1.2564102564102564,False
13,Republic of Mordovia,97,Activities of households as employers,1,0,1.1428571428571428,1.0,,True
14,Republic of Sakha (Yakutia),01,Crop and animal production,7,13,42.0,50.61538461538461,1.205128205128205,False
14,Republic of Sakha (Yakutia),02,Forestry and logging,7,13,7.285714285714286,7.769230769230769,1.0663650075414781,False
14,Republic of Sakha (Yakutia),03,Fishing and aquaculture,7,10,3.857142857142857,3.1538461538461537,0.8176638176638176,False
14,Republic of Sakha (Yakutia),05,Mining of coal and lignite,1,0,1.1428571428571428,1.0,,True
14,Republic of Sakha (Yakutia),06,Extraction of crude petroleum and natural gas,0,1,1.0,1.0769230769230769,,True
14,Republic of Sakha (Yakutia),07,OKVED 07,7,13,4.857142857142858,8.23076923076923,1.694570135746606,False
14,Republic of Sakha (Yakutia),08,Other mining and quarrying,7,13,4.857142857142858,3.5384615384615383,0.7285067873303166,False
14,Republic of Sakha (Yakutia),09,Mining support services,2,3,1.2857142857142856,1.3076923076923077,,True
14,Republic of Sakha (Yakutia),10,Manufacture of food products,7,13,12.714285714285714,16.846153846153847,1.324978392394123,False
14,Republic of Sakha (Yakutia),11,Manufacture of beverages,6,5,2.428571428571429,1.6923076923076923,0.6968325791855203,False
14,Republic of Sakha (Yakutia),12,Manufacture of tobacco products,1,0,1.1428571428571428,1.0,,True
14,Republic of Sakha (Yakutia),13,Manufacture of textiles,1,6,1.1428571428571428,2.0769230769230766,,True
14,Republic of Sakha (Yakutia),14,Manufacture of wearing apparel,7,13,6.428571428571429,6.0,0.9333333333333333,False
14,Republic of Sakha (Yakutia),15,Manufacture of leather and related products,3,2,1.4285714285714286,1.1538461538461537,,True
14,Republic of Sakha (Yakutia),16,Wood processing,6,12,4.714285714285714,3.3076923076923075,0.7016317016317015,False
14,Republic of Sakha (Yakutia),17,Manufacture of paper and paper products,0,1,1.0,1.0769230769230769,,True
14,Republic of Sakha (Yakutia),18,Printing and reproduction of recorded media,7,11,3.857142857142857,3.1538461538461537,0.8176638176638176,False
14,Republic of Sakha (Yakutia),19,Manufacture of coke and refined petroleum products,0,1,1.0,1.0769230769230769,,True
14,Republic of Sakha (Yakutia),20,Manufacture of chemicals and chemical products,4,7,2.0,1.6153846153846154,0.8076923076923077,False
14,Republic of Sakha (Yakutia),21,Manufacture of pharmaceutical products,0,1,1.0,1.0769230769230769,,True
14,Republic of Sakha (Yakutia),22,Manufacture of rubber and plastic products,6,9,2.0,2.6153846153846154,1.3076923076923077,False
14,Republic of Sakha (Yakutia),23,Other non-metallic mineral products,6,12,3.2500000000000004,3.3846153846153846,1.041420118343195,False
14,Republic of Sakha (Yakutia),24,Manufacture of basic metals,1,2,1.1428571428571428,1.1538461538461537,,True
14,Republic of Sakha (Yakutia),25,Manufacture of fabricated metal products,7,13,7.857142857142857,9.0,1.1454545454545455,False
14,Republic of Sakha (Yakutia),26,"Manufacture of computer, electronic and optical products",4,2,1.5714285714285714,1.1538461538461537,,True
14,Republic of Sakha (Yakutia),27,Manufacture of electrical equipment,2,0,1.2857142857142856,1.0,,True
14,Republic of Sakha (Yakutia),28,Manufacture of machinery and equipment n.e.c.,1,4,1.1428571428571428,1.3076923076923077,,True
14,Republic of Sakha (Yakutia),29,Manufacture of motor vehicles and trailers,3,4,1.4285714285714286,1.3076923076923077,0.9153846153846154,False
14,Republic of Sakha (Yakutia),30,Manufacture of other transport equipment,2,2,1.5714285714285714,1.2307692307692308,,True
14,Republic of Sakha (Yakutia),31,Manufacture of furniture,6,13,5.142857142857143,4.0,0.7777777777777777,False
14,Republic of Sakha (Yakutia),32,Other manufacturing,7,13,4.285714285714286,5.153846153846154,1.2025641025641027,False
14,Republic of Sakha (Yakutia),33,Repair and installation of machinery and equipment,5,11,4.428571428571429,4.461538461538462,1.0074441687344913,False
14,Republic of Sakha (Yakutia),35,"Electricity, gas, steam and air conditioning supply",5,11,2.571428571428571,3.230769230769231,1.2564102564102566,False
14,Republic of Sakha (Yakutia),36,"Water collection, treatment and supply",7,10,3.142857142857143,2.4615384615384617,0.7832167832167832,False
14,Republic of Sakha (Yakutia),37,Sewerage,4,4,1.7142857142857144,1.3846153846153846,0.8076923076923076,False
14,Republic of Sakha (Yakutia),38,"Waste collection, treatment and disposal",3,8,1.5714285714285714,1.6923076923076923,1.0769230769230769,False
14,Republic of Sakha (Yakutia),39,Remediation activities,0,0,1.0,1.0,,True
14,Republic of Sakha (Yakutia),41,Construction of buildings,7,13,92.0,72.14285714285715,0.7841614906832299,False
14,Republic of Sakha (Yakutia),42,Civil engineering,7,13,8.142857142857142,7.285714285714286,0.8947368421052632,False
14,Republic of Sakha (Yakutia),43,Specialised construction activities,7,13,58.285714285714285,57.69230769230769,0.9898190045248869,False
14,Republic of Sakha (Yakutia),45,Sale and repair of motor vehicles and motorcycles,7,13,27.428571428571427,24.76923076923077,0.9030448717948719,False
14,Republic of Sakha (Yakutia),46,Wholesale trade,7,13,17.4,15.578947368421051,0.8953418027828192,False
14,Republic of Sakha (Yakutia),47,Retail trade,7,13,139.0,129.42857142857142,0.9311408016443987,False
14,Republic of Sakha (Yakutia),49,Land transport and pipeline transport,7,13,111.85714285714286,113.84615384615384,1.0177817074368798,False
14,Republic of Sakha (Yakutia),50,Water transport,7,10,2.2857142857142856,2.9230769230769234,1.278846153846154,False
14,Republic of Sakha (Yakutia),51,Air transport,1,2,1.1428571428571428,1.1538461538461537,,True
14,Republic of Sakha (Yakutia),52,Warehousing and transport support activities,7,13,6.375,12.428571428571429,1.949579831932773,False
14,Republic of Sakha (Yakutia),53,Postal and courier activities,6,12,3.4285714285714284,3.3846153846153846,0.9871794871794872,False
14,Republic of Sakha (Yakutia),55,Accommodation,7,13,8.285714285714285,7.6923076923076925,0.9283819628647216,False
14,Republic of Sakha (Yakutia),56,Food and beverage service activities,7,13,39.714285714285715,34.85714285714286,0.8776978417266188,False
14,Republic of Sakha (Yakutia),58,Publishing activities,1,5,1.1428571428571428,1.5384615384615383,,True
14,Republic of Sakha (Yakutia),59,"Motion picture, video and television production",6,11,3.5714285714285716,3.923076923076923,1.0984615384615384,False
14,Republic of Sakha (Yakutia),60,Programming and broadcasting activities,1,0,1.1428571428571428,1.0,,True
14,Republic of Sakha (Yakutia),61,Telecommunications,4,5,1.7142857142857144,1.4615384615384617,0.8525641025641025,False
14,Republic of Sakha (Yakutia),62,"Computer programming, consultancy and related activities",7,13,14.714285714285714,12.785714285714286,0.8689320388349515,False
14,Republic of Sakha (Yakutia),63,Information service activities,7,13,6.142857142857143,9.923076923076923,1.6153846153846154,False
14,Republic of Sakha (Yakutia),64,"Financial service activities, except insurance and pension funding",3,7,1.7142857142857144,1.7692307692307692,1.032051282051282,False
14,Republic of Sakha (Yakutia),65,"Insurance, reinsurance and pension funding",0,1,1.0,1.0769230769230769,,True
14,Republic of Sakha (Yakutia),66,Auxiliary financial services,7,12,3.142857142857143,3.3846153846153846,1.0769230769230769,False
14,Republic of Sakha (Yakutia),68,Real estate activities,7,13,25.0,20.84210526315789,0.8336842105263156,False
14,Republic of Sakha (Yakutia),69,Legal and accounting activities,7,13,9.857142857142858,10.538461538461538,1.0691192865105907,False
14,Republic of Sakha (Yakutia),70,Management consultancy activities,7,13,5.428571428571429,7.0,1.2894736842105263,False
14,Republic of Sakha (Yakutia),71,Architectural and engineering activities,7,13,14.428571428571429,13.0,0.900990099009901,False
14,Republic of Sakha (Yakutia),72,Scientific research and development,5,7,2.571428571428571,1.8461538461538463,0.7179487179487181,False
14,Republic of Sakha (Yakutia),73,Advertising and market research,7,13,10.428571428571429,15.307692307692308,1.4678609062170707,False
14,Republic of Sakha (Yakutia),74,"Other professional, scientific and technical activities",7,13,7.571428571428571,10.23076923076923,1.3512336719883888,False
14,Republic of Sakha (Yakutia),75,Veterinary activities,2,3,1.2857142857142856,1.2307692307692308,,True
14,Republic of Sakha (Yakutia),77,Rental and leasing activities,6,13,6.0,5.846153846153846,0.9743589743589743,False
14,Republic of Sakha (Yakutia),78,Employment activities,5,10,2.857142857142857,3.1538461538461537,1.1038461538461537,False
14,Republic of Sakha (Yakutia),79,Travel agency and reservation services,7,13,5.857142857142857,7.846153846153846,1.3395872420262664,False
14,Republic of Sakha (Yakutia),80,Security and investigation activities,5,10,1.8571428571428572,2.5000000000000004,1.3461538461538463,False
14,Republic of Sakha (Yakutia),81,Services to buildings and landscape activities,7,13,9.571428571428571,8.615384615384615,0.9001148105625717,False
14,Republic of Sakha (Yakutia),82,Office administrative and business support activities,7,13,9.285714285714286,13.846153846153847,1.4911242603550294,False
14,Republic of Sakha (Yakutia),84,Public administration and defence; compulsory social security,2,3,1.4285714285714286,1.2307692307692308,,True
14,Republic of Sakha (Yakutia),85,Education,7,13,12.428571428571429,10.615384615384615,0.8541114058355437,False
14,Republic of Sakha (Yakutia),86,Human health activities,7,13,6.857142857142857,6.076923076923077,0.8862179487179487,False
14,Republic of Sakha (Yakutia),87,Residential care activities,2,4,1.2857142857142856,1.3846153846153846,,True
14,Republic of Sakha (Yakutia),88,Social work activities without accommodation,3,5,1.7142857142857144,1.8461538461538463,1.0769230769230769,False
14,Republic of Sakha (Yakutia),90,"Creative, arts and entertainment activities",7,12,3.857142857142857,4.076923076923077,1.056980056980057,False
14,Republic of Sakha (Yakutia),91,"Libraries, archives, museums and other cultural activities",3,2,1.4285714285714286,1.1538461538461537,,True
14,Republic of Sakha (Yakutia),92,Gambling and betting activities,1,0,1.1428571428571428,1.0,,True
14,Republic of Sakha (Yakutia),93,Sports activities and amusement and recreation,7,13,13.285714285714286,13.0,0.9784946236559139,False
14,Republic of Sakha (Yakutia),94,Activities of membership organisations,1,4,1.1428571428571428,1.3846153846153846,,True
14,Republic of Sakha (Yakutia),95,"Repair of computers, personal and household goods",7,13,8.714285714285715,6.076923076923077,0.6973518284993694,False
14,Republic of Sakha (Yakutia),96,Other personal service activities,7,13,22.857142857142858,29.615384615384617,1.2956730769230769,False
14,Republic of Sakha (Yakutia),97,Activities of households as employers,1,1,1.1428571428571428,1.0769230769230769,,True
14,Republic of Sakha (Yakutia),98,OKVED 98,0,1,1.0,1.0769230769230769,,True
14,Republic of Sakha (Yakutia),99,Activities of extraterritorial organisations and bodies,0,0,1.0,1.0,,True
15,Republic of North Ossetia-Alania,01,Crop and animal production,7,13,36.42857142857143,37.84615384615385,1.0389140271493211,False
15,Republic of North Ossetia-Alania,02,Forestry and logging,2,4,1.2857142857142856,1.3846153846153846,,True
15,Republic of North Ossetia-Alania,03,Fishing and aquaculture,7,13,7.285714285714286,10.615384615384615,1.4570135746606334,False
15,Republic of North Ossetia-Alania,05,Mining of coal and lignite,0,1,1.0,1.0769230769230769,,True
15,Republic of North Ossetia-Alania,06,Extraction of crude petroleum and natural gas,1,1,1.1428571428571428,1.0769230769230769,,True
15,Republic of North Ossetia-Alania,07,OKVED 07,0,0,1.0,1.0,,True
15,Republic of North Ossetia-Alania,08,Other mining and quarrying,0,6,1.0,1.8461538461538463,,True
15,Republic of North Ossetia-Alania,09,Mining support services,1,0,1.1428571428571428,1.0,,True
15,Republic of North Ossetia-Alania,10,Manufacture of food products,7,13,7.857142857142857,13.076923076923077,1.6643356643356644,False
15,Republic of North Ossetia-Alania,11,Manufacture of beverages,5,10,2.2857142857142856,2.6923076923076925,1.1778846153846156,False
15,Republic of North Ossetia-Alania,12,Manufacture of tobacco products,1,0,1.1428571428571428,1.0,,True
15,Republic of North Ossetia-Alania,13,Manufacture of textiles,4,6,1.5714285714285714,1.5384615384615383,0.979020979020979,False
15,Republic of North Ossetia-Alania,14,Manufacture of wearing apparel,6,8,2.7142857142857144,2.769230769230769,1.020242914979757,False
15,Republic of North Ossetia-Alania,15,Manufacture of leather and related products,0,3,1.0,1.3076923076923077,,True
15,Republic of North Ossetia-Alania,16,Wood processing,5,9,2.0,2.0769230769230766,1.0384615384615383,False
15,Republic of North Ossetia-Alania,17,Manufacture of paper and paper products,2,4,1.2857142857142856,1.3076923076923077,,True
15,Republic of North Ossetia-Alania,18,Printing and reproduction of recorded media,2,4,1.4285714285714286,1.3846153846153846,,True
15,Republic of North Ossetia-Alania,19,Manufacture of coke and refined petroleum products,0,1,1.0,1.0769230769230769,,True
15,Republic of North Ossetia-Alania,20,Manufacture of chemicals and chemical products,3,11,1.7142857142857144,2.0769230769230766,1.2115384615384612,False
15,Republic of North Ossetia-Alania,21,Manufacture of pharmaceutical products,0,1,1.0,1.0769230769230769,,True
15,Republic of North Ossetia-Alania,22,Manufacture of rubber and plastic products,7,8,3.7142857142857144,2.0,0.5384615384615384,False
15,Republic of North Ossetia-Alania,23,Other non-metallic mineral products,7,13,3.5714285714285716,3.3076923076923075,0.926153846153846,False
15,Republic of North Ossetia-Alania,24,Manufacture of basic metals,0,0,1.0,1.0,,True
15,Republic of North Ossetia-Alania,25,Manufacture of fabricated metal products,7,13,2.7142857142857144,3.1538461538461537,1.1619433198380567,False
15,Republic of North Ossetia-Alania,26,"Manufacture of computer, electronic and optical products",0,0,1.0,1.0,,True
15,Republic of North Ossetia-Alania,27,Manufacture of electrical equipment,0,0,1.0,1.0,,True
15,Republic of North Ossetia-Alania,28,Manufacture of machinery and equipment n.e.c.,0,2,1.0,1.1538461538461537,,True
15,Republic of North Ossetia-Alania,29,Manufacture of motor vehicles and trailers,0,0,1.0,1.0,,True
15,Republic of North Ossetia-Alania,30,Manufacture of other transport equipment,0,0,1.0,1.0,,True
15,Republic of North Ossetia-Alania,31,Manufacture of furniture,6,13,3.857142857142857,3.1538461538461537,0.8176638176638176,False
15,Republic of North Ossetia-Alania,32,Other manufacturing,6,11,1.8571428571428572,2.8461538461538463,1.532544378698225,False
15,Republic of North Ossetia-Alania,33,Repair and installation of machinery and equipment,4,11,3.2857142857142856,4.615384615384615,1.4046822742474916,False
15,Republic of North Ossetia-Alania,35,"Electricity, gas, steam and air conditioning supply",1,2,1.5714285714285714,1.2307692307692308,,True
15,Republic of North Ossetia-Alania,36,"Water collection, treatment and supply",0,0,1.0,1.0,,True
15,Republic of North Ossetia-Alania,37,Sewerage,0,0,1.0,1.0,,True
15,Republic of North Ossetia-Alania,38,"Waste collection, treatment and disposal",4,5,1.7142857142857144,1.4615384615384617,0.8525641025641025,False
15,Republic of North Ossetia-Alania,41,Construction of buildings,7,13,24.0,21.23076923076923,0.8846153846153846,False
15,Republic of North Ossetia-Alania,42,Civil engineering,7,13,6.428571428571429,4.769230769230769,0.7418803418803418,False
15,Republic of North Ossetia-Alania,43,Specialised construction activities,7,13,25.857142857142858,25.846153846153847,0.9995750106247344,False
15,Republic of North Ossetia-Alania,45,Sale and repair of motor vehicles and motorcycles,7,13,11.571428571428571,13.0,1.123456790123457,False
15,Republic of North Ossetia-Alania,46,Wholesale trade,7,13,33.0,26.285714285714285,0.7965367965367965,False
15,Republic of North Ossetia-Alania,47,Retail trade,7,13,218.42857142857142,132.3181818181818,0.6057732326535465,False
15,Republic of North Ossetia-Alania,49,Land transport and pipeline transport,7,13,38.285714285714285,42.0,1.0970149253731343,False
15,Republic of North Ossetia-Alania,50,Water transport,1,0,1.1428571428571428,1.0,,True
15,Republic of North Ossetia-Alania,51,Air transport,0,0,1.0,1.0,,True
15,Republic of North Ossetia-Alania,52,Warehousing and transport support activities,7,13,5.714285714285714,7.153846153846154,1.251923076923077,False
15,Republic of North Ossetia-Alania,53,Postal and courier activities,5,12,2.2857142857142856,3.3846153846153846,1.4807692307692308,False
15,Republic of North Ossetia-Alania,55,Accommodation,7,13,5.428571428571429,5.846153846153846,1.0769230769230769,False
15,Republic of North Ossetia-Alania,56,Food and beverage service activities,7,13,21.857142857142858,25.692307692307693,1.175465057817999,False
15,Republic of North Ossetia-Alania,58,Publishing activities,0,2,1.0,1.1538461538461537,,True
15,Republic of North Ossetia-Alania,59,"Motion picture, video and television production",6,10,3.4285714285714284,3.1538461538461537,0.9198717948717949,False
15,Republic of North Ossetia-Alania,60,Programming and broadcasting activities,0,1,1.0,1.0769230769230769,,True
15,Republic of North Ossetia-Alania,61,Telecommunications,0,3,1.0,1.2307692307692308,,True
15,Republic of North Ossetia-Alania,62,"Computer programming, consultancy and related activities",7,13,7.285714285714286,8.692307692307693,1.1930618401206639,False
15,Republic of North Ossetia-Alania,63,Information service activities,6,13,3.7142857142857144,5.461538461538462,1.470414201183432,False
15,Republic of North Ossetia-Alania,64,"Financial service activities, except insurance and pension funding",4,2,1.5714285714285714,1.3076923076923077,,True
15,Republic of North Ossetia-Alania,65,"Insurance, reinsurance and pension funding",1,0,1.1428571428571428,1.0,,True
15,Republic of North Ossetia-Alania,66,Auxiliary financial services,4,11,2.142857142857143,2.0769230769230766,0.9692307692307691,False
15,Republic of North Ossetia-Alania,68,Real estate activities,7,13,15.285714285714286,15.76923076923077,1.0316319194823869,False
15,Republic of North Ossetia-Alania,69,Legal and accounting activities,7,13,5.142857142857143,5.076923076923077,0.987179487179487,False
15,Republic of North Ossetia-Alania,70,Management consultancy activities,5,11,2.7142857142857144,3.923076923076923,1.4453441295546556,False
15,Republic of North Ossetia-Alania,71,Architectural and engineering activities,6,13,6.0,5.615384615384615,0.9358974358974358,False
15,Republic of North Ossetia-Alania,72,Scientific research and development,1,5,1.1428571428571428,1.5384615384615383,,True
15,Republic of North Ossetia-Alania,73,Advertising and market research,7,13,11.0,29.846153846153847,2.7132867132867133,False
15,Republic of North Ossetia-Alania,74,"Other professional, scientific and technical activities",6,13,4.285714285714286,9.615384615384615,2.2435897435897436,False
15,Republic of North Ossetia-Alania,75,Veterinary activities,0,3,1.0,1.2307692307692308,,True
15,Republic of North Ossetia-Alania,77,Rental and leasing activities,7,13,5.714285714285714,4.3076923076923075,0.7538461538461538,False
15,Republic of North Ossetia-Alania,78,Employment activities,4,6,2.142857142857143,1.9230769230769231,0.8974358974358975,False
15,Republic of North Ossetia-Alania,79,Travel agency and reservation services,7,13,5.428571428571429,5.076923076923077,0.9352226720647773,False
15,Republic of North Ossetia-Alania,80,Security and investigation activities,2,9,1.7142857142857144,2.1538461538461537,,True
15,Republic of North Ossetia-Alania,81,Services to buildings and landscape activities,7,13,3.4285714285714284,4.428571428571429,1.2916666666666667,False
15,Republic of North Ossetia-Alania,82,Office administrative and business support activities,7,12,4.714285714285714,12.153846153846153,2.578088578088578,False
15,Republic of North Ossetia-Alania,84,Public administration and defence; compulsory social security,1,0,1.1428571428571428,1.0,,True
15,Republic of North Ossetia-Alania,85,Education,7,13,6.142857142857143,5.6923076923076925,0.9266547406082289,False
15,Republic of North Ossetia-Alania,86,Human health activities,6,12,4.285714285714286,5.923076923076923,1.3820512820512822,False
15,Republic of North Ossetia-Alania,87,Residential care activities,0,1,1.0,1.0769230769230769,,True
15,Republic of North Ossetia-Alania,88,Social work activities without accommodation,4,5,1.5714285714285714,1.6153846153846154,1.027972027972028,False
15,Republic of North Ossetia-Alania,90,"Creative, arts and entertainment activities",7,13,3.142857142857143,3.1538461538461537,1.0034965034965035,False
15,Republic of North Ossetia-Alania,91,"Libraries, archives, museums and other cultural activities",1,0,1.1428571428571428,1.0,,True
15,Republic of North Ossetia-Alania,92,Gambling and betting activities,2,1,1.2857142857142856,1.0769230769230769,,True
15,Republic of North Ossetia-Alania,93,Sports activities and amusement and recreation,7,13,6.285714285714286,7.076923076923077,1.1258741258741258,False
15,Republic of North Ossetia-Alania,94,Activities of membership organisations,2,0,1.2857142857142856,1.0,,True
15,Republic of North Ossetia-Alania,95,"Repair of computers, personal and household goods",6,13,3.0,4.076923076923077,1.3589743589743588,False
15,Republic of North Ossetia-Alania,96,Other personal service activities,7,13,20.428571428571427,20.153846153846153,0.9865519096288328,False
15,Republic of North Ossetia-Alania,97,Activities of households as employers,1,1,1.1428571428571428,1.0769230769230769,,True
16,Republic of Tatarstan,01,Crop and animal production,7,13,27.5,30.176470588235293,1.0973262032085562,False
16,Republic of Tatarstan,02,Forestry and logging,6,11,2.7142857142857144,2.5384615384615383,0.9352226720647773,False
16,Republic of Tatarstan,03,Fishing and aquaculture,4,12,2.0,2.6153846153846154,1.3076923076923077,False
16,Republic of Tatarstan,05,Mining of coal and lignite,0,1,1.0,1.0769230769230769,,True
16,Republic of Tatarstan,06,Extraction of crude petroleum and natural gas,1,1,1.2857142857142856,1.2307692307692308,,True
16,Republic of Tatarstan,07,OKVED 07,0,0,1.0,1.0,,True
16,Republic of Tatarstan,08,Other mining and quarrying,4,9,2.428571428571429,1.8461538461538463,0.7601809954751131,False
16,Republic of Tatarstan,09,Mining support services,4,13,1.7142857142857144,2.8461538461538463,1.6602564102564101,False
16,Republic of Tatarstan,10,Manufacture of food products,7,13,22.625,23.444444444444443,1.03621853898097,False
16,Republic of Tatarstan,11,Manufacture of beverages,5,5,1.8571428571428572,1.4615384615384617,0.7869822485207101,False
16,Republic of Tatarstan,12,Manufacture of tobacco products,1,1,1.1428571428571428,1.0769230769230769,,True
16,Republic of Tatarstan,13,Manufacture of textiles,7,12,6.285714285714286,4.230769230769231,0.6730769230769231,False
16,Republic of Tatarstan,14,Manufacture of wearing apparel,7,13,12.285714285714286,12.846153846153847,1.0456171735241502,False
16,Republic of Tatarstan,15,Manufacture of leather and related products,4,8,1.8571428571428572,1.5714285714285714,0.8461538461538461,False
16,Republic of Tatarstan,16,Wood processing,7,13,8.75,8.153846153846153,0.9318681318681318,False
16,Republic of Tatarstan,17,Manufacture of paper and paper products,4,8,2.0,2.1538461538461537,1.0769230769230769,False
16,Republic of Tatarstan,18,Printing and reproduction of recorded media,7,13,5.857142857142857,5.846153846153846,0.9981238273921201,False
16,Republic of Tatarstan,19,Manufacture of coke and refined petroleum products,1,3,1.1428571428571428,1.3076923076923077,,True
16,Republic of Tatarstan,20,Manufacture of chemicals and chemical products,7,13,8.142857142857142,7.846153846153846,0.9635627530364372,False
16,Republic of Tatarstan,21,Manufacture of pharmaceutical products,1,4,1.2857142857142856,1.3076923076923077,,True
16,Republic of Tatarstan,22,Manufacture of rubber and plastic products,7,13,8.714285714285715,7.214285714285714,0.8278688524590163,False
16,Republic of Tatarstan,23,Other non-metallic mineral products,7,13,8.000000000000002,8.642857142857144,1.0803571428571428,False
16,Republic of Tatarstan,24,Manufacture of basic metals,5,4,1.7142857142857144,1.4615384615384617,0.8525641025641025,False
16,Republic of Tatarstan,25,Manufacture of fabricated metal products,7,13,26.333333333333332,25.933333333333337,0.9848101265822786,False
16,Republic of Tatarstan,26,"Manufacture of computer, electronic and optical products",7,11,3.0,2.6923076923076925,0.8974358974358975,False
16,Republic of Tatarstan,27,Manufacture of electrical equipment,5,13,3.142857142857143,2.8571428571428577,0.9090909090909093,False
16,Republic of Tatarstan,28,Manufacture of machinery and equipment n.e.c.,7,13,5.428571428571429,6.461538461538462,1.1902834008097165,False
16,Republic of Tatarstan,29,Manufacture of motor vehicles and trailers,6,11,3.4285714285714284,4.0,1.1666666666666667,False
16,Republic of Tatarstan,30,Manufacture of other transport equipment,4,9,2.142857142857143,2.6923076923076925,1.2564102564102566,False
16,Republic of Tatarstan,31,Manufacture of furniture,7,13,15.500000000000002,18.23076923076923,1.1761786600496276,False
16,Republic of Tatarstan,32,Other manufacturing,7,13,8.857142857142858,13.692307692307692,1.5459057071960296,False
16,Republic of Tatarstan,33,Repair and installation of machinery and equipment,7,13,18.285714285714285,21.076923076923077,1.1526442307692308,False
16,Republic of Tatarstan,35,"Electricity, gas, steam and air conditioning supply",7,12,2.0,3.230769230769231,1.6153846153846154,False
16,Republic of Tatarstan,36,"Water collection, treatment and supply",4,7,1.8571428571428572,1.6153846153846154,0.8698224852071006,False
16,Republic of Tatarstan,37,Sewerage,5,10,1.8571428571428572,2.1538461538461537,1.1597633136094674,False
16,Republic of Tatarstan,38,"Waste collection, treatment and disposal",7,13,3.75,3.588235294117647,0.9568627450980393,False
16,Republic of Tatarstan,39,Remediation activities,1,1,1.1428571428571428,1.0769230769230769,,True
16,Republic of Tatarstan,41,Construction of buildings,7,13,123.22222222222223,79.59090909090908,0.6459135994753668,False
16,Republic of Tatarstan,42,Civil engineering,7,13,19.750000000000004,18.42857142857143,0.9330922242314647,False
16,Republic of Tatarstan,43,Specialised construction activities,7,13,137.55555555555557,133.29411764705884,0.9690202413760335,False
16,Republic of Tatarstan,45,Sale and repair of motor vehicles and motorcycles,7,13,70.36363636363636,44.65624999999999,0.6346495478036175,False
16,Republic of Tatarstan,46,Wholesale trade,7,13,89.6153846153846,66.03333333333335,0.7368526466380546,False
16,Republic of Tatarstan,47,Retail trade,7,13,580.6666666666666,170.27692307692308,0.293243839971739,False
16,Republic of Tatarstan,49,Land transport and pipeline transport,7,13,253.375,286.85714285714283,1.1321446190711113,False
16,Republic of Tatarstan,50,Water transport,2,7,1.4285714285714286,1.6923076923076923,,True
16,Republic of Tatarstan,51,Air transport,0,4,1.0,1.142857142857143,,True
16,Republic of Tatarstan,52,Warehousing and transport support activities,7,13,16.555555555555557,18.941176470588236,1.1440979076194235,False
16,Republic of Tatarstan,53,Postal and courier activities,7,13,7.714285714285714,12.76923076923077,1.6552706552706553,False
16,Republic of Tatarstan,55,Accommodation,7,13,10.25,8.857142857142858,0.8641114982578397,False
16,Republic of Tatarstan,56,Food and beverage service activities,7,13,68.10000000000001,70.9047619047619,1.0411859310537723,False
16,Republic of Tatarstan,58,Publishing activities,7,12,3.2857142857142856,3.076923076923077,0.9364548494983278,False
16,Republic of Tatarstan,59,"Motion picture, video and television production",7,13,10.0,9.461538461538462,0.9461538461538461,False
16,Republic of Tatarstan,60,Programming and broadcasting activities,2,2,1.2857142857142856,1.1538461538461537,,True
16,Republic of Tatarstan,61,Telecommunications,6,10,2.142857142857143,2.230769230769231,1.041025641025641,False
16,Republic of Tatarstan,62,"Computer programming, consultancy and related activities",7,13,75.66666666666669,62.42857142857142,0.8250471994965384,False
16,Republic of Tatarstan,63,Information service activities,7,13,32.714285714285715,44.85714285714286,1.3711790393013101,False
16,Republic of Tatarstan,64,"Financial service activities, except insurance and pension funding",7,13,4.571428571428571,4.642857142857143,1.0156250000000002,False
16,Republic of Tatarstan,65,"Insurance, reinsurance and pension funding",0,0,1.0,1.0,,True
16,Republic of Tatarstan,66,Auxiliary financial services,7,13,9.714285714285714,9.714285714285715,1.0000000000000002,False
16,Republic of Tatarstan,68,Real estate activities,7,13,89.0,76.57692307692308,0.8604148660328436,False
16,Republic of Tatarstan,69,Legal and accounting activities,7,13,43.714285714285715,45.285714285714285,1.0359477124183005,False
16,Republic of Tatarstan,70,Management consultancy activities,7,13,24.875,29.46666666666667,1.1845896147403685,False
16,Republic of Tatarstan,71,Architectural and engineering activities,7,13,32.375,35.0,1.0810810810810811,False
16,Republic of Tatarstan,72,Scientific research and development,7,12,12.375,13.76923076923077,1.1126651126651128,False
16,Republic of Tatarstan,73,Advertising and market research,7,13,65.57142857142857,92.57142857142858,1.4117647058823533,False
16,Republic of Tatarstan,74,"Other professional, scientific and technical activities",7,13,33.714285714285715,40.142857142857146,1.190677966101695,False
16,Republic of Tatarstan,75,Veterinary activities,4,11,2.0,2.8461538461538463,1.4230769230769231,False
16,Republic of Tatarstan,77,Rental and leasing activities,7,13,34.285714285714285,28.307692307692307,0.8256410256410256,False
16,Republic of Tatarstan,78,Employment activities,7,13,14.0,14.615384615384615,1.043956043956044,False
16,Republic of Tatarstan,79,Travel agency and reservation services,7,13,19.857142857142858,21.076923076923077,1.0614277808522412,False
16,Republic of Tatarstan,80,Security and investigation activities,7,13,4.2,6.2666666666666675,1.492063492063492,False
16,Republic of Tatarstan,81,Services to buildings and landscape activities,7,13,21.8,23.5,1.0779816513761467,False
16,Republic of Tatarstan,82,Office administrative and business support activities,7,13,40.42857142857143,86.36842105263156,2.1363213687930065,False
16,Republic of Tatarstan,84,Public administration and defence; compulsory social security,2,5,1.2857142857142856,1.3846153846153846,,True
16,Republic of Tatarstan,85,Education,7,13,46.714285714285715,46.53846153846154,0.9962361797224183,False
16,Republic of Tatarstan,86,Human health activities,7,13,17.625,11.5,0.6524822695035462,False
16,Republic of Tatarstan,87,Residential care activities,2,6,1.7142857142857144,1.6923076923076923,,True
16,Republic of Tatarstan,88,Social work activities without accommodation,7,13,5.428571428571429,4.846153846153847,0.8927125506072875,False
16,Republic of Tatarstan,90,"Creative, arts and entertainment activities",7,13,14.0,14.76923076923077,1.054945054945055,False
16,Republic of Tatarstan,91,"Libraries, archives, museums and other cultural activities",4,3,1.5714285714285714,1.3076923076923077,0.8321678321678322,False
16,Republic of Tatarstan,92,Gambling and betting activities,3,2,1.4285714285714286,1.1538461538461537,,True
16,Republic of Tatarstan,93,Sports activities and amusement and recreation,7,13,30.0,40.714285714285715,1.3571428571428572,False
16,Republic of Tatarstan,94,Activities of membership organisations,5,8,2.142857142857143,2.0,0.9333333333333333,False
16,Republic of Tatarstan,95,"Repair of computers, personal and household goods",7,13,18.857142857142858,21.076923076923077,1.1177156177156178,False
16,Republic of Tatarstan,96,Other personal service activities,7,13,91.42857142857143,99.57142857142857,1.0890625,False
16,Republic of Tatarstan,97,Activities of households as employers,2,0,1.4285714285714286,1.0,,True
16,Republic of Tatarstan,98,OKVED 98,0,0,1.0,1.0,,True
16,Republic of Tatarstan,99,Activities of extraterritorial organisations and bodies,0,1,1.0,1.0769230769230769,,True
17,Republic of Tuva,01,Crop and animal production,7,13,18.285714285714285,26.76923076923077,1.4639423076923077,False
17,Republic of Tuva,02,Forestry and logging,6,10,2.7142857142857144,3.923076923076923,1.4453441295546556,False
17,Republic of Tuva,03,Fishing and aquaculture,3,4,1.4285714285714286,1.4615384615384617,1.0230769230769232,False
17,Republic of Tuva,05,Mining of coal and lignite,0,0,1.0,1.0,,True
17,Republic of Tuva,07,OKVED 07,1,5,1.1428571428571428,1.4615384615384617,,True
17,Republic of Tuva,08,Other mining and quarrying,0,2,1.0,1.2307692307692308,,True
17,Republic of Tuva,10,Manufacture of food products,7,13,6.857142857142857,10.538461538461538,1.5368589743589745,False
17,Republic of Tuva,11,Manufacture of beverages,1,2,1.1428571428571428,1.1538461538461537,,True
17,Republic of Tuva,13,Manufacture of textiles,2,3,1.2857142857142856,1.3846153846153846,,True
17,Republic of Tuva,14,Manufacture of wearing apparel,4,8,2.0,2.4615384615384617,1.2307692307692308,False
17,Republic of Tuva,15,Manufacture of leather and related products,1,3,1.1428571428571428,1.2307692307692308,,True
17,Republic of Tuva,16,Wood processing,7,13,2.857142857142857,4.428571428571429,1.55,False
17,Republic of Tuva,17,Manufacture of paper and paper products,0,1,1.0,1.1538461538461537,,True
17,Republic of Tuva,18,Printing and reproduction of recorded media,3,4,1.4285714285714286,1.3076923076923077,0.9153846153846154,False
17,Republic of Tuva,20,Manufacture of chemicals and chemical products,2,3,1.2857142857142856,1.2307692307692308,,True
17,Republic of Tuva,22,Manufacture of rubber and plastic products,1,4,1.1428571428571428,1.3076923076923077,,True
17,Republic of Tuva,23,Other non-metallic mineral products,4,10,1.7142857142857144,2.230769230769231,1.3012820512820513,False
17,Republic of Tuva,24,Manufacture of basic metals,0,0,1.0,1.0,,True
17,Republic of Tuva,25,Manufacture of fabricated metal products,4,7,2.0,2.1538461538461537,1.0769230769230769,False
17,Republic of Tuva,26,"Manufacture of computer, electronic and optical products",0,0,1.0,1.0,,True
17,Republic of Tuva,28,Manufacture of machinery and equipment n.e.c.,0,1,1.0,1.0769230769230769,,True
17,Republic of Tuva,29,Manufacture of motor vehicles and trailers,0,0,1.0,1.0,,True
17,Republic of Tuva,30,Manufacture of other transport equipment,0,2,1.0,1.1538461538461537,,True
17,Republic of Tuva,31,Manufacture of furniture,2,3,1.4285714285714286,1.2307692307692308,,True
17,Republic of Tuva,32,Other manufacturing,1,4,1.1428571428571428,1.3846153846153846,,True
17,Republic of Tuva,33,Repair and installation of machinery and equipment,3,2,1.4285714285714286,1.2307692307692308,,True
17,Republic of Tuva,35,"Electricity, gas, steam and air conditioning supply",1,2,1.1428571428571428,1.2307692307692308,,True
17,Republic of Tuva,36,"Water collection, treatment and supply",0,1,1.0,1.0769230769230769,,True
17,Republic of Tuva,37,Sewerage,0,1,1.0,1.0769230769230769,,True
17,Republic of Tuva,38,"Waste collection, treatment and disposal",0,2,1.0,1.1538461538461537,,True
17,Republic of Tuva,41,Construction of buildings,7,13,15.428571428571429,15.538461538461538,1.0071225071225072,False
17,Republic of Tuva,42,Civil engineering,5,8,2.2857142857142856,1.8461538461538463,0.8076923076923078,False
17,Republic of Tuva,43,Specialised construction activities,7,13,9.714285714285714,9.76923076923077,1.0056561085972853,False
17,Republic of Tuva,45,Sale and repair of motor vehicles and motorcycles,7,13,7.285714285714286,7.0,0.9607843137254902,False
17,Republic of Tuva,46,Wholesale trade,7,13,16.42857142857143,21.76923076923077,1.3250836120401337,False
17,Republic of Tuva,47,Retail trade,7,13,115.5,103.11764705882352,0.8927934810287751,False
17,Republic of Tuva,49,Land transport and pipeline transport,7,13,18.285714285714285,20.307692307692307,1.1105769230769231,False
17,Republic of Tuva,50,Water transport,0,0,1.0,1.0,,True
17,Republic of Tuva,52,Warehousing and transport support activities,7,11,3.0,3.4615384615384617,1.153846153846154,False
17,Republic of Tuva,53,Postal and courier activities,6,11,2.142857142857143,2.769230769230769,1.2923076923076924,False
17,Republic of Tuva,55,Accommodation,6,12,4.285714285714286,3.5384615384615383,0.8256410256410256,False
17,Republic of Tuva,56,Food and beverage service activities,7,13,20.571428571428573,28.76923076923077,1.3985042735042734,False
17,Republic of Tuva,58,Publishing activities,1,0,1.1428571428571428,1.0,,True
17,Republic of Tuva,59,"Motion picture, video and television production",1,5,1.1428571428571428,1.4615384615384617,,True
17,Republic of Tuva,60,Programming and broadcasting activities,0,0,1.0,1.0,,True
17,Republic of Tuva,61,Telecommunications,0,2,1.0,1.2307692307692308,,True
17,Republic of Tuva,62,"Computer programming, consultancy and related activities",6,12,2.0,4.0,2.0,False
17,Republic of Tuva,63,Information service activities,6,12,20.571428571428573,5.3076923076923075,0.2580128205128205,False
17,Republic of Tuva,64,"Financial service activities, except insurance and pension funding",1,2,1.1428571428571428,1.1538461538461537,,True
17,Republic of Tuva,66,Auxiliary financial services,1,4,1.1428571428571428,1.5384615384615383,,True
17,Republic of Tuva,68,Real estate activities,7,13,6.857142857142857,7.538461538461538,1.0993589743589745,False
17,Republic of Tuva,69,Legal and accounting activities,4,12,2.428571428571429,3.5384615384615383,1.4570135746606332,False
17,Republic of Tuva,70,Management consultancy activities,5,9,2.2857142857142856,2.3076923076923075,1.0096153846153846,False
17,Republic of Tuva,71,Architectural and engineering activities,4,10,2.142857142857143,2.1538461538461537,1.005128205128205,False
17,Republic of Tuva,72,Scientific research and development,2,1,1.2857142857142856,1.0769230769230769,,True
17,Republic of Tuva,73,Advertising and market research,7,12,4.571428571428571,6.153846153846154,1.3461538461538463,False
17,Republic of Tuva,74,"Other professional, scientific and technical activities",6,12,3.2857142857142856,6.0,1.8260869565217392,False
17,Republic of Tuva,75,Veterinary activities,0,3,1.0,1.2307692307692308,,True
17,Republic of Tuva,77,Rental and leasing activities,3,7,1.7142857142857144,1.6153846153846154,0.9423076923076923,False
17,Republic of Tuva,78,Employment activities,1,5,1.1428571428571428,1.3846153846153846,,True
17,Republic of Tuva,79,Travel agency and reservation services,7,11,3.7142857142857144,3.230769230769231,0.8698224852071006,False
17,Republic of Tuva,80,Security and investigation activities,3,4,1.5714285714285714,1.3076923076923077,0.8321678321678322,False
17,Republic of Tuva,81,Services to buildings and landscape activities,7,9,3.0,2.3846153846153846,0.7948717948717948,False
17,Republic of Tuva,82,Office administrative and business support activities,7,13,17.142857142857142,13.0,0.7583333333333333,False
17,Republic of Tuva,84,Public administration and defence; compulsory social security,0,1,1.0,1.0769230769230769,,True
17,Republic of Tuva,85,Education,7,11,3.0,5.538461538461538,1.846153846153846,False
17,Republic of Tuva,86,Human health activities,6,12,3.142857142857143,3.0,0.9545454545454546,False
17,Republic of Tuva,88,Social work activities without accommodation,1,2,1.2857142857142856,1.1538461538461537,,True
17,Republic of Tuva,90,"Creative, arts and entertainment activities",2,5,1.4285714285714286,1.4615384615384617,,True
17,Republic of Tuva,91,"Libraries, archives, museums and other cultural activities",0,0,1.0,1.0,,True
17,Republic of Tuva,92,Gambling and betting activities,0,1,1.0,1.0769230769230769,,True
17,Republic of Tuva,93,Sports activities and amusement and recreation,7,11,3.857142857142857,2.9230769230769234,0.7578347578347578,False
17,Republic of Tuva,94,Activities of membership organisations,0,4,1.0,1.3846153846153846,,True
17,Republic of Tuva,95,"Repair of computers, personal and household goods",6,10,3.7142857142857144,2.9230769230769234,0.7869822485207101,False
17,Republic of Tuva,96,Other personal service activities,7,13,12.0,18.53846153846154,1.544871794871795,False
17,Republic of Tuva,97,Activities of households as employers,1,0,1.1428571428571428,1.0,,True
18,Udmurt Republic,01,Crop and animal production,7,13,13.888888888888891,15.0,1.0799999999999998,False
18,Udmurt Republic,02,Forestry and logging,3,12,1.7142857142857144,3.769230769230769,2.1987179487179485,False
18,Udmurt Republic,03,Fishing and aquaculture,3,9,1.5714285714285714,2.3076923076923075,1.4685314685314683,False
18,Udmurt Republic,06,Extraction of crude petroleum and natural gas,3,1,1.5714285714285714,1.0769230769230769,,True
18,Udmurt Republic,07,OKVED 07,1,2,1.1428571428571428,1.3076923076923077,,True
18,Udmurt Republic,08,Other mining and quarrying,3,7,1.4285714285714286,1.7692307692307692,1.2384615384615383,False
18,Udmurt Republic,09,Mining support services,2,2,1.2857142857142856,1.2307692307692308,,True
18,Udmurt Republic,10,Manufacture of food products,7,13,6.88888888888889,8.722222222222221,1.266129032258064,False
18,Udmurt Republic,11,Manufacture of beverages,3,3,1.4285714285714286,1.3076923076923077,0.9153846153846154,False
18,Udmurt Republic,12,Manufacture of tobacco products,0,2,1.0,1.3076923076923077,,True
18,Udmurt Republic,13,Manufacture of textiles,6,12,4.0,4.923076923076923,1.2307692307692308,False
18,Udmurt Republic,14,Manufacture of wearing apparel,7,13,11.142857142857142,9.692307692307692,0.8698224852071006,False
18,Udmurt Republic,15,Manufacture of leather and related products,4,8,1.7142857142857144,1.6428571428571428,0.9583333333333333,False
18,Udmurt Republic,16,Wood processing,7,13,8.428571428571429,7.857142857142858,0.9322033898305085,False
18,Udmurt Republic,17,Manufacture of paper and paper products,4,10,1.8571428571428572,1.8461538461538463,0.9940828402366864,False
18,Udmurt Republic,18,Printing and reproduction of recorded media,6,12,2.571428571428571,2.9230769230769234,1.136752136752137,False
18,Udmurt Republic,19,Manufacture of coke and refined petroleum products,1,0,1.1428571428571428,1.0,,True
18,Udmurt Republic,20,Manufacture of chemicals and chemical products,6,9,2.7142857142857144,2.6153846153846154,0.9635627530364372,False
18,Udmurt Republic,21,Manufacture of pharmaceutical products,0,0,1.0,1.0,,True
18,Udmurt Republic,22,Manufacture of rubber and plastic products,6,12,2.7142857142857144,3.6153846153846154,1.3319838056680162,False
18,Udmurt Republic,23,Other non-metallic mineral products,6,12,3.142857142857143,3.642857142857143,1.1590909090909092,False
18,Udmurt Republic,24,Manufacture of basic metals,3,2,1.75,1.2307692307692308,,True
18,Udmurt Republic,25,Manufacture of fabricated metal products,7,13,14.750000000000002,17.666666666666668,1.1977401129943501,False
18,Udmurt Republic,26,"Manufacture of computer, electronic and optical products",6,7,2.7142857142857144,2.769230769230769,1.020242914979757,False
18,Udmurt Republic,27,Manufacture of electrical equipment,5,7,2.2857142857142856,1.8461538461538463,0.8076923076923078,False
18,Udmurt Republic,28,Manufacture of machinery and equipment n.e.c.,5,13,3.0,3.4615384615384617,1.153846153846154,False
18,Udmurt Republic,29,Manufacture of motor vehicles and trailers,3,4,1.5714285714285714,1.4615384615384617,0.9300699300699302,False
18,Udmurt Republic,30,Manufacture of other transport equipment,2,5,1.5714285714285714,1.5384615384615383,,True
18,Udmurt Republic,31,Manufacture of furniture,7,13,8.571428571428571,8.928571428571429,1.0416666666666667,False
18,Udmurt Republic,32,Other manufacturing,7,11,4.857142857142858,5.230769230769231,1.0769230769230769,False
18,Udmurt Republic,33,Repair and installation of machinery and equipment,7,13,7.857142857142857,7.6923076923076925,0.9790209790209791,False
18,Udmurt Republic,35,"Electricity, gas, steam and air conditioning supply",4,7,1.5714285714285714,1.9285714285714284,1.227272727272727,False
18,Udmurt Republic,36,"Water collection, treatment and supply",1,2,1.1428571428571428,1.1538461538461537,,True
18,Udmurt Republic,37,Sewerage,2,3,1.2857142857142856,1.4615384615384617,,True
18,Udmurt Republic,38,"Waste collection, treatment and disposal",5,11,2.7142857142857144,3.4615384615384617,1.2753036437246963,False
18,Udmurt Republic,39,Remediation activities,0,1,1.0,1.1538461538461537,,True
18,Udmurt Republic,41,Construction of buildings,7,13,48.00000000000001,42.85,0.8927083333333332,False
18,Udmurt Republic,42,Civil engineering,7,13,9.428571428571429,8.153846153846153,0.8648018648018647,False
18,Udmurt Republic,43,Specialised construction activities,7,13,79.57142857142857,71.625,0.9001346499102334,False
18,Udmurt Republic,45,Sale and repair of motor vehicles and motorcycles,7,13,28.0,35.93333333333334,1.2833333333333334,False
18,Udmurt Republic,46,Wholesale trade,7,13,44.0,41.84,0.950909090909091,False
18,Udmurt Republic,47,Retail trade,7,13,96.33333333333334,75.97014925373134,0.7886174663017093,False
18,Udmurt Republic,49,Land transport and pipeline transport,7,13,54.00000000000001,100.07692307692308,1.853276353276353,False
18,Udmurt Republic,50,Water transport,2,1,1.4285714285714286,1.0769230769230769,,True
18,Udmurt Republic,52,Warehousing and transport support activities,7,13,9.714285714285714,10.846153846153847,1.1165158371040727,False
18,Udmurt Republic,53,Postal and courier activities,7,13,3.142857142857143,5.0,1.590909090909091,False
18,Udmurt Republic,55,Accommodation,7,12,3.7142857142857144,5.384615384615385,1.4497041420118344,False
18,Udmurt Republic,56,Food and beverage service activities,7,13,23.6,26.04347826086957,1.1035372144436257,False
18,Udmurt Republic,58,Publishing activities,3,8,1.4285714285714286,1.9230769230769231,1.3461538461538463,False
18,Udmurt Republic,59,"Motion picture, video and television production",7,12,4.428571428571429,3.769230769230769,0.8511166253101736,False
18,Udmurt Republic,60,Programming and broadcasting activities,0,2,1.0,1.1538461538461537,,True
18,Udmurt Republic,61,Telecommunications,2,4,1.2857142857142856,1.3076923076923077,,True
18,Udmurt Republic,62,"Computer programming, consultancy and related activities",7,13,35.285714285714285,42.38461538461539,1.2011834319526629,False
18,Udmurt Republic,63,Information service activities,7,13,13.428571428571429,22.846153846153847,1.7013093289689034,False
18,Udmurt Republic,64,"Financial service activities, except insurance and pension funding",3,6,1.5714285714285714,1.9230769230769231,1.2237762237762237,False
18,Udmurt Republic,65,"Insurance, reinsurance and pension funding",0,1,1.0,1.0769230769230769,,True
18,Udmurt Republic,66,Auxiliary financial services,7,13,4.142857142857142,7.769230769230769,1.8753315649867377,False
18,Udmurt Republic,68,Real estate activities,7,13,45.57142857142857,54.76470588235294,1.2017333579199705,False
18,Udmurt Republic,69,Legal and accounting activities,7,13,15.714285714285714,26.153846153846153,1.6643356643356644,False
18,Udmurt Republic,70,Management consultancy activities,7,13,12.0,16.928571428571427,1.4107142857142856,False
18,Udmurt Republic,71,Architectural and engineering activities,7,13,15.0,15.857142857142858,1.0571428571428572,False
18,Udmurt Republic,72,Scientific research and development,7,10,3.5714285714285716,3.230769230769231,0.9046153846153846,False
18,Udmurt Republic,73,Advertising and market research,7,13,27.0,42.69230769230769,1.5811965811965811,False
18,Udmurt Republic,74,"Other professional, scientific and technical activities",7,13,11.571428571428571,17.642857142857142,1.5246913580246912,False
18,Udmurt Republic,75,Veterinary activities,4,8,1.8571428571428572,2.0769230769230766,1.118343195266272,False
18,Udmurt Republic,77,Rental and leasing activities,7,13,7.571428571428571,9.76923076923077,1.2902757619738754,False
18,Udmurt Republic,78,Employment activities,7,13,6.714285714285714,9.214285714285715,1.372340425531915,False
18,Udmurt Republic,79,Travel agency and reservation services,7,13,5.428571428571429,6.153846153846154,1.1336032388663968,False
18,Udmurt Republic,80,Security and investigation activities,6,13,4.428571428571429,5.642857142857143,1.2741935483870968,False
18,Udmurt Republic,81,Services to buildings and landscape activities,7,13,11.125,18.142857142857146,1.6308186195826648,False
18,Udmurt Republic,82,Office administrative and business support activities,7,13,30.285714285714285,54.76923076923077,1.8084179970972423,False
18,Udmurt Republic,84,Public administration and defence; compulsory social security,0,1,1.0,1.0769230769230769,,True
18,Udmurt Republic,85,Education,7,13,17.285714285714285,25.0,1.4462809917355373,False
18,Udmurt Republic,86,Human health activities,7,13,4.125,6.785714285714286,1.645021645021645,False
18,Udmurt Republic,87,Residential care activities,0,1,1.0,1.1538461538461537,,True
18,Udmurt Republic,88,Social work activities without accommodation,6,10,2.142857142857143,2.5384615384615383,1.1846153846153846,False
18,Udmurt Republic,90,"Creative, arts and entertainment activities",7,13,5.428571428571429,5.769230769230769,1.0627530364372468,False
18,Udmurt Republic,91,"Libraries, archives, museums and other cultural activities",2,1,1.5714285714285714,1.0769230769230769,,True
18,Udmurt Republic,92,Gambling and betting activities,0,0,1.0,1.0,,True
18,Udmurt Republic,93,Sports activities and amusement and recreation,7,13,13.714285714285714,18.307692307692307,1.3349358974358974,False
18,Udmurt Republic,94,Activities of membership organisations,1,4,1.1428571428571428,1.5384615384615383,,True
18,Udmurt Republic,95,"Repair of computers, personal and household goods",7,13,8.285714285714285,11.307692307692308,1.364721485411141,False
18,Udmurt Republic,96,Other personal service activities,7,13,36.857142857142854,50.30769230769231,1.3649373881932023,False
18,Udmurt Republic,97,Activities of households as employers,1,0,1.1428571428571428,1.0,,True
19,Republic of Khakassia,01,Crop and animal production,7,13,14.571428571428571,16.692307692307693,1.1455505279034692,False
19,Republic of Khakassia,02,Forestry and logging,5,9,1.8571428571428572,2.1538461538461537,1.1597633136094674,False
19,Republic of Khakassia,03,Fishing and aquaculture,2,5,1.2857142857142856,1.4615384615384617,,True
19,Republic of Khakassia,05,Mining of coal and lignite,0,0,1.0,1.0,,True
19,Republic of Khakassia,07,OKVED 07,3,7,1.8571428571428572,1.6923076923076923,0.9112426035502958,False
19,Republic of Khakassia,08,Other mining and quarrying,4,4,1.7142857142857144,1.3846153846153846,0.8076923076923076,False
19,Republic of Khakassia,09,Mining support services,1,0,1.1428571428571428,1.0,,True
19,Republic of Khakassia,10,Manufacture of food products,7,12,4.571428571428571,4.214285714285714,0.9218750000000001,False
19,Republic of Khakassia,11,Manufacture of beverages,1,2,1.1428571428571428,1.2307692307692308,,True
19,Republic of Khakassia,12,Manufacture of tobacco products,1,0,1.1428571428571428,1.0,,True
19,Republic of Khakassia,13,Manufacture of textiles,2,5,1.2857142857142856,1.3846153846153846,,True
19,Republic of Khakassia,14,Manufacture of wearing apparel,6,11,2.571428571428571,2.9230769230769234,1.136752136752137,False
19,Republic of Khakassia,15,Manufacture of leather and related products,0,0,1.0,1.0,,True
19,Republic of Khakassia,16,Wood processing,7,11,3.2857142857142856,3.3846153846153846,1.0301003344481605,False
19,Republic of Khakassia,17,Manufacture of paper and paper products,0,0,1.0,1.0,,True
19,Republic of Khakassia,18,Printing and reproduction of recorded media,2,2,1.2857142857142856,1.1538461538461537,,True
19,Republic of Khakassia,19,Manufacture of coke and refined petroleum products,0,1,1.0,1.0769230769230769,,True
19,Republic of Khakassia,20,Manufacture of chemicals and chemical products,3,3,1.8571428571428572,1.3076923076923077,0.7041420118343195,False
19,Republic of Khakassia,22,Manufacture of rubber and plastic products,3,8,1.5714285714285714,1.8461538461538463,1.174825174825175,False
19,Republic of Khakassia,23,Other non-metallic mineral products,7,9,2.857142857142857,2.6923076923076925,0.9423076923076924,False
19,Republic of Khakassia,24,Manufacture of basic metals,1,0,1.1428571428571428,1.0,,True
19,Republic of Khakassia,25,Manufacture of fabricated metal products,7,9,2.857142857142857,2.6923076923076925,0.9423076923076924,False
19,Republic of Khakassia,26,"Manufacture of computer, electronic and optical products",1,3,1.1428571428571428,1.142857142857143,,True
19,Republic of Khakassia,27,Manufacture of electrical equipment,0,1,1.0,1.0769230769230769,,True
19,Republic of Khakassia,28,Manufacture of machinery and equipment n.e.c.,0,1,1.0,1.0769230769230769,,True
19,Republic of Khakassia,29,Manufacture of motor vehicles and trailers,1,1,1.1428571428571428,1.0769230769230769,,True
19,Republic of Khakassia,30,Manufacture of other transport equipment,1,2,1.1428571428571428,1.1538461538461537,,True
19,Republic of Khakassia,31,Manufacture of furniture,5,9,2.142857142857143,2.0769230769230766,0.9692307692307691,False
19,Republic of Khakassia,32,Other manufacturing,3,10,1.4285714285714286,2.3846153846153846,1.669230769230769,False
19,Republic of Khakassia,33,Repair and installation of machinery and equipment,5,9,1.8571428571428572,2.4615384615384617,1.3254437869822486,False
19,Republic of Khakassia,35,"Electricity, gas, steam and air conditioning supply",1,1,1.1428571428571428,1.0769230769230769,,True
19,Republic of Khakassia,36,"Water collection, treatment and supply",0,0,1.0,1.0,,True
19,Republic of Khakassia,37,Sewerage,1,6,1.1428571428571428,1.4615384615384617,,True
19,Republic of Khakassia,38,"Waste collection, treatment and disposal",1,5,1.1428571428571428,1.4615384615384617,,True
19,Republic of Khakassia,39,Remediation activities,0,0,1.0,1.0,,True
19,Republic of Khakassia,41,Construction of buildings,7,13,21.285714285714285,15.153846153846153,0.711925658234383,False
19,Republic of Khakassia,42,Civil engineering,6,12,2.2857142857142856,2.9230769230769234,1.278846153846154,False
19,Republic of Khakassia,43,Specialised construction activities,7,13,17.142857142857142,17.846153846153847,1.041025641025641,False
19,Republic of Khakassia,45,Sale and repair of motor vehicles and motorcycles,7,13,13.0,12.76923076923077,0.9822485207100592,False
19,Republic of Khakassia,46,Wholesale trade,7,13,14.0,11.266666666666667,0.8047619047619048,False
19,Republic of Khakassia,47,Retail trade,7,13,76.66666666666667,45.689655172413794,0.595952023988006,False
19,Republic of Khakassia,49,Land transport and pipeline transport,7,13,19.142857142857142,22.92857142857143,1.197761194029851,False
19,Republic of Khakassia,50,Water transport,2,1,1.2857142857142856,1.0769230769230769,,True
19,Republic of Khakassia,51,Air transport,1,0,1.1428571428571428,1.0,,True
19,Republic of Khakassia,52,Warehousing and transport support activities,7,11,3.857142857142857,2.666666666666667,0.6913580246913581,False
19,Republic of Khakassia,53,Postal and courier activities,5,10,2.142857142857143,2.0,0.9333333333333333,False
19,Republic of Khakassia,55,Accommodation,4,8,2.142857142857143,2.230769230769231,1.041025641025641,False
19,Republic of Khakassia,56,Food and beverage service activities,7,13,14.0,17.692307692307693,1.263736263736264,False
19,Republic of Khakassia,58,Publishing activities,0,6,1.0,1.4615384615384617,,True
19,Republic of Khakassia,59,"Motion picture, video and television production",4,10,1.7142857142857144,2.230769230769231,1.3012820512820513,False
19,Republic of Khakassia,60,Programming and broadcasting activities,1,0,1.1428571428571428,1.0,,True
19,Republic of Khakassia,61,Telecommunications,0,3,1.0,1.2307692307692308,,True
19,Republic of Khakassia,62,"Computer programming, consultancy and related activities",7,13,7.285714285714286,6.461538461538462,0.8868778280542987,False
19,Republic of Khakassia,63,Information service activities,7,13,7.142857142857143,9.0,1.26,False
19,Republic of Khakassia,64,"Financial service activities, except insurance and pension funding",0,6,1.0,1.5384615384615383,,True
19,Republic of Khakassia,66,Auxiliary financial services,5,6,2.428571428571429,1.5384615384615383,0.6334841628959275,False
19,Republic of Khakassia,68,Real estate activities,7,13,12.857142857142858,12.5,0.9722222222222222,False
19,Republic of Khakassia,69,Legal and accounting activities,7,13,4.500000000000001,6.384615384615385,1.4188034188034186,False
19,Republic of Khakassia,70,Management consultancy activities,7,13,2.571428571428571,3.3846153846153846,1.3162393162393164,False
19,Republic of Khakassia,71,Architectural and engineering activities,6,12,3.4285714285714284,3.3076923076923075,0.9647435897435898,False
19,Republic of Khakassia,72,Scientific research and development,2,1,1.4285714285714286,1.0769230769230769,,True
19,Republic of Khakassia,73,Advertising and market research,7,13,10.142857142857142,15.153846153846153,1.4940411700975083,False
19,Republic of Khakassia,74,"Other professional, scientific and technical activities",7,13,4.142857142857142,5.538461538461538,1.3368700265251992,False
19,Republic of Khakassia,75,Veterinary activities,1,5,1.1428571428571428,1.4615384615384617,,True
19,Republic of Khakassia,77,Rental and leasing activities,6,11,2.7142857142857144,3.6153846153846154,1.3319838056680162,False
19,Republic of Khakassia,78,Employment activities,2,11,1.5714285714285714,2.4615384615384617,,True
19,Republic of Khakassia,79,Travel agency and reservation services,4,13,2.2857142857142856,3.076923076923077,1.3461538461538463,False
19,Republic of Khakassia,80,Security and investigation activities,1,5,1.1428571428571428,1.4615384615384617,,True
19,Republic of Khakassia,81,Services to buildings and landscape activities,6,11,2.7142857142857144,2.9230769230769234,1.0769230769230769,False
19,Republic of Khakassia,82,Office administrative and business support activities,7,13,7.571428571428571,16.46153846153846,2.174165457184325,False
19,Republic of Khakassia,84,Public administration and defence; compulsory social security,1,0,1.1428571428571428,1.0,,True
19,Republic of Khakassia,85,Education,7,13,5.714285714285714,7.538461538461538,1.3192307692307692,False
19,Republic of Khakassia,86,Human health activities,5,11,2.625,2.4615384615384617,0.9377289377289377,False
19,Republic of Khakassia,87,Residential care activities,0,1,1.0,1.0769230769230769,,True
19,Republic of Khakassia,88,Social work activities without accommodation,2,5,1.2857142857142856,1.3846153846153846,,True
19,Republic of Khakassia,90,"Creative, arts and entertainment activities",5,9,2.142857142857143,2.0,0.9333333333333333,False
19,Republic of Khakassia,91,"Libraries, archives, museums and other cultural activities",0,1,1.0,1.0769230769230769,,True
19,Republic of Khakassia,92,Gambling and betting activities,1,1,1.1428571428571428,1.1538461538461537,,True
19,Republic of Khakassia,93,Sports activities and amusement and recreation,6,13,4.285714285714286,5.076923076923077,1.1846153846153846,False
19,Republic of Khakassia,94,Activities of membership organisations,0,1,1.0,1.0769230769230769,,True
19,Republic of Khakassia,95,"Repair of computers, personal and household goods",7,12,2.857142857142857,4.6923076923076925,1.6423076923076922,False
19,Republic of Khakassia,96,Other personal service activities,7,13,16.714285714285715,18.307692307692307,1.0953320184089415,False
19,Republic of Khakassia,97,Activities of households as employers,0,0,1.0,1.0,,True
19,Republic of Khakassia,98,OKVED 98,1,0,1.1428571428571428,1.0,,True
20,Chechen Republic,01,Crop and animal production,7,13,44.42857142857143,39.15384615384615,0.8812762799901063,False
20,Chechen Republic,02,Forestry and logging,6,9,2.2857142857142856,2.5384615384615383,1.1105769230769231,False
20,Chechen Republic,03,Fishing and aquaculture,3,2,1.5714285714285714,1.1538461538461537,,True
20,Chechen Republic,06,Extraction of crude petroleum and natural gas,0,1,1.0,1.0769230769230769,,True
20,Chechen Republic,07,OKVED 07,0,1,1.0,1.0769230769230769,,True
20,Chechen Republic,08,Other mining and quarrying,4,7,2.142857142857143,1.5384615384615383,0.717948717948718,False
20,Chechen Republic,09,Mining support services,1,1,1.1428571428571428,1.0769230769230769,,True
20,Chechen Republic,10,Manufacture of food products,7,13,11.714285714285714,20.307692307692307,1.7335834896810507,False
20,Chechen Republic,11,Manufacture of beverages,4,6,1.7142857142857144,1.6153846153846154,0.9423076923076923,False
20,Chechen Republic,12,Manufacture of tobacco products,0,0,1.0,1.0,,True
20,Chechen Republic,13,Manufacture of textiles,2,4,1.4285714285714286,2.8461538461538463,,True
20,Chechen Republic,14,Manufacture of wearing apparel,6,13,4.428571428571429,6.928571428571429,1.564516129032258,False
20,Chechen Republic,15,Manufacture of leather and related products,1,3,1.1428571428571428,1.2307692307692308,,True
20,Chechen Republic,16,Wood processing,6,10,4.285714285714286,3.5384615384615383,0.8256410256410256,False
20,Chechen Republic,17,Manufacture of paper and paper products,0,2,1.0,1.1538461538461537,,True
20,Chechen Republic,18,Printing and reproduction of recorded media,2,8,1.2857142857142856,1.6153846153846154,,True
20,Chechen Republic,19,Manufacture of coke and refined petroleum products,1,1,1.2857142857142856,1.0769230769230769,,True
20,Chechen Republic,20,Manufacture of chemicals and chemical products,4,7,1.5714285714285714,2.0769230769230766,1.3216783216783214,False
20,Chechen Republic,21,Manufacture of pharmaceutical products,0,1,1.0,1.0769230769230769,,True
20,Chechen Republic,22,Manufacture of rubber and plastic products,5,11,3.0,3.6153846153846154,1.205128205128205,False
20,Chechen Republic,23,Other non-metallic mineral products,7,10,5.285714285714286,3.1333333333333337,0.5927927927927928,False
20,Chechen Republic,24,Manufacture of basic metals,1,2,0.875,1.1538461538461537,,True
20,Chechen Republic,25,Manufacture of fabricated metal products,5,12,2.2857142857142856,4.0,1.75,False
20,Chechen Republic,26,"Manufacture of computer, electronic and optical products",3,3,2.0,1.2307692307692308,0.6153846153846154,False
20,Chechen Republic,27,Manufacture of electrical equipment,0,1,1.0,1.0769230769230769,,True
20,Chechen Republic,28,Manufacture of machinery and equipment n.e.c.,2,6,1.2857142857142856,1.6923076923076923,,True
20,Chechen Republic,29,Manufacture of motor vehicles and trailers,0,1,1.0,1.0769230769230769,,True
20,Chechen Republic,30,Manufacture of other transport equipment,1,1,1.1428571428571428,1.0769230769230769,,True
20,Chechen Republic,31,Manufacture of furniture,6,13,3.4285714285714284,3.8461538461538463,1.1217948717948718,False
20,Chechen Republic,32,Other manufacturing,2,7,1.4285714285714286,1.6923076923076923,,True
20,Chechen Republic,33,Repair and installation of machinery and equipment,6,10,3.4285714285714284,3.4615384615384617,1.0096153846153848,False
20,Chechen Republic,35,"Electricity, gas, steam and air conditioning supply",2,5,1.2857142857142856,1.5384615384615383,,True
20,Chechen Republic,36,"Water collection, treatment and supply",2,2,1.4285714285714286,1.1538461538461537,,True
20,Chechen Republic,37,Sewerage,1,2,1.1428571428571428,1.1538461538461537,,True
20,Chechen Republic,38,"Waste collection, treatment and disposal",4,6,2.571428571428571,1.5714285714285714,0.6111111111111112,False
20,Chechen Republic,39,Remediation activities,0,0,1.0,1.0,,True
20,Chechen Republic,41,Construction of buildings,7,13,43.0,40.78947368421052,0.9485924112607098,False
20,Chechen Republic,42,Civil engineering,6,13,4.0,3.5,0.875,False
20,Chechen Republic,43,Specialised construction activities,7,13,37.333333333333336,42.266666666666666,1.1321428571428571,False
20,Chechen Republic,45,Sale and repair of motor vehicles and motorcycles,7,13,20.545454545454547,28.6,1.3920353982300884,False
20,Chechen Republic,46,Wholesale trade,7,13,64.22222222222223,47.19047619047619,0.7347998022738507,False
20,Chechen Republic,47,Retail trade,7,13,182.1578947368421,193.3076923076923,1.0612095214811192,False
20,Chechen Republic,49,Land transport and pipeline transport,7,13,55.50000000000001,58.92857142857143,1.0617760617760617,False
20,Chechen Republic,50,Water transport,0,0,1.0,1.0,,True
20,Chechen Republic,51,Air transport,1,0,1.1428571428571428,1.0,,True
20,Chechen Republic,52,Warehousing and transport support activities,7,13,5.75,6.846153846153846,1.1906354515050166,False
20,Chechen Republic,53,Postal and courier activities,7,13,3.2857142857142856,4.846153846153847,1.4749163879598663,False
20,Chechen Republic,55,Accommodation,7,12,5.428571428571429,3.928571428571429,0.7236842105263158,False
20,Chechen Republic,56,Food and beverage service activities,7,13,35.0,42.28571428571429,1.2081632653061227,False
20,Chechen Republic,58,Publishing activities,1,4,1.4285714285714286,1.3076923076923077,,True
20,Chechen Republic,59,"Motion picture, video and television production",3,7,1.4285714285714286,1.6428571428571428,1.15,False
20,Chechen Republic,60,Programming and broadcasting activities,0,0,1.0,1.0,,True
20,Chechen Republic,61,Telecommunications,5,8,1.7142857142857144,2.0769230769230766,1.2115384615384612,False
20,Chechen Republic,62,"Computer programming, consultancy and related activities",7,13,11.714285714285714,14.214285714285715,1.2134146341463417,False
20,Chechen Republic,63,Information service activities,6,13,3.4285714285714284,6.615384615384615,1.9294871794871795,False
20,Chechen Republic,64,"Financial service activities, except insurance and pension funding",4,8,2.2857142857142856,2.0769230769230766,0.908653846153846,False
20,Chechen Republic,65,"Insurance, reinsurance and pension funding",0,1,1.0,1.0769230769230769,,True
20,Chechen Republic,66,Auxiliary financial services,6,10,2.7142857142857144,3.230769230769231,1.1902834008097165,False
20,Chechen Republic,68,Real estate activities,7,13,25.375,26.200000000000003,1.0325123152709361,False
20,Chechen Republic,69,Legal and accounting activities,7,13,5.625000000000001,6.923076923076923,1.2307692307692306,False
20,Chechen Republic,70,Management consultancy activities,7,13,3.7142857142857144,7.3076923076923075,1.967455621301775,False
20,Chechen Republic,71,Architectural and engineering activities,7,13,4.857142857142858,6.538461538461538,1.346153846153846,False
20,Chechen Republic,72,Scientific research and development,6,11,3.4285714285714284,2.3846153846153846,0.6955128205128206,False
20,Chechen Republic,73,Advertising and market research,7,13,9.285714285714286,15.500000000000002,1.6692307692307693,False
20,Chechen Republic,74,"Other professional, scientific and technical activities",6,13,2.571428571428571,6.0,2.3333333333333335,False
20,Chechen Republic,75,Veterinary activities,2,3,1.2857142857142856,1.2307692307692308,,True
20,Chechen Republic,77,Rental and leasing activities,7,13,7.428571428571429,6.357142857142857,0.8557692307692307,False
20,Chechen Republic,78,Employment activities,6,10,2.571428571428571,2.058823529411765,0.800653594771242,False
20,Chechen Republic,79,Travel agency and reservation services,7,13,4.428571428571429,3.769230769230769,0.8511166253101736,False
20,Chechen Republic,80,Security and investigation activities,5,8,2.428571428571429,2.230769230769231,0.918552036199095,False
20,Chechen Republic,81,Services to buildings and landscape activities,7,13,8.571428571428571,9.538461538461538,1.1128205128205129,False
20,Chechen Republic,82,Office administrative and business support activities,6,13,5.428571428571429,6.615384615384615,1.2186234817813764,False
20,Chechen Republic,84,Public administration and defence; compulsory social security,0,1,1.0,1.0769230769230769,,True
20,Chechen Republic,85,Education,7,13,6.142857142857143,11.461538461538462,1.8658318425760285,False
20,Chechen Republic,86,Human health activities,7,13,8.857142857142858,7.5,0.846774193548387,False
20,Chechen Republic,87,Residential care activities,1,1,1.1428571428571428,1.0769230769230769,,True
20,Chechen Republic,88,Social work activities without accommodation,4,7,2.0,2.230769230769231,1.1153846153846154,False
20,Chechen Republic,90,"Creative, arts and entertainment activities",4,3,1.8571428571428572,1.3846153846153846,0.7455621301775147,False
20,Chechen Republic,91,"Libraries, archives, museums and other cultural activities",0,0,1.0,1.0,,True
20,Chechen Republic,92,Gambling and betting activities,1,3,1.1428571428571428,1.2307692307692308,,True
20,Chechen Republic,93,Sports activities and amusement and recreation,7,13,5.428571428571429,7.0,1.2894736842105263,False
20,Chechen Republic,94,Activities of membership organisations,0,1,1.0,1.0769230769230769,,True
20,Chechen Republic,95,"Repair of computers, personal and household goods",7,13,7.428571428571429,7.846153846153846,1.0562130177514792,False
20,Chechen Republic,96,Other personal service activities,7,13,15.571428571428571,18.153846153846153,1.1658433309809457,False
20,Chechen Republic,97,Activities of households as employers,1,1,1.1428571428571428,1.0769230769230769,,True
21,Chuvash Republic,01,Crop and animal production,7,13,20.428571428571427,18.46153846153846,0.9037116729424421,False
21,Chuvash Republic,02,Forestry and logging,3,5,1.5714285714285714,1.6923076923076923,1.0769230769230769,False
21,Chuvash Republic,03,Fishing and aquaculture,3,3,1.4285714285714286,1.3076923076923077,0.9153846153846154,False
21,Chuvash Republic,07,OKVED 07,0,0,1.0,1.0,,True
21,Chuvash Republic,08,Other mining and quarrying,1,2,1.1428571428571428,1.1538461538461537,,True
21,Chuvash Republic,10,Manufacture of food products,7,13,6.571428571428571,6.615384615384615,1.0066889632107023,False
21,Chuvash Republic,11,Manufacture of beverages,2,4,1.2857142857142856,1.3076923076923077,,True
21,Chuvash Republic,12,Manufacture of tobacco products,0,0,1.0,1.0,,True
21,Chuvash Republic,13,Manufacture of textiles,5,10,1.6250000000000002,2.142857142857143,1.3186813186813184,False
21,Chuvash Republic,14,Manufacture of wearing apparel,7,13,6.714285714285714,5.6923076923076925,0.8477905073649754,False
21,Chuvash Republic,15,Manufacture of leather and related products,4,7,1.7142857142857144,1.5384615384615383,0.8974358974358972,False
21,Chuvash Republic,16,Wood processing,6,13,3.142857142857143,3.5999999999999996,1.1454545454545453,False
21,Chuvash Republic,17,Manufacture of paper and paper products,1,1,1.1428571428571428,1.0769230769230769,,True
21,Chuvash Republic,18,Printing and reproduction of recorded media,3,6,1.4285714285714286,1.6428571428571428,1.15,False
21,Chuvash Republic,19,Manufacture of coke and refined petroleum products,0,0,1.0,1.0,,True
21,Chuvash Republic,20,Manufacture of chemicals and chemical products,5,8,2.142857142857143,1.9230769230769231,0.8974358974358975,False
21,Chuvash Republic,21,Manufacture of pharmaceutical products,0,0,1.0,1.0,,True
21,Chuvash Republic,22,Manufacture of rubber and plastic products,6,11,3.0,2.5000000000000004,0.8333333333333335,False
21,Chuvash Republic,23,Other non-metallic mineral products,6,11,2.0,2.769230769230769,1.3846153846153846,False
21,Chuvash Republic,24,Manufacture of basic metals,1,2,1.1428571428571428,1.1538461538461537,,True
21,Chuvash Republic,25,Manufacture of fabricated metal products,7,13,8.0,7.769230769230769,0.9711538461538461,False
21,Chuvash Republic,26,"Manufacture of computer, electronic and optical products",1,6,1.1428571428571428,1.5384615384615383,,True
21,Chuvash Republic,27,Manufacture of electrical equipment,5,8,2.0,1.7692307692307692,0.8846153846153846,False
21,Chuvash Republic,28,Manufacture of machinery and equipment n.e.c.,4,5,2.0,1.7692307692307692,0.8846153846153846,False
21,Chuvash Republic,29,Manufacture of motor vehicles and trailers,0,3,1.0,1.2307692307692308,,True
21,Chuvash Republic,30,Manufacture of other transport equipment,3,1,1.4285714285714286,1.0769230769230769,,True
21,Chuvash Republic,31,Manufacture of furniture,7,13,6.375,6.466666666666668,1.0143790849673204,False
21,Chuvash Republic,32,Other manufacturing,7,11,2.571428571428571,2.785714285714286,1.0833333333333335,False
21,Chuvash Republic,33,Repair and installation of machinery and equipment,6,12,3.142857142857143,3.8461538461538463,1.2237762237762237,False
21,Chuvash Republic,35,"Electricity, gas, steam and air conditioning supply",1,6,1.2857142857142856,1.6428571428571428,,True
21,Chuvash Republic,36,"Water collection, treatment and supply",1,2,1.1428571428571428,1.1538461538461537,,True
21,Chuvash Republic,37,Sewerage,0,2,1.0,1.1538461538461537,,True
21,Chuvash Republic,38,"Waste collection, treatment and disposal",3,9,1.5714285714285714,2.0769230769230766,1.3216783216783214,False
21,Chuvash Republic,39,Remediation activities,0,1,1.0,1.0769230769230769,,True
21,Chuvash Republic,41,Construction of buildings,7,13,38.714285714285715,24.722222222222225,0.6385813858138581,False
21,Chuvash Republic,42,Civil engineering,7,13,7.0,6.769230769230769,0.967032967032967,False
21,Chuvash Republic,43,Specialised construction activities,7,13,50.42857142857143,47.5,0.9419263456090651,False
21,Chuvash Republic,45,Sale and repair of motor vehicles and motorcycles,7,13,21.285714285714285,21.733333333333334,1.0210290827740494,False
21,Chuvash Republic,46,Wholesale trade,7,13,27.9,26.823529411764707,0.961416824794434,False
21,Chuvash Republic,47,Retail trade,7,13,205.11111111111114,161.68421052631578,0.788276216000456,False
21,Chuvash Republic,49,Land transport and pipeline transport,7,13,65.71428571428571,70.9375,1.079483695652174,False
21,Chuvash Republic,50,Water transport,1,1,1.1428571428571428,1.0769230769230769,,True
21,Chuvash Republic,51,Air transport,0,0,1.0,1.0,,True
21,Chuvash Republic,52,Warehousing and transport support activities,7,12,6.285714285714286,6.230769230769231,0.9912587412587412,False
21,Chuvash Republic,53,Postal and courier activities,7,13,4.285714285714286,7.3076923076923075,1.705128205128205,False
21,Chuvash Republic,55,Accommodation,6,9,2.7142857142857144,2.769230769230769,1.020242914979757,False
21,Chuvash Republic,56,Food and beverage service activities,7,13,17.444444444444446,25.357142857142858,1.4535941765241127,False
21,Chuvash Republic,58,Publishing activities,4,5,1.8571428571428572,1.4615384615384617,0.7869822485207101,False
21,Chuvash Republic,59,"Motion picture, video and television production",7,10,3.142857142857143,3.076923076923077,0.9790209790209791,False
21,Chuvash Republic,60,Programming and broadcasting activities,0,0,1.0,1.0,,True
21,Chuvash Republic,61,Telecommunications,2,6,1.2857142857142856,1.6153846153846154,,True
21,Chuvash Republic,62,"Computer programming, consultancy and related activities",7,13,21.285714285714285,21.307692307692307,1.0010325245224574,False
21,Chuvash Republic,63,Information service activities,7,13,9.0,16.615384615384613,1.8461538461538458,False
21,Chuvash Republic,64,"Financial service activities, except insurance and pension funding",3,5,1.4285714285714286,1.4615384615384617,1.0230769230769232,False
21,Chuvash Republic,65,"Insurance, reinsurance and pension funding",0,1,1.0,1.0769230769230769,,True
21,Chuvash Republic,66,Auxiliary financial services,7,13,4.142857142857142,3.357142857142857,0.810344827586207,False
21,Chuvash Republic,68,Real estate activities,7,13,22.571428571428573,20.8,0.9215189873417721,False
21,Chuvash Republic,69,Legal and accounting activities,7,13,9.857142857142858,11.846153846153847,1.201783723522854,False
21,Chuvash Republic,70,Management consultancy activities,6,13,5.428571428571429,7.923076923076923,1.459514170040486,False
21,Chuvash Republic,71,Architectural and engineering activities,7,13,7.571428571428571,8.142857142857144,1.0754716981132078,False
21,Chuvash Republic,72,Scientific research and development,6,9,2.857142857142857,3.076923076923077,1.0769230769230769,False
21,Chuvash Republic,73,Advertising and market research,7,13,15.571428571428571,27.76923076923077,1.783345095271701,False
21,Chuvash Republic,74,"Other professional, scientific and technical activities",7,13,7.285714285714286,13.76923076923077,1.8898944193061842,False
21,Chuvash Republic,75,Veterinary activities,1,3,1.1428571428571428,1.2307692307692308,,True
21,Chuvash Republic,77,Rental and leasing activities,7,12,5.0,4.6923076923076925,0.9384615384615385,False
21,Chuvash Republic,78,Employment activities,7,13,2.857142857142857,4.3076923076923075,1.5076923076923077,False
21,Chuvash Republic,79,Travel agency and reservation services,5,12,3.4285714285714284,3.8461538461538463,1.1217948717948718,False
21,Chuvash Republic,80,Security and investigation activities,3,6,1.5000000000000002,1.5714285714285714,1.0476190476190474,False
21,Chuvash Republic,81,Services to buildings and landscape activities,7,13,7.285714285714286,6.230769230769231,0.8552036199095023,False
21,Chuvash Republic,82,Office administrative and business support activities,7,13,54.285714285714285,212.84615384615384,3.9208502024291496,False
21,Chuvash Republic,84,Public administration and defence; compulsory social security,2,2,1.2857142857142856,1.1538461538461537,,True
21,Chuvash Republic,85,Education,7,13,10.571428571428571,13.384615384615385,1.2661122661122661,False
21,Chuvash Republic,86,Human health activities,6,13,3.5714285714285716,4.3076923076923075,1.2061538461538461,False
21,Chuvash Republic,87,Residential care activities,1,1,1.1428571428571428,1.0769230769230769,,True
21,Chuvash Republic,88,Social work activities without accommodation,1,5,1.1428571428571428,1.4615384615384617,,True
21,Chuvash Republic,90,"Creative, arts and entertainment activities",7,12,5.0,4.076923076923077,0.8153846153846154,False
21,Chuvash Republic,91,"Libraries, archives, museums and other cultural activities",0,0,1.0,1.0,,True
21,Chuvash Republic,92,Gambling and betting activities,0,2,1.0,1.1538461538461537,,True
21,Chuvash Republic,93,Sports activities and amusement and recreation,7,13,6.714285714285714,10.076923076923077,1.5008183306055647,False
21,Chuvash Republic,94,Activities of membership organisations,2,2,1.4285714285714286,1.1538461538461537,,True
21,Chuvash Republic,95,"Repair of computers, personal and household goods",7,13,7.285714285714286,7.846153846153846,1.0769230769230769,False
21,Chuvash Republic,96,Other personal service activities,7,13,26.428571428571427,37.38461538461539,1.4145530145530147,False
21,Chuvash Republic,97,Activities of households as employers,1,0,1.1428571428571428,1.0,,True
22,Altai Krai,01,Crop and animal production,7,13,26.000000000000004,29.142857142857142,1.1208791208791207,False
22,Altai Krai,02,Forestry and logging,7,13,6.571428571428571,6.357142857142857,0.967391304347826,False
22,Altai Krai,03,Fishing and aquaculture,4,10,2.142857142857143,2.6153846153846154,1.2205128205128206,False
22,Altai Krai,05,Mining of coal and lignite,0,0,1.0,1.0,,True
22,Altai Krai,07,OKVED 07,2,2,1.2857142857142856,1.1538461538461537,,True
22,Altai Krai,08,Other mining and quarrying,1,5,1.1428571428571428,2.0,,True
22,Altai Krai,09,Mining support services,0,2,1.0,1.1538461538461537,,True
22,Altai Krai,10,Manufacture of food products,7,13,16.857142857142858,14.315789473684209,0.8492417484388938,False
22,Altai Krai,11,Manufacture of beverages,7,8,2.857142857142857,1.9285714285714284,0.6749999999999999,False
22,Altai Krai,12,Manufacture of tobacco products,1,0,1.1428571428571428,1.0,,True
22,Altai Krai,13,Manufacture of textiles,7,10,2.857142857142857,2.058823529411765,0.7205882352941178,False
22,Altai Krai,14,Manufacture of wearing apparel,7,13,5.375000000000001,6.153846153846154,1.144901610017889,False
22,Altai Krai,15,Manufacture of leather and related products,2,4,1.4285714285714286,1.6153846153846154,,True
22,Altai Krai,16,Wood processing,7,13,9.285714285714286,7.928571428571429,0.8538461538461538,False
22,Altai Krai,17,Manufacture of paper and paper products,2,6,1.4285714285714286,1.4615384615384617,,True
22,Altai Krai,18,Printing and reproduction of recorded media,5,12,2.142857142857143,3.6923076923076925,1.7230769230769232,False
22,Altai Krai,19,Manufacture of coke and refined petroleum products,0,1,1.0,1.1538461538461537,,True
22,Altai Krai,20,Manufacture of chemicals and chemical products,6,13,2.857142857142857,3.923076923076923,1.373076923076923,False
22,Altai Krai,21,Manufacture of pharmaceutical products,1,3,0.875,1.3846153846153846,,True
22,Altai Krai,22,Manufacture of rubber and plastic products,7,13,3.2857142857142856,3.7142857142857144,1.1304347826086958,False
22,Altai Krai,23,Other non-metallic mineral products,7,13,3.857142857142857,4.923076923076923,1.2763532763532763,False
22,Altai Krai,24,Manufacture of basic metals,2,4,1.2857142857142856,1.5384615384615383,,True
22,Altai Krai,25,Manufacture of fabricated metal products,7,13,12.75,13.333333333333336,1.0457516339869284,False
22,Altai Krai,26,"Manufacture of computer, electronic and optical products",4,4,1.7142857142857144,1.3846153846153846,0.8076923076923076,False
22,Altai Krai,27,Manufacture of electrical equipment,6,8,2.0,1.8461538461538463,0.9230769230769231,False
22,Altai Krai,28,Manufacture of machinery and equipment n.e.c.,7,12,3.5714285714285716,3.6874999999999996,1.0324999999999998,False
22,Altai Krai,29,Manufacture of motor vehicles and trailers,1,1,1.1428571428571428,1.0769230769230769,,True
22,Altai Krai,30,Manufacture of other transport equipment,0,3,1.0,1.3076923076923077,,True
22,Altai Krai,31,Manufacture of furniture,7,13,5.857142857142857,10.23076923076923,1.74671669793621,False
22,Altai Krai,32,Other manufacturing,7,13,7.0,5.923076923076923,0.8461538461538461,False
22,Altai Krai,33,Repair and installation of machinery and equipment,7,13,8.142857142857142,11.000000000000002,1.3508771929824563,False
22,Altai Krai,35,"Electricity, gas, steam and air conditioning supply",7,12,2.8888888888888893,3.230769230769231,1.1183431952662721,False
22,Altai Krai,36,"Water collection, treatment and supply",2,3,1.4285714285714286,1.3846153846153846,,True
22,Altai Krai,37,Sewerage,6,11,2.142857142857143,2.6,1.2133333333333334,False
22,Altai Krai,38,"Waste collection, treatment and disposal",7,10,2.7142857142857144,3.1538461538461537,1.1619433198380567,False
22,Altai Krai,39,Remediation activities,1,1,1.1428571428571428,1.0769230769230769,,True
22,Altai Krai,41,Construction of buildings,7,13,45.1,56.47058823529411,1.2521194730663883,False
22,Altai Krai,42,Civil engineering,7,13,11.857142857142858,10.538461538461538,0.8887859128822984,False
22,Altai Krai,43,Specialised construction activities,7,13,69.125,63.0,0.9113924050632911,False
22,Altai Krai,45,Sale and repair of motor vehicles and motorcycles,7,13,47.42857142857143,32.13636363636364,0.6775739320920044,False
22,Altai Krai,46,Wholesale trade,7,13,42.33333333333333,37.14285714285714,0.8773903262092239,False
22,Altai Krai,47,Retail trade,7,13,141.68421052631578,193.25,1.3639487369985142,False
22,Altai Krai,49,Land transport and pipeline transport,7,13,111.125,105.88888888888889,0.9528808898887638,False
22,Altai Krai,50,Water transport,2,3,1.4285714285714286,1.2307692307692308,,True
22,Altai Krai,51,Air transport,0,1,1.0,1.1538461538461537,,True
22,Altai Krai,52,Warehousing and transport support activities,7,13,11.299999999999999,25.857142857142858,2.288242730720607,False
22,Altai Krai,53,Postal and courier activities,7,13,3.857142857142857,10.538461538461538,2.732193732193732,False
22,Altai Krai,55,Accommodation,7,13,8.571428571428571,8.357142857142858,0.9750000000000001,False
22,Altai Krai,56,Food and beverage service activities,7,13,41.777777777777786,51.1875,1.2252327127659572,False
22,Altai Krai,58,Publishing activities,2,7,1.4285714285714286,2.0,,True
22,Altai Krai,59,"Motion picture, video and television production",5,11,3.4285714285714284,4.384615384615385,1.278846153846154,False
22,Altai Krai,60,Programming and broadcasting activities,3,3,1.4285714285714286,1.3076923076923077,0.9153846153846154,False
22,Altai Krai,61,Telecommunications,6,6,1.875,1.6923076923076923,0.9025641025641026,False
22,Altai Krai,62,"Computer programming, consultancy and related activities",7,13,29.571428571428573,35.0,1.183574879227053,False
22,Altai Krai,63,Information service activities,7,13,13.285714285714286,29.923076923076923,2.252274607113317,False
22,Altai Krai,64,"Financial service activities, except insurance and pension funding",5,10,2.0,2.4615384615384617,1.2307692307692308,False
22,Altai Krai,65,"Insurance, reinsurance and pension funding",1,1,1.1428571428571428,1.0769230769230769,,True
22,Altai Krai,66,Auxiliary financial services,7,12,3.7142857142857144,4.769230769230769,1.2840236686390532,False
22,Altai Krai,68,Real estate activities,7,13,36.55555555555556,62.64285714285715,1.7136343899261834,False
22,Altai Krai,69,Legal and accounting activities,7,13,22.285714285714285,25.153846153846153,1.128698224852071,False
22,Altai Krai,70,Management consultancy activities,7,13,12.142857142857142,13.846153846153847,1.1402714932126699,False
22,Altai Krai,71,Architectural and engineering activities,7,13,14.285714285714286,16.53846153846154,1.1576923076923078,False
22,Altai Krai,72,Scientific research and development,5,11,3.4285714285714284,2.769230769230769,0.8076923076923077,False
22,Altai Krai,73,Advertising and market research,7,13,34.714285714285715,49.15384615384615,1.415954415954416,False
22,Altai Krai,74,"Other professional, scientific and technical activities",7,13,11.857142857142858,17.846153846153847,1.505097312326228,False
22,Altai Krai,75,Veterinary activities,4,9,1.7142857142857144,2.3076923076923075,1.346153846153846,False
22,Altai Krai,77,Rental and leasing activities,7,13,10.0,10.615384615384615,1.0615384615384615,False
22,Altai Krai,78,Employment activities,6,11,6.714285714285714,5.615384615384615,0.8363338788870703,False
22,Altai Krai,79,Travel agency and reservation services,7,13,5.857142857142857,7.384615384615385,1.2607879924953098,False
22,Altai Krai,80,Security and investigation activities,5,10,2.857142857142857,2.5384615384615383,0.8884615384615384,False
22,Altai Krai,81,Services to buildings and landscape activities,7,13,14.0,12.466666666666669,0.8904761904761906,False
22,Altai Krai,82,Office administrative and business support activities,7,13,21.0,41.76923076923077,1.9890109890109888,False
22,Altai Krai,84,Public administration and defence; compulsory social security,1,2,1.2857142857142856,1.1538461538461537,,True
22,Altai Krai,85,Education,7,13,15.571428571428571,21.76923076923077,1.3980239943542696,False
22,Altai Krai,86,Human health activities,7,13,8.0,11.23076923076923,1.4038461538461537,False
22,Altai Krai,87,Residential care activities,1,1,1.1428571428571428,1.0769230769230769,,True
22,Altai Krai,88,Social work activities without accommodation,6,12,2.428571428571429,3.076923076923077,1.2669683257918551,False
22,Altai Krai,90,"Creative, arts and entertainment activities",7,13,5.285714285714286,6.538461538461538,1.237006237006237,False
22,Altai Krai,91,"Libraries, archives, museums and other cultural activities",0,4,1.0,1.3846153846153846,,True
22,Altai Krai,92,Gambling and betting activities,1,0,1.1428571428571428,1.0,,True
22,Altai Krai,93,Sports activities and amusement and recreation,7,13,18.428571428571427,22.384615384615383,1.2146690518783543,False
22,Altai Krai,94,Activities of membership organisations,1,5,1.1428571428571428,1.9230769230769231,,True
22,Altai Krai,95,"Repair of computers, personal and household goods",7,13,11.714285714285714,13.692307692307692,1.1688555347091933,False
22,Altai Krai,96,Other personal service activities,7,13,49.285714285714285,54.23076923076923,1.1003344481605353,False
22,Altai Krai,97,Activities of households as employers,1,0,1.1428571428571428,1.0,,True
22,Altai Krai,98,OKVED 98,0,0,1.0,1.0,,True
23,Krasnodar Krai,01,Crop and animal production,7,13,59.06666666666667,77.28,1.3083521444695259,False
23,Krasnodar Krai,02,Forestry and logging,7,11,5.714285714285714,4.500000000000001,0.7875000000000001,False
23,Krasnodar Krai,03,Fishing and aquaculture,7,13,10.375000000000002,12.0,1.1566265060240961,False
23,Krasnodar Krai,05,Mining of coal and lignite,0,0,1.0,1.0,,True
23,Krasnodar Krai,06,Extraction of crude petroleum and natural gas,0,2,1.0,1.1538461538461537,,True
23,Krasnodar Krai,07,OKVED 07,2,1,1.2857142857142856,1.1538461538461537,,True
23,Krasnodar Krai,08,Other mining and quarrying,7,11,3.2500000000000004,2.9230769230769234,0.8994082840236686,False
23,Krasnodar Krai,09,Mining support services,4,3,2.428571428571429,1.4615384615384617,0.6018099547511312,False
23,Krasnodar Krai,10,Manufacture of food products,7,13,49.42857142857143,44.0,0.8901734104046243,False
23,Krasnodar Krai,11,Manufacture of beverages,7,13,4.500000000000001,4.461538461538462,0.9914529914529913,False
23,Krasnodar Krai,12,Manufacture of tobacco products,2,2,1.2857142857142856,1.1538461538461537,,True
23,Krasnodar Krai,13,Manufacture of textiles,7,13,11.714285714285714,9.307692307692308,0.7945590994371483,False
23,Krasnodar Krai,14,Manufacture of wearing apparel,7,13,23.0,21.5,0.9347826086956522,False
23,Krasnodar Krai,15,Manufacture of leather and related products,7,10,2.571428571428571,2.9230769230769234,1.136752136752137,False
23,Krasnodar Krai,16,Wood processing,7,13,12.285714285714286,13.846153846153847,1.1270125223613596,False
23,Krasnodar Krai,17,Manufacture of paper and paper products,7,9,3.857142857142857,2.3846153846153846,0.6182336182336182,False
23,Krasnodar Krai,18,Printing and reproduction of recorded media,7,13,7.571428571428571,7.642857142857142,1.0094339622641508,False
23,Krasnodar Krai,19,Manufacture of coke and refined petroleum products,2,2,1.2857142857142856,1.1538461538461537,,True
23,Krasnodar Krai,20,Manufacture of chemicals and chemical products,7,13,8.571428571428571,8.076923076923077,0.9423076923076923,False
23,Krasnodar Krai,21,Manufacture of pharmaceutical products,3,1,1.5714285714285714,1.0769230769230769,,True
23,Krasnodar Krai,22,Manufacture of rubber and plastic products,7,13,12.571428571428571,10.4,0.8272727272727273,False
23,Krasnodar Krai,23,Other non-metallic mineral products,7,13,13.111111111111112,14.142857142857142,1.078692493946731,False
23,Krasnodar Krai,24,Manufacture of basic metals,4,8,1.7142857142857144,2.0,1.1666666666666665,False
23,Krasnodar Krai,25,Manufacture of fabricated metal products,7,13,30.0,30.46666666666667,1.0155555555555555,False
23,Krasnodar Krai,26,"Manufacture of computer, electronic and optical products",6,13,3.142857142857143,3.230769230769231,1.027972027972028,False
23,Krasnodar Krai,27,Manufacture of electrical equipment,5,12,2.571428571428571,2.357142857142857,0.9166666666666667,False
23,Krasnodar Krai,28,Manufacture of machinery and equipment n.e.c.,7,13,6.142857142857143,4.7857142857142865,0.7790697674418605,False
23,Krasnodar Krai,29,Manufacture of motor vehicles and trailers,3,10,1.5714285714285714,2.230769230769231,1.4195804195804196,False
23,Krasnodar Krai,30,Manufacture of other transport equipment,6,8,2.571428571428571,2.3076923076923075,0.8974358974358975,False
23,Krasnodar Krai,31,Manufacture of furniture,7,13,29.428571428571427,24.624999999999996,0.836771844660194,False
23,Krasnodar Krai,32,Other manufacturing,7,13,14.285714285714286,21.076923076923077,1.4753846153846153,False
23,Krasnodar Krai,33,Repair and installation of machinery and equipment,7,13,28.875,28.78571428571429,0.9969078540507113,False
23,Krasnodar Krai,35,"Electricity, gas, steam and air conditioning supply",6,13,5.428571428571429,3.1333333333333337,0.5771929824561404,False
23,Krasnodar Krai,36,"Water collection, treatment and supply",5,10,2.2857142857142856,2.428571428571429,1.0625000000000002,False
23,Krasnodar Krai,37,Sewerage,7,11,3.4285714285714284,4.076923076923077,1.189102564102564,False
23,Krasnodar Krai,38,"Waste collection, treatment and disposal",7,13,7.428571428571429,7.571428571428571,1.0192307692307692,False
23,Krasnodar Krai,39,Remediation activities,3,0,1.4285714285714286,1.0,,True
23,Krasnodar Krai,41,Construction of buildings,7,13,216.22222222222226,125.6923076923077,0.5813107755553798,False
23,Krasnodar Krai,42,Civil engineering,7,13,36.857142857142854,33.714285714285715,0.9147286821705427,False
23,Krasnodar Krai,43,Specialised construction activities,7,13,198.7,198.72727272727275,1.0001372557990578,False
23,Krasnodar Krai,45,Sale and repair of motor vehicles and motorcycles,7,13,93.63636363636364,76.24137931034483,0.8142283227318379,False
23,Krasnodar Krai,46,Wholesale trade,7,13,107.11764705882352,65.48076923076923,0.6112976809022937,False
23,Krasnodar Krai,47,Retail trade,7,13,407.5625,278.3370786516854,0.6829310318090731,False
23,Krasnodar Krai,49,Land transport and pipeline transport,7,13,415.0,345.6190476190476,0.8328169822145726,False
23,Krasnodar Krai,50,Water transport,7,12,3.5714285714285716,5.0,1.4,False
23,Krasnodar Krai,51,Air transport,2,2,1.2857142857142856,1.2307692307692308,,True
23,Krasnodar Krai,52,Warehousing and transport support activities,7,13,51.25,48.705882352941174,0.9503586800573888,False
23,Krasnodar Krai,53,Postal and courier activities,7,13,14.285714285714286,24.692307692307693,1.7284615384615385,False
23,Krasnodar Krai,55,Accommodation,7,13,99.14285714285714,75.20000000000002,0.7585014409221904,False
23,Krasnodar Krai,56,Food and beverage service activities,7,13,128.6,178.9090909090909,1.3912059946274566,False
23,Krasnodar Krai,58,Publishing activities,6,12,3.3750000000000004,3.5384615384615383,1.0484330484330482,False
23,Krasnodar Krai,59,"Motion picture, video and television production",7,13,15.571428571428571,16.23076923076923,1.0423429781227946,False
23,Krasnodar Krai,60,Programming and broadcasting activities,3,7,1.7142857142857144,1.4285714285714286,0.8333333333333333,False
23,Krasnodar Krai,61,Telecommunications,7,11,3.7142857142857144,4.538461538461538,1.2218934911242603,False
23,Krasnodar Krai,62,"Computer programming, consultancy and related activities",7,13,108.75000000000001,125.00000000000001,1.1494252873563218,False
23,Krasnodar Krai,63,Information service activities,7,13,40.9,97.53846153846153,2.3848034605980817,False
23,Krasnodar Krai,64,"Financial service activities, except insurance and pension funding",7,13,6.142857142857143,6.066666666666667,0.9875968992248062,False
23,Krasnodar Krai,65,"Insurance, reinsurance and pension funding",1,3,1.2857142857142856,1.3076923076923077,,True
23,Krasnodar Krai,66,Auxiliary financial services,7,13,17.714285714285715,16.071428571428573,0.9072580645161291,False
23,Krasnodar Krai,68,Real estate activities,7,13,171.0,149.75757575757575,0.8757752968279283,False
23,Krasnodar Krai,69,Legal and accounting activities,7,13,71.25,63.45,0.8905263157894737,False
23,Krasnodar Krai,70,Management consultancy activities,7,13,39.625,50.26666666666667,1.268559411146162,False
23,Krasnodar Krai,71,Architectural and engineering activities,7,13,49.66666666666667,60.285714285714285,1.2138063279002875,False
23,Krasnodar Krai,72,Scientific research and development,7,13,6.571428571428571,8.857142857142858,1.347826086956522,False
23,Krasnodar Krai,73,Advertising and market research,7,13,102.88888888888889,168.26666666666668,1.6354211663066955,False
23,Krasnodar Krai,74,"Other professional, scientific and technical activities",7,13,57.42857142857143,73.42857142857143,1.2786069651741294,False
23,Krasnodar Krai,75,Veterinary activities,6,13,4.714285714285714,6.785714285714286,1.4393939393939392,False
23,Krasnodar Krai,77,Rental and leasing activities,7,13,39.75000000000001,45.6,1.1471698113207545,False
23,Krasnodar Krai,78,Employment activities,7,13,17.571428571428573,22.46153846153846,1.278298936835522,False
23,Krasnodar Krai,79,Travel agency and reservation services,7,13,27.571428571428573,30.35714285714286,1.101036269430052,False
23,Krasnodar Krai,80,Security and investigation activities,7,13,5.636363636363637,6.933333333333334,1.2301075268817203,False
23,Krasnodar Krai,81,Services to buildings and landscape activities,7,13,28.181818181818183,40.76470588235294,1.4464895635673625,False
23,Krasnodar Krai,82,Office administrative and business support activities,7,13,52.125,97.93749999999999,1.8788968824940044,False
23,Krasnodar Krai,84,Public administration and defence; compulsory social security,6,13,2.428571428571429,2.9230769230769234,1.2036199095022624,False
23,Krasnodar Krai,85,Education,7,13,63.57142857142857,71.07142857142857,1.1179775280898876,False
23,Krasnodar Krai,86,Human health activities,7,13,30.25,36.26666666666667,1.1988980716253446,False
23,Krasnodar Krai,87,Residential care activities,6,11,2.2857142857142856,3.076923076923077,1.3461538461538463,False
23,Krasnodar Krai,88,Social work activities without accommodation,7,13,11.0,11.615384615384615,1.0559440559440558,False
23,Krasnodar Krai,90,"Creative, arts and entertainment activities",7,13,22.714285714285715,23.846153846153847,1.049830672472182,False
23,Krasnodar Krai,91,"Libraries, archives, museums and other cultural activities",3,8,1.5714285714285714,1.8461538461538463,1.174825174825175,False
23,Krasnodar Krai,92,Gambling and betting activities,3,4,1.7142857142857144,1.4615384615384617,0.8525641025641025,False
23,Krasnodar Krai,93,Sports activities and amusement and recreation,7,13,62.37500000000001,70.2,1.1254509018036072,False
23,Krasnodar Krai,94,Activities of membership organisations,6,11,2.142857142857143,2.9230769230769234,1.3641025641025644,False
23,Krasnodar Krai,95,"Repair of computers, personal and household goods",7,13,35.0,48.69230769230769,1.3912087912087912,False
23,Krasnodar Krai,96,Other personal service activities,7,13,151.25,143.55,0.9490909090909092,False
23,Krasnodar Krai,97,Activities of households as employers,3,4,1.4285714285714286,1.3076923076923077,0.9153846153846154,False
23,Krasnodar Krai,98,OKVED 98,0,0,1.0,1.0,,True
23,Krasnodar Krai,99,Activities of extraterritorial organisations and bodies,0,0,1.0,1.0,,True
24,Krasnoyarsk Krai,01,Crop and animal production,7,13,41.42857142857143,44.00000000000001,1.0620689655172415,False
24,Krasnoyarsk Krai,02,Forestry and logging,7,13,15.285714285714286,14.200000000000003,0.9289719626168226,False
24,Krasnoyarsk Krai,03,Fishing and aquaculture,4,11,1.8571428571428572,4.923076923076923,2.6508875739644973,False
24,Krasnoyarsk Krai,05,Mining of coal and lignite,1,2,1.1428571428571428,1.1538461538461537,,True
24,Krasnoyarsk Krai,06,Extraction of crude petroleum and natural gas,0,1,1.0,1.0769230769230769,,True
24,Krasnoyarsk Krai,07,OKVED 07,7,13,5.0,4.461538461538462,0.8923076923076924,False
24,Krasnoyarsk Krai,08,Other mining and quarrying,7,10,3.2857142857142856,2.3846153846153846,0.7257525083612041,False
24,Krasnoyarsk Krai,09,Mining support services,3,2,1.4285714285714286,1.1538461538461537,,True
24,Krasnoyarsk Krai,10,Manufacture of food products,7,13,21.0,20.214285714285715,0.9625850340136055,False
24,Krasnoyarsk Krai,11,Manufacture of beverages,3,6,1.7142857142857144,1.8461538461538463,1.0769230769230769,False
24,Krasnoyarsk Krai,12,Manufacture of tobacco products,0,0,1.0,1.0,,True
24,Krasnoyarsk Krai,13,Manufacture of textiles,7,10,4.285714285714286,3.6923076923076925,0.8615384615384616,False
24,Krasnoyarsk Krai,14,Manufacture of wearing apparel,7,13,9.25,8.142857142857144,0.8803088803088804,False
24,Krasnoyarsk Krai,15,Manufacture of leather and related products,2,8,1.4285714285714286,2.0,,True
24,Krasnoyarsk Krai,16,Wood processing,7,13,16.142857142857142,13.357142857142858,0.8274336283185841,False
24,Krasnoyarsk Krai,17,Manufacture of paper and paper products,2,6,1.2857142857142856,1.6153846153846154,,True
24,Krasnoyarsk Krai,18,Printing and reproduction of recorded media,6,12,4.0,4.230769230769231,1.0576923076923077,False
24,Krasnoyarsk Krai,19,Manufacture of coke and refined petroleum products,0,3,1.0,1.2307692307692308,,True
24,Krasnoyarsk Krai,20,Manufacture of chemicals and chemical products,7,12,3.5714285714285716,3.3846153846153846,0.9476923076923076,False
24,Krasnoyarsk Krai,21,Manufacture of pharmaceutical products,0,2,1.0,1.1538461538461537,,True
24,Krasnoyarsk Krai,22,Manufacture of rubber and plastic products,6,13,3.857142857142857,4.3076923076923075,1.1168091168091168,False
24,Krasnoyarsk Krai,23,Other non-metallic mineral products,7,12,5.571428571428571,5.2857142857142865,0.9487179487179489,False
24,Krasnoyarsk Krai,24,Manufacture of basic metals,2,3,1.2857142857142856,1.2307692307692308,,True
24,Krasnoyarsk Krai,25,Manufacture of fabricated metal products,7,13,14.428571428571429,15.733333333333334,1.0904290429042904,False
24,Krasnoyarsk Krai,26,"Manufacture of computer, electronic and optical products",3,10,1.5714285714285714,2.3846153846153846,1.5174825174825175,False
24,Krasnoyarsk Krai,27,Manufacture of electrical equipment,4,6,2.0,1.3571428571428574,0.6785714285714287,False
24,Krasnoyarsk Krai,28,Manufacture of machinery and equipment n.e.c.,5,9,2.857142857142857,2.0769230769230766,0.7269230769230768,False
24,Krasnoyarsk Krai,29,Manufacture of motor vehicles and trailers,4,8,1.8571428571428572,1.8461538461538463,0.9940828402366864,False
24,Krasnoyarsk Krai,30,Manufacture of other transport equipment,5,8,1.8571428571428572,1.8461538461538463,0.9940828402366864,False
24,Krasnoyarsk Krai,31,Manufacture of furniture,7,13,10.285714285714286,8.875,0.8628472222222222,False
24,Krasnoyarsk Krai,32,Other manufacturing,7,13,5.428571428571429,8.692307692307693,1.6012145748987856,False
24,Krasnoyarsk Krai,33,Repair and installation of machinery and equipment,7,13,10.875,11.923076923076923,1.0963748894783378,False
24,Krasnoyarsk Krai,35,"Electricity, gas, steam and air conditioning supply",6,11,3.0,2.5384615384615383,0.8461538461538461,False
24,Krasnoyarsk Krai,36,"Water collection, treatment and supply",5,4,1.7142857142857144,1.3076923076923077,0.7628205128205128,False
24,Krasnoyarsk Krai,37,Sewerage,5,8,1.8571428571428572,2.1538461538461537,1.1597633136094674,False
24,Krasnoyarsk Krai,38,"Waste collection, treatment and disposal",7,13,3.5,4.076923076923077,1.1648351648351647,False
24,Krasnoyarsk Krai,39,Remediation activities,1,0,1.1428571428571428,1.0,,True
24,Krasnoyarsk Krai,41,Construction of buildings,7,13,70.11111111111111,72.13333333333334,1.0288431061806658,False
24,Krasnoyarsk Krai,42,Civil engineering,7,13,12.285714285714286,11.785714285714286,0.9593023255813954,False
24,Krasnoyarsk Krai,43,Specialised construction activities,7,13,83.54545454545455,127.50000000000001,1.5261153427638738,False
24,Krasnoyarsk Krai,45,Sale and repair of motor vehicles and motorcycles,7,13,72.85714285714286,65.0625,0.8930147058823529,False
24,Krasnoyarsk Krai,46,Wholesale trade,7,13,40.53333333333334,52.08695652173914,1.2850400457665905,False
24,Krasnoyarsk Krai,47,Retail trade,7,13,236.43750000000003,128.17857142857144,0.5421245421245421,False
24,Krasnoyarsk Krai,49,Land transport and pipeline transport,7,13,114.1,170.5,1.4943032427695004,False
24,Krasnoyarsk Krai,50,Water transport,5,9,2.428571428571429,2.6153846153846154,1.0769230769230769,False
24,Krasnoyarsk Krai,51,Air transport,1,1,0.875,1.0769230769230769,,True
24,Krasnoyarsk Krai,52,Warehousing and transport support activities,7,13,13.888888888888891,19.06666666666667,1.3728,False
24,Krasnoyarsk Krai,53,Postal and courier activities,7,13,6.571428571428571,9.538461538461538,1.4515050167224082,False
24,Krasnoyarsk Krai,55,Accommodation,7,13,6.285714285714286,8.846153846153847,1.4073426573426575,False
24,Krasnoyarsk Krai,56,Food and beverage service activities,7,13,61.44444444444445,62.22222222222223,1.0126582278481013,False
24,Krasnoyarsk Krai,58,Publishing activities,4,7,2.142857142857143,2.0,0.9333333333333333,False
24,Krasnoyarsk Krai,59,"Motion picture, video and television production",7,13,4.714285714285714,7.0,1.4848484848484849,False
24,Krasnoyarsk Krai,60,Programming and broadcasting activities,2,5,1.4285714285714286,1.4615384615384617,,True
24,Krasnoyarsk Krai,61,Telecommunications,6,9,3.4285714285714284,2.230769230769231,0.6506410256410257,False
24,Krasnoyarsk Krai,62,"Computer programming, consultancy and related activities",7,13,38.142857142857146,50.69230769230769,1.3290118121578796,False
24,Krasnoyarsk Krai,63,Information service activities,7,13,18.444444444444446,41.46153846153846,2.2479147358665426,False
24,Krasnoyarsk Krai,64,"Financial service activities, except insurance and pension funding",6,13,3.75,3.6153846153846154,0.9641025641025641,False
24,Krasnoyarsk Krai,65,"Insurance, reinsurance and pension funding",0,0,1.0,1.0,,True
24,Krasnoyarsk Krai,66,Auxiliary financial services,7,13,6.714285714285714,7.923076923076923,1.1800327332242226,False
24,Krasnoyarsk Krai,68,Real estate activities,7,13,61.375,86.92307692307692,1.416261945793514,False
24,Krasnoyarsk Krai,69,Legal and accounting activities,7,13,33.714285714285715,36.14285714285714,1.0720338983050846,False
24,Krasnoyarsk Krai,70,Management consultancy activities,7,13,14.0,19.000000000000004,1.3571428571428574,False
24,Krasnoyarsk Krai,71,Architectural and engineering activities,7,13,20.857142857142858,22.846153846153847,1.09536354056902,False
24,Krasnoyarsk Krai,72,Scientific research and development,5,11,4.0,3.5384615384615383,0.8846153846153846,False
24,Krasnoyarsk Krai,73,Advertising and market research,7,13,47.42857142857143,75.23076923076923,1.5861909175162185,False
24,Krasnoyarsk Krai,74,"Other professional, scientific and technical activities",7,13,23.428571428571427,33.23076923076923,1.4183864915572235,False
24,Krasnoyarsk Krai,75,Veterinary activities,5,11,2.2857142857142856,3.0,1.3125,False
24,Krasnoyarsk Krai,77,Rental and leasing activities,7,13,16.857142857142858,14.733333333333334,0.8740112994350283,False
24,Krasnoyarsk Krai,78,Employment activities,7,13,7.571428571428571,10.846153846153847,1.4325108853410742,False
24,Krasnoyarsk Krai,79,Travel agency and reservation services,7,13,8.857142857142858,10.461538461538462,1.1811414392059554,False
24,Krasnoyarsk Krai,80,Security and investigation activities,7,13,3.75,3.9375000000000004,1.05,False
24,Krasnoyarsk Krai,81,Services to buildings and landscape activities,7,13,21.142857142857142,22.733333333333334,1.0752252252252252,False
24,Krasnoyarsk Krai,82,Office administrative and business support activities,7,13,37.0,50.35714285714286,1.361003861003861,False
24,Krasnoyarsk Krai,84,Public administration and defence; compulsory social security,2,2,1.2857142857142856,1.1538461538461537,,True
24,Krasnoyarsk Krai,85,Education,7,13,38.857142857142854,38.07692307692308,0.9799208144796382,False
24,Krasnoyarsk Krai,86,Human health activities,7,13,7.428571428571429,11.538461538461538,1.5532544378698223,False
24,Krasnoyarsk Krai,87,Residential care activities,3,2,1.4285714285714286,1.1538461538461537,,True
24,Krasnoyarsk Krai,88,Social work activities without accommodation,7,13,5.571428571428571,4.923076923076923,0.8836291913214991,False
24,Krasnoyarsk Krai,90,"Creative, arts and entertainment activities",7,13,10.285714285714286,9.76923076923077,0.9497863247863247,False
24,Krasnoyarsk Krai,91,"Libraries, archives, museums and other cultural activities",0,2,1.0,1.1538461538461537,,True
24,Krasnoyarsk Krai,92,Gambling and betting activities,2,5,1.2857142857142856,1.4615384615384617,,True
24,Krasnoyarsk Krai,93,Sports activities and amusement and recreation,7,13,29.571428571428573,30.21428571428572,1.0217391304347827,False
24,Krasnoyarsk Krai,94,Activities of membership organisations,2,6,1.4285714285714286,1.7692307692307692,,True
24,Krasnoyarsk Krai,95,"Repair of computers, personal and household goods",7,13,19.0,23.0,1.2105263157894737,False
24,Krasnoyarsk Krai,96,Other personal service activities,7,13,96.14285714285714,101.84615384615384,1.0593210652646017,False
24,Krasnoyarsk Krai,97,Activities of households as employers,2,3,1.2857142857142856,1.2307692307692308,,True
24,Krasnoyarsk Krai,98,OKVED 98,0,1,1.0,1.0769230769230769,,True
24,Krasnoyarsk Krai,99,Activities of extraterritorial organisations and bodies,0,0,1.0,1.0,,True
25,Primorsky Krai,01,Crop and animal production,7,13,21.571428571428573,19.142857142857146,0.8874172185430464,False
25,Primorsky Krai,02,Forestry and logging,7,12,5.142857142857143,5.076923076923077,0.987179487179487,False
25,Primorsky Krai,03,Fishing and aquaculture,7,13,5.625000000000001,6.615384615384615,1.1760683760683759,False
25,Primorsky Krai,05,Mining of coal and lignite,4,2,1.5714285714285714,1.1538461538461537,,True
25,Primorsky Krai,06,Extraction of crude petroleum and natural gas,0,0,1.0,1.0,,True
25,Primorsky Krai,07,OKVED 07,4,9,1.7142857142857144,2.3076923076923075,1.346153846153846,False
25,Primorsky Krai,08,Other mining and quarrying,7,12,3.4285714285714284,3.3846153846153846,0.9871794871794872,False
25,Primorsky Krai,09,Mining support services,2,3,1.2857142857142856,1.2307692307692308,,True
25,Primorsky Krai,10,Manufacture of food products,7,13,14.142857142857142,12.8125,0.9059343434343434,False
25,Primorsky Krai,11,Manufacture of beverages,4,6,1.8571428571428572,1.9230769230769231,1.0355029585798816,False
25,Primorsky Krai,12,Manufacture of tobacco products,0,0,1.0,1.0,,True
25,Primorsky Krai,13,Manufacture of textiles,4,12,2.571428571428571,3.076923076923077,1.1965811965811968,False
25,Primorsky Krai,14,Manufacture of wearing apparel,7,13,6.142857142857143,5.076923076923077,0.8264758497316635,False
25,Primorsky Krai,15,Manufacture of leather and related products,2,1,1.4285714285714286,1.0769230769230769,,True
25,Primorsky Krai,16,Wood processing,6,12,4.0,3.642857142857143,0.9107142857142857,False
25,Primorsky Krai,17,Manufacture of paper and paper products,1,0,1.1428571428571428,1.0,,True
25,Primorsky Krai,18,Printing and reproduction of recorded media,5,10,3.142857142857143,3.230769230769231,1.027972027972028,False
25,Primorsky Krai,19,Manufacture of coke and refined petroleum products,0,3,1.0,1.2307692307692308,,True
25,Primorsky Krai,20,Manufacture of chemicals and chemical products,5,9,3.142857142857143,2.9230769230769234,0.9300699300699302,False
25,Primorsky Krai,21,Manufacture of pharmaceutical products,1,3,1.1428571428571428,1.4615384615384617,,True
25,Primorsky Krai,22,Manufacture of rubber and plastic products,5,10,3.857142857142857,3.076923076923077,0.7977207977207977,False
25,Primorsky Krai,23,Other non-metallic mineral products,7,13,5.285714285714286,5.2,0.9837837837837838,False
25,Primorsky Krai,24,Manufacture of basic metals,2,2,1.2857142857142856,1.1538461538461537,,True
25,Primorsky Krai,25,Manufacture of fabricated metal products,7,13,10.571428571428571,11.307692307692308,1.0696465696465698,False
25,Primorsky Krai,26,"Manufacture of computer, electronic and optical products",5,6,2.0,1.8461538461538463,0.9230769230769231,False
25,Primorsky Krai,27,Manufacture of electrical equipment,4,4,1.8571428571428572,1.3846153846153846,0.7455621301775147,False
25,Primorsky Krai,28,Manufacture of machinery and equipment n.e.c.,7,9,2.428571428571429,2.4615384615384617,1.0135746606334841,False
25,Primorsky Krai,29,Manufacture of motor vehicles and trailers,2,6,1.4285714285714286,1.5714285714285714,,True
25,Primorsky Krai,30,Manufacture of other transport equipment,5,11,1.8571428571428572,2.1333333333333337,1.1487179487179489,False
25,Primorsky Krai,31,Manufacture of furniture,7,13,4.857142857142858,6.142857142857142,1.264705882352941,False
25,Primorsky Krai,32,Other manufacturing,7,13,3.4285714285714284,5.6923076923076925,1.6602564102564104,False
25,Primorsky Krai,33,Repair and installation of machinery and equipment,7,13,10.142857142857142,15.35714285714286,1.5140845070422537,False
25,Primorsky Krai,35,"Electricity, gas, steam and air conditioning supply",3,6,1.125,1.7692307692307692,1.5726495726495726,False
25,Primorsky Krai,36,"Water collection, treatment and supply",2,4,1.2857142857142856,1.3571428571428574,,True
25,Primorsky Krai,37,Sewerage,3,6,1.4285714285714286,1.6923076923076923,1.1846153846153846,False
25,Primorsky Krai,38,"Waste collection, treatment and disposal",7,11,3.142857142857143,3.230769230769231,1.027972027972028,False
25,Primorsky Krai,39,Remediation activities,1,0,1.1428571428571428,1.0,,True
25,Primorsky Krai,41,Construction of buildings,7,13,53.44444444444444,75.3076923076923,1.4090836398528706,False
25,Primorsky Krai,42,Civil engineering,7,13,7.571428571428571,11.571428571428573,1.5283018867924532,False
25,Primorsky Krai,43,Specialised construction activities,7,13,79.375,102.92307692307692,1.2966686856450635,False
25,Primorsky Krai,45,Sale and repair of motor vehicles and motorcycles,7,13,72.77777777777779,64.61904761904762,0.8878953107960741,False
25,Primorsky Krai,46,Wholesale trade,7,13,38.111111111111114,25.70909090909091,0.674582560296846,False
25,Primorsky Krai,47,Retail trade,7,13,133.57894736842104,119.52173913043478,0.8947647925446262,False
25,Primorsky Krai,49,Land transport and pipeline transport,7,13,72.375,95.3529411764706,1.3174845067560703,False
25,Primorsky Krai,50,Water transport,7,13,3.4285714285714284,3.357142857142857,0.9791666666666667,False
25,Primorsky Krai,51,Air transport,1,0,1.1428571428571428,1.0,,True
25,Primorsky Krai,52,Warehousing and transport support activities,7,13,34.75,39.94117647058824,1.149386373254338,False
25,Primorsky Krai,53,Postal and courier activities,7,13,3.2857142857142856,6.923076923076923,2.107023411371238,False
25,Primorsky Krai,55,Accommodation,7,13,11.714285714285714,15.384615384615385,1.3133208255159476,False
25,Primorsky Krai,56,Food and beverage service activities,7,13,36.0,55.375,1.5381944444444444,False
25,Primorsky Krai,58,Publishing activities,2,5,1.5714285714285714,1.5384615384615383,,True
25,Primorsky Krai,59,"Motion picture, video and television production",5,11,2.3750000000000004,5.076923076923077,2.1376518218623475,False
25,Primorsky Krai,60,Programming and broadcasting activities,0,2,1.0,1.1538461538461537,,True
25,Primorsky Krai,61,Telecommunications,2,7,1.4285714285714286,1.7692307692307692,,True
25,Primorsky Krai,62,"Computer programming, consultancy and related activities",7,13,22.142857142857142,31.615384615384617,1.4277915632754343,False
25,Primorsky Krai,63,Information service activities,7,13,15.142857142857142,20.307692307692307,1.3410740203193032,False
25,Primorsky Krai,64,"Financial service activities, except insurance and pension funding",6,11,3.4285714285714284,2.4615384615384617,0.7179487179487181,False
25,Primorsky Krai,65,"Insurance, reinsurance and pension funding",1,2,1.1428571428571428,1.1538461538461537,,True
25,Primorsky Krai,66,Auxiliary financial services,7,13,4.857142857142858,7.153846153846154,1.4728506787330315,False
25,Primorsky Krai,68,Real estate activities,7,13,53.285714285714285,42.36363636363637,0.7950280282719961,False
25,Primorsky Krai,69,Legal and accounting activities,7,13,23.0,28.0,1.2173913043478262,False
25,Primorsky Krai,70,Management consultancy activities,7,13,10.142857142857142,14.25,1.4049295774647887,False
25,Primorsky Krai,71,Architectural and engineering activities,7,13,16.285714285714285,23.923076923076923,1.4689608636977058,False
25,Primorsky Krai,72,Scientific research and development,7,13,3.857142857142857,4.769230769230769,1.2364672364672364,False
25,Primorsky Krai,73,Advertising and market research,7,13,30.285714285714285,40.38461538461539,1.3334542815674892,False
25,Primorsky Krai,74,"Other professional, scientific and technical activities",7,13,13.428571428571429,21.46153846153846,1.5981996726677576,False
25,Primorsky Krai,75,Veterinary activities,5,11,2.0,2.3846153846153846,1.1923076923076923,False
25,Primorsky Krai,77,Rental and leasing activities,7,13,12.857142857142858,15.071428571428571,1.172222222222222,False
25,Primorsky Krai,78,Employment activities,7,13,6.142857142857143,5.500000000000001,0.8953488372093024,False
25,Primorsky Krai,79,Travel agency and reservation services,7,13,10.142857142857142,11.461538461538462,1.1300108342361863,False
25,Primorsky Krai,80,Security and investigation activities,6,13,3.2857142857142856,3.7333333333333334,1.136231884057971,False
25,Primorsky Krai,81,Services to buildings and landscape activities,7,13,14.285714285714286,15.428571428571427,1.0799999999999998,False
25,Primorsky Krai,82,Office administrative and business support activities,7,13,12.857142857142858,22.153846153846153,1.723076923076923,False
25,Primorsky Krai,84,Public administration and defence; compulsory social security,4,3,1.5714285714285714,1.3076923076923077,0.8321678321678322,False
25,Primorsky Krai,85,Education,7,13,21.714285714285715,25.153846153846153,1.1584008097165992,False
25,Primorsky Krai,86,Human health activities,7,13,7.375000000000001,10.153846153846153,1.3767926988265968,False
25,Primorsky Krai,87,Residential care activities,2,3,1.2857142857142856,1.2307692307692308,,True
25,Primorsky Krai,88,Social work activities without accommodation,7,11,3.2857142857142856,3.6153846153846154,1.1003344481605353,False
25,Primorsky Krai,90,"Creative, arts and entertainment activities",7,13,5.625000000000001,5.615384615384615,0.9982905982905981,False
25,Primorsky Krai,91,"Libraries, archives, museums and other cultural activities",1,3,1.1428571428571428,1.2307692307692308,,True
25,Primorsky Krai,92,Gambling and betting activities,1,0,1.1428571428571428,1.0,,True
25,Primorsky Krai,93,Sports activities and amusement and recreation,7,13,19.857142857142858,19.0,0.9568345323741007,False
25,Primorsky Krai,94,Activities of membership organisations,1,8,1.1428571428571428,1.8461538461538463,,True
25,Primorsky Krai,95,"Repair of computers, personal and household goods",7,13,8.571428571428571,12.846153846153847,1.4987179487179487,False
25,Primorsky Krai,96,Other personal service activities,7,13,40.5,62.76923076923077,1.5498575498575498,False
25,Primorsky Krai,97,Activities of households as employers,0,2,1.0,1.1538461538461537,,True
26,Stavropol Krai,01,Crop and animal production,7,13,48.44444444444445,72.74999999999999,1.5017201834862381,False
26,Stavropol Krai,02,Forestry and logging,4,7,1.5714285714285714,1.6923076923076923,1.0769230769230769,False
26,Stavropol Krai,03,Fishing and aquaculture,7,13,4.571428571428571,5.0,1.09375,False
26,Stavropol Krai,06,Extraction of crude petroleum and natural gas,0,0,1.0,1.0,,True
26,Stavropol Krai,07,OKVED 07,0,2,1.0,1.1538461538461537,,True
26,Stavropol Krai,08,Other mining and quarrying,3,8,1.5714285714285714,1.6923076923076923,1.0769230769230769,False
26,Stavropol Krai,09,Mining support services,1,3,1.1428571428571428,1.2307692307692308,,True
26,Stavropol Krai,10,Manufacture of food products,7,13,17.111111111111114,27.0,1.5779220779220777,False
26,Stavropol Krai,11,Manufacture of beverages,6,9,2.571428571428571,2.0,0.7777777777777779,False
26,Stavropol Krai,12,Manufacture of tobacco products,2,2,1.4285714285714286,1.1538461538461537,,True
26,Stavropol Krai,13,Manufacture of textiles,7,12,4.857142857142858,5.384615384615385,1.1085972850678734,False
26,Stavropol Krai,14,Manufacture of wearing apparel,7,13,12.125000000000002,16.933333333333337,1.3965635738831617,False
26,Stavropol Krai,15,Manufacture of leather and related products,5,12,2.7142857142857144,5.000000000000001,1.842105263157895,False
26,Stavropol Krai,16,Wood processing,7,13,3.75,6.615384615384615,1.764102564102564,False
26,Stavropol Krai,17,Manufacture of paper and paper products,2,8,1.5714285714285714,2.0769230769230766,,True
26,Stavropol Krai,18,Printing and reproduction of recorded media,7,10,3.2857142857142856,4.0,1.2173913043478262,False
26,Stavropol Krai,19,Manufacture of coke and refined petroleum products,1,2,1.1428571428571428,1.1538461538461537,,True
26,Stavropol Krai,20,Manufacture of chemicals and chemical products,7,13,4.0,5.384615384615385,1.3461538461538463,False
26,Stavropol Krai,21,Manufacture of pharmaceutical products,0,1,1.0,1.2307692307692308,,True
26,Stavropol Krai,22,Manufacture of rubber and plastic products,7,13,4.428571428571429,6.461538461538462,1.4590570719602978,False
26,Stavropol Krai,23,Other non-metallic mineral products,7,13,6.571428571428571,7.615384615384615,1.1588628762541806,False
26,Stavropol Krai,24,Manufacture of basic metals,1,2,1.1428571428571428,1.1538461538461537,,True
26,Stavropol Krai,25,Manufacture of fabricated metal products,7,13,12.0,11.533333333333335,0.9611111111111112,False
26,Stavropol Krai,26,"Manufacture of computer, electronic and optical products",2,8,1.4285714285714286,2.3076923076923075,,True
26,Stavropol Krai,27,Manufacture of electrical equipment,4,7,1.8571428571428572,2.0,1.0769230769230769,False
26,Stavropol Krai,28,Manufacture of machinery and equipment n.e.c.,6,11,2.428571428571429,2.5000000000000004,1.0294117647058825,False
26,Stavropol Krai,29,Manufacture of motor vehicles and trailers,3,6,1.8571428571428572,1.6923076923076923,0.9112426035502958,False
26,Stavropol Krai,30,Manufacture of other transport equipment,3,1,1.4285714285714286,1.0769230769230769,,True
26,Stavropol Krai,31,Manufacture of furniture,7,13,10.285714285714286,13.071428571428571,1.2708333333333333,False
26,Stavropol Krai,32,Other manufacturing,6,13,6.571428571428571,9.692307692307692,1.4749163879598661,False
26,Stavropol Krai,33,Repair and installation of machinery and equipment,7,13,7.0,14.642857142857144,2.0918367346938775,False
26,Stavropol Krai,35,"Electricity, gas, steam and air conditioning supply",4,5,1.5714285714285714,1.5384615384615383,0.979020979020979,False
26,Stavropol Krai,36,"Water collection, treatment and supply",1,2,1.1428571428571428,1.1538461538461537,,True
26,Stavropol Krai,37,Sewerage,3,4,1.5714285714285714,1.5384615384615383,0.979020979020979,False
26,Stavropol Krai,38,"Waste collection, treatment and disposal",7,13,3.4285714285714284,5.3076923076923075,1.5480769230769231,False
26,Stavropol Krai,39,Remediation activities,0,3,1.0,1.2307692307692308,,True
26,Stavropol Krai,41,Construction of buildings,7,13,64.75,69.3125,1.0704633204633205,False
26,Stavropol Krai,42,Civil engineering,7,13,13.857142857142858,16.76923076923077,1.2101506740681998,False
26,Stavropol Krai,43,Specialised construction activities,7,13,64.22222222222223,112.23076923076923,1.7475379291988287,False
26,Stavropol Krai,45,Sale and repair of motor vehicles and motorcycles,7,13,46.142857142857146,65.53333333333333,1.4202270381836943,False
26,Stavropol Krai,46,Wholesale trade,7,13,48.15384615384615,61.25925925925927,1.272157141166726,False
26,Stavropol Krai,47,Retail trade,7,13,280.2631578947368,215.4035087719298,0.7685758998435055,False
26,Stavropol Krai,49,Land transport and pipeline transport,7,13,126.77777777777779,182.37499999999997,1.4385407537248025,False
26,Stavropol Krai,50,Water transport,0,2,1.0,1.1538461538461537,,True
26,Stavropol Krai,51,Air transport,1,2,1.1428571428571428,1.1538461538461537,,True
26,Stavropol Krai,52,Warehousing and transport support activities,7,13,13.75,17.28571428571429,1.2571428571428573,False
26,Stavropol Krai,53,Postal and courier activities,7,13,5.571428571428571,12.923076923076923,2.319526627218935,False
26,Stavropol Krai,55,Accommodation,7,13,9.714285714285714,16.076923076923077,1.654977375565611,False
26,Stavropol Krai,56,Food and beverage service activities,7,13,72.125,85.0,1.1785095320623917,False
26,Stavropol Krai,58,Publishing activities,4,8,2.0,2.4615384615384617,1.2307692307692308,False
26,Stavropol Krai,59,"Motion picture, video and television production",7,13,5.571428571428571,6.230769230769231,1.1183431952662723,False
26,Stavropol Krai,60,Programming and broadcasting activities,0,1,1.0,1.0769230769230769,,True
26,Stavropol Krai,61,Telecommunications,2,8,1.2857142857142856,2.3076923076923075,,True
26,Stavropol Krai,62,"Computer programming, consultancy and related activities",7,13,34.714285714285715,41.785714285714285,1.2037037037037037,False
26,Stavropol Krai,63,Information service activities,7,13,12.375,30.76923076923077,2.4864024864024863,False
26,Stavropol Krai,64,"Financial service activities, except insurance and pension funding",4,9,1.8571428571428572,2.9230769230769234,1.5739644970414202,False
26,Stavropol Krai,65,"Insurance, reinsurance and pension funding",1,0,1.1428571428571428,1.0,,True
26,Stavropol Krai,66,Auxiliary financial services,7,13,4.857142857142858,8.384615384615385,1.7262443438914026,False
26,Stavropol Krai,68,Real estate activities,7,13,69.0,91.875,1.3315217391304348,False
26,Stavropol Krai,69,Legal and accounting activities,7,13,20.857142857142858,31.714285714285715,1.5205479452054795,False
26,Stavropol Krai,70,Management consultancy activities,7,13,10.571428571428571,16.357142857142858,1.5472972972972974,False
26,Stavropol Krai,71,Architectural and engineering activities,7,13,14.857142857142858,20.142857142857146,1.3557692307692308,False
26,Stavropol Krai,72,Scientific research and development,5,10,3.142857142857143,6.461538461538462,2.055944055944056,False
26,Stavropol Krai,73,Advertising and market research,7,13,37.142857142857146,65.35714285714286,1.7596153846153846,False
26,Stavropol Krai,74,"Other professional, scientific and technical activities",7,13,16.714285714285715,26.92857142857143,1.6111111111111112,False
26,Stavropol Krai,75,Veterinary activities,3,10,1.7142857142857144,3.4615384615384617,2.019230769230769,False
26,Stavropol Krai,77,Rental and leasing activities,7,13,9.714285714285714,13.0,1.3382352941176472,False
26,Stavropol Krai,78,Employment activities,7,12,4.857142857142858,6.0,1.2352941176470587,False
26,Stavropol Krai,79,Travel agency and reservation services,7,13,11.571428571428571,12.923076923076923,1.1168091168091168,False
26,Stavropol Krai,80,Security and investigation activities,7,11,3.7142857142857144,2.6,0.7,False
26,Stavropol Krai,81,Services to buildings and landscape activities,7,13,14.571428571428571,19.000000000000004,1.3039215686274512,False
26,Stavropol Krai,82,Office administrative and business support activities,7,13,24.571428571428573,45.285714285714285,1.8430232558139534,False
26,Stavropol Krai,84,Public administration and defence; compulsory social security,1,6,1.2857142857142856,1.4615384615384617,,True
26,Stavropol Krai,85,Education,7,13,16.42857142857143,26.923076923076923,1.6387959866220734,False
26,Stavropol Krai,86,Human health activities,7,13,13.285714285714286,18.0,1.3548387096774193,False
26,Stavropol Krai,87,Residential care activities,3,6,1.4285714285714286,2.0,1.4,False
26,Stavropol Krai,88,Social work activities without accommodation,7,10,4.0,4.285714285714286,1.0714285714285714,False
26,Stavropol Krai,90,"Creative, arts and entertainment activities",7,13,8.428571428571429,9.384615384615385,1.1134289439374185,False
26,Stavropol Krai,91,"Libraries, archives, museums and other cultural activities",2,4,1.4285714285714286,1.3076923076923077,,True
26,Stavropol Krai,92,Gambling and betting activities,1,5,1.1428571428571428,1.3846153846153846,,True
26,Stavropol Krai,93,Sports activities and amusement and recreation,7,13,15.571428571428571,26.46153846153846,1.699364855328158,False
26,Stavropol Krai,94,Activities of membership organisations,4,6,1.7142857142857144,1.6153846153846154,0.9423076923076923,False
26,Stavropol Krai,95,"Repair of computers, personal and household goods",7,13,12.0,21.307692307692307,1.7756410256410255,False
26,Stavropol Krai,96,Other personal service activities,7,13,54.857142857142854,80.76923076923077,1.4723557692307694,False
26,Stavropol Krai,97,Activities of households as employers,0,2,1.0,1.1538461538461537,,True
26,Stavropol Krai,98,OKVED 98,3,0,1.4285714285714286,1.0,,True
27,Khabarovsk Krai,01,Crop and animal production,7,13,9.285714285714286,10.307692307692308,1.1100591715976331,False
27,Khabarovsk Krai,02,Forestry and logging,7,13,4.250000000000001,4.8125,1.1323529411764703,False
27,Khabarovsk Krai,03,Fishing and aquaculture,5,12,2.625,3.071428571428571,1.1700680272108843,False
27,Khabarovsk Krai,05,Mining of coal and lignite,2,2,1.4285714285714286,1.1538461538461537,,True
27,Khabarovsk Krai,07,OKVED 07,7,13,5.428571428571429,8.153846153846153,1.5020242914979756,False
27,Khabarovsk Krai,08,Other mining and quarrying,5,11,2.7142857142857144,3.1538461538461537,1.1619433198380567,False
27,Khabarovsk Krai,09,Mining support services,4,6,2.0,1.9230769230769231,0.9615384615384616,False
27,Khabarovsk Krai,10,Manufacture of food products,7,13,7.625000000000001,7.6875,1.0081967213114753,False
27,Khabarovsk Krai,11,Manufacture of beverages,1,3,1.1428571428571428,1.3076923076923077,,True
27,Khabarovsk Krai,12,Manufacture of tobacco products,0,1,1.0,1.0769230769230769,,True
27,Khabarovsk Krai,13,Manufacture of textiles,2,7,1.8571428571428572,1.8461538461538463,,True
27,Khabarovsk Krai,14,Manufacture of wearing apparel,7,12,2.571428571428571,3.923076923076923,1.5256410256410258,False
27,Khabarovsk Krai,15,Manufacture of leather and related products,0,2,1.0,1.1538461538461537,,True
27,Khabarovsk Krai,16,Wood processing,5,10,2.571428571428571,3.6153846153846154,1.405982905982906,False
27,Khabarovsk Krai,17,Manufacture of paper and paper products,0,5,1.0,1.3846153846153846,,True
27,Khabarovsk Krai,18,Printing and reproduction of recorded media,6,9,2.142857142857143,1.9230769230769231,0.8974358974358975,False
27,Khabarovsk Krai,19,Manufacture of coke and refined petroleum products,0,1,1.0,1.0769230769230769,,True
27,Khabarovsk Krai,20,Manufacture of chemicals and chemical products,6,9,2.7142857142857144,2.230769230769231,0.8218623481781376,False
27,Khabarovsk Krai,21,Manufacture of pharmaceutical products,2,1,1.2857142857142856,1.0769230769230769,,True
27,Khabarovsk Krai,22,Manufacture of rubber and plastic products,6,11,2.2857142857142856,3.6153846153846154,1.5817307692307694,False
27,Khabarovsk Krai,23,Other non-metallic mineral products,7,13,2.571428571428571,4.615384615384615,1.794871794871795,False
27,Khabarovsk Krai,24,Manufacture of basic metals,4,4,1.5714285714285714,1.3846153846153846,0.8811188811188811,False
27,Khabarovsk Krai,25,Manufacture of fabricated metal products,7,13,6.428571428571429,6.923076923076923,1.0769230769230769,False
27,Khabarovsk Krai,26,"Manufacture of computer, electronic and optical products",2,3,1.4285714285714286,1.2307692307692308,,True
27,Khabarovsk Krai,27,Manufacture of electrical equipment,1,3,1.1428571428571428,1.2307692307692308,,True
27,Khabarovsk Krai,28,Manufacture of machinery and equipment n.e.c.,3,5,1.4285714285714286,1.6153846153846154,1.1307692307692307,False
27,Khabarovsk Krai,29,Manufacture of motor vehicles and trailers,1,4,1.1428571428571428,1.3076923076923077,,True
27,Khabarovsk Krai,30,Manufacture of other transport equipment,1,8,1.1428571428571428,1.8461538461538463,,True
27,Khabarovsk Krai,31,Manufacture of furniture,7,13,4.571428571428571,5.769230769230769,1.2620192307692308,False
27,Khabarovsk Krai,32,Other manufacturing,7,10,3.5714285714285716,3.769230769230769,1.0553846153846154,False
27,Khabarovsk Krai,33,Repair and installation of machinery and equipment,6,13,5.571428571428571,7.538461538461538,1.3530571992110454,False
27,Khabarovsk Krai,35,"Electricity, gas, steam and air conditioning supply",5,8,2.142857142857143,2.0769230769230766,0.9692307692307691,False
27,Khabarovsk Krai,36,"Water collection, treatment and supply",1,3,1.2857142857142856,1.2307692307692308,,True
27,Khabarovsk Krai,37,Sewerage,1,3,1.1428571428571428,1.2307692307692308,,True
27,Khabarovsk Krai,38,"Waste collection, treatment and disposal",4,7,2.0,2.3846153846153846,1.1923076923076923,False
27,Khabarovsk Krai,39,Remediation activities,0,0,1.0,1.0,,True
27,Khabarovsk Krai,41,Construction of buildings,7,13,38.25,48.78571428571429,1.2754435107376285,False
27,Khabarovsk Krai,42,Civil engineering,7,13,7.714285714285714,8.384615384615385,1.086894586894587,False
27,Khabarovsk Krai,43,Specialised construction activities,7,13,55.57142857142857,52.875,0.9514781491002571,False
27,Khabarovsk Krai,45,Sale and repair of motor vehicles and motorcycles,7,13,30.66666666666667,42.357142857142854,1.3812111801242233,False
27,Khabarovsk Krai,46,Wholesale trade,7,13,26.749999999999996,32.4,1.2112149532710281,False
27,Khabarovsk Krai,47,Retail trade,7,13,148.36363636363637,84.08108108108108,0.5667229729729729,False
27,Khabarovsk Krai,49,Land transport and pipeline transport,7,13,56.5,81.38461538461539,1.440435670524166,False
27,Khabarovsk Krai,50,Water transport,3,7,1.4285714285714286,1.7692307692307692,1.2384615384615383,False
27,Khabarovsk Krai,51,Air transport,1,3,1.1428571428571428,1.3846153846153846,,True
27,Khabarovsk Krai,52,Warehousing and transport support activities,7,13,16.42857142857143,19.923076923076923,1.2127090301003343,False
27,Khabarovsk Krai,53,Postal and courier activities,5,13,3.142857142857143,7.615384615384615,2.423076923076923,False
27,Khabarovsk Krai,55,Accommodation,7,12,3.5,5.357142857142858,1.5306122448979593,False
27,Khabarovsk Krai,56,Food and beverage service activities,7,13,25.099999999999998,27.294117647058822,1.0874150456995548,False
27,Khabarovsk Krai,58,Publishing activities,4,6,1.7142857142857144,1.5384615384615383,0.8974358974358972,False
27,Khabarovsk Krai,59,"Motion picture, video and television production",7,10,2.7142857142857144,4.153846153846153,1.5303643724696354,False
27,Khabarovsk Krai,60,Programming and broadcasting activities,0,0,1.0,1.0,,True
27,Khabarovsk Krai,61,Telecommunications,3,4,1.4285714285714286,1.6923076923076923,1.1846153846153846,False
27,Khabarovsk Krai,62,"Computer programming, consultancy and related activities",7,13,15.714285714285714,20.923076923076923,1.3314685314685315,False
27,Khabarovsk Krai,63,Information service activities,7,13,9.428571428571429,13.76923076923077,1.4603729603729605,False
27,Khabarovsk Krai,64,"Financial service activities, except insurance and pension funding",5,5,2.0,1.4615384615384617,0.7307692307692308,False
27,Khabarovsk Krai,65,"Insurance, reinsurance and pension funding",0,0,1.0,1.0,,True
27,Khabarovsk Krai,66,Auxiliary financial services,7,7,3.142857142857143,3.076923076923077,0.9790209790209791,False
27,Khabarovsk Krai,68,Real estate activities,7,13,29.375,39.05882352941177,1.3296620775969963,False
27,Khabarovsk Krai,69,Legal and accounting activities,7,13,15.714285714285714,20.46153846153846,1.302097902097902,False
27,Khabarovsk Krai,70,Management consultancy activities,7,13,10.714285714285714,10.692307692307692,0.997948717948718,False
27,Khabarovsk Krai,71,Architectural and engineering activities,7,13,11.714285714285714,15.538461538461538,1.326454033771107,False
27,Khabarovsk Krai,72,Scientific research and development,4,8,1.7142857142857144,2.5384615384615383,1.4807692307692306,False
27,Khabarovsk Krai,73,Advertising and market research,7,13,30.0,29.23076923076923,0.9743589743589743,False
27,Khabarovsk Krai,74,"Other professional, scientific and technical activities",7,13,8.285714285714285,13.846153846153847,1.671087533156499,False
27,Khabarovsk Krai,75,Veterinary activities,5,6,1.8571428571428572,1.6923076923076923,0.9112426035502958,False
27,Khabarovsk Krai,77,Rental and leasing activities,7,13,10.625,12.923076923076923,1.2162895927601811,False
27,Khabarovsk Krai,78,Employment activities,7,11,5.857142857142857,4.461538461538462,0.7617260787992496,False
27,Khabarovsk Krai,79,Travel agency and reservation services,7,13,5.428571428571429,7.153846153846154,1.3178137651821862,False
27,Khabarovsk Krai,80,Security and investigation activities,7,11,3.0000000000000004,3.5,1.1666666666666665,False
27,Khabarovsk Krai,81,Services to buildings and landscape activities,7,13,9.0,11.461538461538462,1.2735042735042734,False
27,Khabarovsk Krai,82,Office administrative and business support activities,7,13,11.0,17.615384615384617,1.6013986013986015,False
27,Khabarovsk Krai,84,Public administration and defence; compulsory social security,1,4,1.1428571428571428,1.3846153846153846,,True
27,Khabarovsk Krai,85,Education,7,13,12.428571428571429,15.846153846153847,1.2749778956675508,False
27,Khabarovsk Krai,86,Human health activities,7,13,5.857142857142857,7.076923076923077,1.2082551594746718,False
27,Khabarovsk Krai,87,Residential care activities,1,5,1.1428571428571428,1.6923076923076923,,True
27,Khabarovsk Krai,88,Social work activities without accommodation,6,12,2.7142857142857144,2.8461538461538463,1.048582995951417,False
27,Khabarovsk Krai,90,"Creative, arts and entertainment activities",7,13,3.5714285714285716,5.076923076923077,1.4215384615384614,False
27,Khabarovsk Krai,91,"Libraries, archives, museums and other cultural activities",2,3,1.2857142857142856,1.2307692307692308,,True
27,Khabarovsk Krai,92,Gambling and betting activities,0,0,1.0,1.0,,True
27,Khabarovsk Krai,93,Sports activities and amusement and recreation,7,13,10.857142857142858,12.923076923076923,1.1902834008097165,False
27,Khabarovsk Krai,94,Activities of membership organisations,1,3,1.1428571428571428,1.3076923076923077,,True
27,Khabarovsk Krai,95,"Repair of computers, personal and household goods",7,13,9.0,8.76923076923077,0.9743589743589745,False
27,Khabarovsk Krai,96,Other personal service activities,7,13,39.142857142857146,42.84615384615385,1.0946097697922514,False
27,Khabarovsk Krai,97,Activities of households as employers,0,0,1.0,1.0,,True
28,Amur Oblast,01,Crop and animal production,7,12,10.375000000000002,9.76923076923077,0.9416126042632066,False
28,Amur Oblast,02,Forestry and logging,6,9,2.625,2.3846153846153846,0.9084249084249084,False
28,Amur Oblast,03,Fishing and aquaculture,3,2,1.4285714285714286,1.2307692307692308,,True
28,Amur Oblast,05,Mining of coal and lignite,1,3,1.1428571428571428,1.3076923076923077,,True
28,Amur Oblast,06,Extraction of crude petroleum and natural gas,0,0,1.0,1.0,,True
28,Amur Oblast,07,OKVED 07,7,13,5.857142857142857,5.923076923076923,1.0112570356472796,False
28,Amur Oblast,08,Other mining and quarrying,5,8,3.2857142857142856,2.0769230769230766,0.6321070234113711,False
28,Amur Oblast,09,Mining support services,2,6,1.2857142857142856,1.6153846153846154,,True
28,Amur Oblast,10,Manufacture of food products,7,13,5.714285714285714,4.428571428571429,0.775,False
28,Amur Oblast,11,Manufacture of beverages,1,5,1.1428571428571428,1.3846153846153846,,True
28,Amur Oblast,13,Manufacture of textiles,1,1,1.2857142857142856,1.0769230769230769,,True
28,Amur Oblast,14,Manufacture of wearing apparel,7,12,3.4285714285714284,2.6428571428571432,0.7708333333333335,False
28,Amur Oblast,15,Manufacture of leather and related products,1,0,1.1428571428571428,1.0,,True
28,Amur Oblast,16,Wood processing,6,9,2.2857142857142856,2.0,0.875,False
28,Amur Oblast,17,Manufacture of paper and paper products,2,2,1.2857142857142856,1.1538461538461537,,True
28,Amur Oblast,18,Printing and reproduction of recorded media,4,3,1.8571428571428572,1.5384615384615383,0.8284023668639052,False
28,Amur Oblast,19,Manufacture of coke and refined petroleum products,0,0,1.0,1.0,,True
28,Amur Oblast,20,Manufacture of chemicals and chemical products,2,5,1.2857142857142856,1.3846153846153846,,True
28,Amur Oblast,21,Manufacture of pharmaceutical products,0,1,1.0,1.0769230769230769,,True
28,Amur Oblast,22,Manufacture of rubber and plastic products,4,9,2.142857142857143,1.8461538461538463,0.8615384615384616,False
28,Amur Oblast,23,Other non-metallic mineral products,7,10,3.142857142857143,3.076923076923077,0.9790209790209791,False
28,Amur Oblast,24,Manufacture of basic metals,1,0,1.1428571428571428,1.0,,True
28,Amur Oblast,25,Manufacture of fabricated metal products,6,12,3.142857142857143,3.8461538461538463,1.2237762237762237,False
28,Amur Oblast,26,"Manufacture of computer, electronic and optical products",0,1,1.0,1.0769230769230769,,True
28,Amur Oblast,27,Manufacture of electrical equipment,1,1,1.1428571428571428,1.0769230769230769,,True
28,Amur Oblast,28,Manufacture of machinery and equipment n.e.c.,3,2,1.5714285714285714,1.1538461538461537,,True
28,Amur Oblast,29,Manufacture of motor vehicles and trailers,2,2,1.2857142857142856,1.1538461538461537,,True
28,Amur Oblast,30,Manufacture of other transport equipment,2,1,1.2857142857142856,1.0769230769230769,,True
28,Amur Oblast,31,Manufacture of furniture,7,11,4.0,3.769230769230769,0.9423076923076923,False
28,Amur Oblast,32,Other manufacturing,3,5,1.7142857142857144,1.7692307692307692,1.032051282051282,False
28,Amur Oblast,33,Repair and installation of machinery and equipment,7,11,3.2857142857142856,2.9230769230769234,0.8896321070234114,False
28,Amur Oblast,35,"Electricity, gas, steam and air conditioning supply",4,5,1.5000000000000002,1.4615384615384617,0.9743589743589743,False
28,Amur Oblast,36,"Water collection, treatment and supply",0,3,1.0,1.3846153846153846,,True
28,Amur Oblast,37,Sewerage,0,8,1.0,1.9230769230769231,,True
28,Amur Oblast,38,"Waste collection, treatment and disposal",3,3,2.142857142857143,1.3846153846153846,0.6461538461538462,False
28,Amur Oblast,39,Remediation activities,0,0,1.0,1.0,,True
28,Amur Oblast,41,Construction of buildings,7,13,23.285714285714285,18.07142857142857,0.7760736196319018,False
28,Amur Oblast,42,Civil engineering,7,13,4.857142857142858,3.923076923076923,0.8076923076923076,False
28,Amur Oblast,43,Specialised construction activities,7,13,27.857142857142858,29.53846153846154,1.0603550295857989,False
28,Amur Oblast,45,Sale and repair of motor vehicles and motorcycles,7,13,29.285714285714285,24.92857142857143,0.851219512195122,False
28,Amur Oblast,46,Wholesale trade,7,13,19.666666666666668,17.333333333333332,0.8813559322033897,False
28,Amur Oblast,47,Retail trade,7,13,69.86666666666667,68.66666666666667,0.982824427480916,False
28,Amur Oblast,49,Land transport and pipeline transport,7,13,39.375,44.46153846153846,1.1291819291819292,False
28,Amur Oblast,50,Water transport,0,0,1.0,1.0,,True
28,Amur Oblast,51,Air transport,0,0,1.0,1.0,,True
28,Amur Oblast,52,Warehousing and transport support activities,7,13,5.428571428571429,5.2,0.9578947368421052,False
28,Amur Oblast,53,Postal and courier activities,5,12,1.7142857142857144,3.076923076923077,1.794871794871795,False
28,Amur Oblast,55,Accommodation,7,12,3.2857142857142856,3.8461538461538463,1.1705685618729098,False
28,Amur Oblast,56,Food and beverage service activities,7,13,21.0,21.692307692307693,1.032967032967033,False
28,Amur Oblast,58,Publishing activities,1,1,1.1428571428571428,1.0769230769230769,,True
28,Amur Oblast,59,"Motion picture, video and television production",4,8,1.7142857142857144,1.8461538461538463,1.0769230769230769,False
28,Amur Oblast,60,Programming and broadcasting activities,0,1,1.0,1.0769230769230769,,True
28,Amur Oblast,61,Telecommunications,0,3,1.0,1.2307692307692308,,True
28,Amur Oblast,62,"Computer programming, consultancy and related activities",7,13,7.714285714285714,8.333333333333334,1.080246913580247,False
28,Amur Oblast,63,Information service activities,7,13,4.0,5.153846153846154,1.2884615384615385,False
28,Amur Oblast,64,"Financial service activities, except insurance and pension funding",1,7,1.1428571428571428,1.6153846153846154,,True
28,Amur Oblast,65,"Insurance, reinsurance and pension funding",0,0,1.0,1.0,,True
28,Amur Oblast,66,Auxiliary financial services,4,9,2.0,2.1538461538461537,1.0769230769230769,False
28,Amur Oblast,68,Real estate activities,7,13,13.25,15.812499999999998,1.1933962264150941,False
28,Amur Oblast,69,Legal and accounting activities,7,13,8.428571428571429,10.23076923076923,1.2138200782268578,False
28,Amur Oblast,70,Management consultancy activities,7,13,4.250000000000001,5.384615384615385,1.2669683257918551,False
28,Amur Oblast,71,Architectural and engineering activities,7,13,5.428571428571429,5.615384615384615,1.034412955465587,False
28,Amur Oblast,72,Scientific research and development,2,4,1.8571428571428572,1.5384615384615383,,True
28,Amur Oblast,73,Advertising and market research,7,13,18.285714285714285,19.53846153846154,1.0685096153846156,False
28,Amur Oblast,74,"Other professional, scientific and technical activities",7,13,5.285714285714286,6.923076923076923,1.30977130977131,False
28,Amur Oblast,75,Veterinary activities,1,2,1.2857142857142856,1.1538461538461537,,True
28,Amur Oblast,77,Rental and leasing activities,6,13,5.714285714285714,5.461538461538462,0.9557692307692308,False
28,Amur Oblast,78,Employment activities,6,9,2.25,2.3076923076923075,1.0256410256410255,False
28,Amur Oblast,79,Travel agency and reservation services,5,11,2.428571428571429,3.4615384615384617,1.425339366515837,False
28,Amur Oblast,80,Security and investigation activities,2,7,1.4285714285714286,1.5714285714285714,,True
28,Amur Oblast,81,Services to buildings and landscape activities,7,11,4.571428571428571,4.461538461538462,0.9759615384615385,False
28,Amur Oblast,82,Office administrative and business support activities,7,13,14.571428571428571,16.076923076923077,1.103318250377074,False
28,Amur Oblast,84,Public administration and defence; compulsory social security,1,1,1.1428571428571428,1.1538461538461537,,True
28,Amur Oblast,85,Education,7,13,5.5,6.0,1.0909090909090908,False
28,Amur Oblast,86,Human health activities,7,11,4.142857142857142,3.230769230769231,0.7798408488063662,False
28,Amur Oblast,87,Residential care activities,0,2,1.0,1.1538461538461537,,True
28,Amur Oblast,88,Social work activities without accommodation,3,8,1.4285714285714286,1.6923076923076923,1.1846153846153846,False
28,Amur Oblast,90,"Creative, arts and entertainment activities",7,11,3.5714285714285716,2.6923076923076925,0.7538461538461538,False
28,Amur Oblast,91,"Libraries, archives, museums and other cultural activities",0,0,1.0,1.0,,True
28,Amur Oblast,92,Gambling and betting activities,0,1,1.0,1.0769230769230769,,True
28,Amur Oblast,93,Sports activities and amusement and recreation,7,13,6.428571428571429,5.923076923076923,0.9213675213675214,False
28,Amur Oblast,94,Activities of membership organisations,0,1,1.0,1.0769230769230769,,True
28,Amur Oblast,95,"Repair of computers, personal and household goods",7,13,4.571428571428571,3.8461538461538463,0.841346153846154,False
28,Amur Oblast,96,Other personal service activities,7,13,19.142857142857142,19.384615384615383,1.012629161882893,False
28,Amur Oblast,97,Activities of households as employers,1,1,1.1428571428571428,1.0769230769230769,,True
28,Amur Oblast,98,OKVED 98,0,0,1.0,1.0,,True
29,Arkhangelsk Oblast,01,Crop and animal production,6,13,3.2500000000000004,7.384615384615385,2.2721893491124256,False
29,Arkhangelsk Oblast,02,Forestry and logging,7,13,7.750000000000001,8.076923076923077,1.042183622828784,False
29,Arkhangelsk Oblast,03,Fishing and aquaculture,4,11,2.2857142857142856,2.4615384615384617,1.076923076923077,False
29,Arkhangelsk Oblast,05,Mining of coal and lignite,1,0,1.1428571428571428,1.0,,True
29,Arkhangelsk Oblast,06,Extraction of crude petroleum and natural gas,0,0,1.0,1.0,,True
29,Arkhangelsk Oblast,07,OKVED 07,0,0,1.0,1.0,,True
29,Arkhangelsk Oblast,08,Other mining and quarrying,4,4,1.5714285714285714,1.3076923076923077,0.8321678321678322,False
29,Arkhangelsk Oblast,09,Mining support services,0,0,1.0,1.0,,True
29,Arkhangelsk Oblast,10,Manufacture of food products,7,13,5.125,4.937499999999999,0.9634146341463413,False
29,Arkhangelsk Oblast,11,Manufacture of beverages,0,4,1.0,1.3076923076923077,,True
29,Arkhangelsk Oblast,12,Manufacture of tobacco products,0,1,1.0,1.0769230769230769,,True
29,Arkhangelsk Oblast,13,Manufacture of textiles,1,4,1.2857142857142856,1.5384615384615383,,True
29,Arkhangelsk Oblast,14,Manufacture of wearing apparel,7,11,3.7142857142857144,3.3076923076923075,0.8905325443786981,False
29,Arkhangelsk Oblast,15,Manufacture of leather and related products,1,4,1.1428571428571428,1.3076923076923077,,True
29,Arkhangelsk Oblast,16,Wood processing,7,13,6.125,6.6923076923076925,1.0926216640502355,False
29,Arkhangelsk Oblast,17,Manufacture of paper and paper products,0,0,1.0,1.0,,True
29,Arkhangelsk Oblast,18,Printing and reproduction of recorded media,4,7,2.0,2.0769230769230766,1.0384615384615383,False
29,Arkhangelsk Oblast,19,Manufacture of coke and refined petroleum products,0,0,1.0,1.0,,True
29,Arkhangelsk Oblast,20,Manufacture of chemicals and chemical products,3,8,1.5714285714285714,1.7692307692307692,1.1258741258741258,False
29,Arkhangelsk Oblast,21,Manufacture of pharmaceutical products,0,0,1.0,1.0,,True
29,Arkhangelsk Oblast,22,Manufacture of rubber and plastic products,3,7,2.0,1.7692307692307692,0.8846153846153846,False
29,Arkhangelsk Oblast,23,Other non-metallic mineral products,4,11,1.875,2.6153846153846154,1.3948717948717948,False
29,Arkhangelsk Oblast,24,Manufacture of basic metals,0,1,1.0,1.0769230769230769,,True
29,Arkhangelsk Oblast,25,Manufacture of fabricated metal products,7,13,4.428571428571429,4.461538461538462,1.0074441687344913,False
29,Arkhangelsk Oblast,26,"Manufacture of computer, electronic and optical products",2,4,1.2857142857142856,1.3076923076923077,,True
29,Arkhangelsk Oblast,27,Manufacture of electrical equipment,2,1,1.2857142857142856,1.0769230769230769,,True
29,Arkhangelsk Oblast,28,Manufacture of machinery and equipment n.e.c.,1,2,1.2857142857142856,1.1538461538461537,,True
29,Arkhangelsk Oblast,29,Manufacture of motor vehicles and trailers,1,0,1.1428571428571428,1.0,,True
29,Arkhangelsk Oblast,30,Manufacture of other transport equipment,5,6,1.75,2.0,1.1428571428571428,False
29,Arkhangelsk Oblast,31,Manufacture of furniture,7,13,4.142857142857142,5.3076923076923075,1.2811671087533159,False
29,Arkhangelsk Oblast,32,Other manufacturing,7,13,4.0,3.1538461538461537,0.7884615384615384,False
29,Arkhangelsk Oblast,33,Repair and installation of machinery and equipment,7,12,4.857142857142858,5.769230769230769,1.187782805429864,False
29,Arkhangelsk Oblast,35,"Electricity, gas, steam and air conditioning supply",3,6,1.4285714285714286,1.8461538461538463,1.2923076923076924,False
29,Arkhangelsk Oblast,36,"Water collection, treatment and supply",3,2,1.5714285714285714,1.1538461538461537,,True
29,Arkhangelsk Oblast,37,Sewerage,2,3,1.2857142857142856,1.2307692307692308,,True
29,Arkhangelsk Oblast,38,"Waste collection, treatment and disposal",3,5,1.7142857142857144,1.5384615384615383,0.8974358974358972,False
29,Arkhangelsk Oblast,39,Remediation activities,1,1,1.1428571428571428,1.0769230769230769,,True
29,Arkhangelsk Oblast,41,Construction of buildings,7,13,22.428571428571427,24.846153846153847,1.1077902988731014,False
29,Arkhangelsk Oblast,42,Civil engineering,7,13,4.142857142857142,4.6923076923076925,1.1326259946949604,False
29,Arkhangelsk Oblast,43,Specialised construction activities,7,13,37.57142857142857,40.2,1.069961977186312,False
29,Arkhangelsk Oblast,45,Sale and repair of motor vehicles and motorcycles,7,13,14.625000000000002,21.307692307692307,1.4569362261669951,False
29,Arkhangelsk Oblast,46,Wholesale trade,7,13,20.000000000000004,24.5,1.2249999999999999,False
29,Arkhangelsk Oblast,47,Retail trade,7,13,85.3,67.57142857142858,0.7921621168983422,False
29,Arkhangelsk Oblast,49,Land transport and pipeline transport,7,13,28.25,51.15384615384615,1.8107556160653506,False
29,Arkhangelsk Oblast,50,Water transport,4,6,2.142857142857143,2.1538461538461537,1.005128205128205,False
29,Arkhangelsk Oblast,51,Air transport,1,0,1.1428571428571428,1.0,,True
29,Arkhangelsk Oblast,52,Warehousing and transport support activities,7,13,5.0,10.384615384615385,2.076923076923077,False
29,Arkhangelsk Oblast,53,Postal and courier activities,5,12,2.857142857142857,4.769230769230769,1.669230769230769,False
29,Arkhangelsk Oblast,55,Accommodation,7,13,3.5714285714285716,5.230769230769231,1.4646153846153847,False
29,Arkhangelsk Oblast,56,Food and beverage service activities,7,13,18.5,19.833333333333332,1.072072072072072,False
29,Arkhangelsk Oblast,58,Publishing activities,3,5,1.4285714285714286,1.7692307692307692,1.2384615384615383,False
29,Arkhangelsk Oblast,59,"Motion picture, video and television production",6,11,3.0,2.9230769230769234,0.9743589743589745,False
29,Arkhangelsk Oblast,60,Programming and broadcasting activities,0,1,1.0,1.0769230769230769,,True
29,Arkhangelsk Oblast,61,Telecommunications,1,1,1.1428571428571428,1.0769230769230769,,True
29,Arkhangelsk Oblast,62,"Computer programming, consultancy and related activities",7,13,13.285714285714286,22.85714285714286,1.720430107526882,False
29,Arkhangelsk Oblast,63,Information service activities,7,13,7.428571428571429,11.307692307692308,1.522189349112426,False
29,Arkhangelsk Oblast,64,"Financial service activities, except insurance and pension funding",3,7,1.5714285714285714,1.6153846153846154,1.027972027972028,False
29,Arkhangelsk Oblast,65,"Insurance, reinsurance and pension funding",0,1,1.0,1.0769230769230769,,True
29,Arkhangelsk Oblast,66,Auxiliary financial services,5,12,2.857142857142857,4.076923076923077,1.4269230769230767,False
29,Arkhangelsk Oblast,68,Real estate activities,7,13,16.75,36.92307692307692,2.2043628013777266,False
29,Arkhangelsk Oblast,69,Legal and accounting activities,7,13,12.142857142857142,16.0,1.3176470588235294,False
29,Arkhangelsk Oblast,70,Management consultancy activities,7,13,6.428571428571429,9.692307692307692,1.5076923076923074,False
29,Arkhangelsk Oblast,71,Architectural and engineering activities,7,13,5.857142857142857,8.461538461538462,1.4446529080675423,False
29,Arkhangelsk Oblast,72,Scientific research and development,6,6,2.142857142857143,1.7692307692307692,0.8256410256410256,False
29,Arkhangelsk Oblast,73,Advertising and market research,7,13,17.428571428571427,32.84615384615385,1.8846153846153848,False
29,Arkhangelsk Oblast,74,"Other professional, scientific and technical activities",7,13,7.571428571428571,9.307692307692308,1.2293178519593615,False
29,Arkhangelsk Oblast,75,Veterinary activities,5,6,2.142857142857143,1.6923076923076923,0.7897435897435897,False
29,Arkhangelsk Oblast,77,Rental and leasing activities,6,13,5.428571428571429,6.538461538461538,1.2044534412955465,False
29,Arkhangelsk Oblast,78,Employment activities,6,8,2.571428571428571,2.5384615384615383,0.9871794871794872,False
29,Arkhangelsk Oblast,79,Travel agency and reservation services,7,13,3.5714285714285716,5.461538461538462,1.5292307692307692,False
29,Arkhangelsk Oblast,80,Security and investigation activities,3,8,1.7142857142857144,2.230769230769231,1.3012820512820513,False
29,Arkhangelsk Oblast,81,Services to buildings and landscape activities,7,13,6.571428571428571,8.307692307692307,1.2642140468227423,False
29,Arkhangelsk Oblast,82,Office administrative and business support activities,7,13,8.142857142857142,13.615384615384615,1.6720647773279353,False
29,Arkhangelsk Oblast,84,Public administration and defence; compulsory social security,0,1,1.0,1.0769230769230769,,True
29,Arkhangelsk Oblast,85,Education,7,13,12.857142857142858,15.153846153846153,1.1786324786324784,False
29,Arkhangelsk Oblast,86,Human health activities,7,13,3.5714285714285716,4.642857142857143,1.3,False
29,Arkhangelsk Oblast,87,Residential care activities,1,4,1.1428571428571428,1.3076923076923077,,True
29,Arkhangelsk Oblast,88,Social work activities without accommodation,5,7,1.7142857142857144,1.6923076923076923,0.9871794871794871,False
29,Arkhangelsk Oblast,90,"Creative, arts and entertainment activities",6,12,3.7142857142857144,3.8461538461538463,1.0355029585798816,False
29,Arkhangelsk Oblast,91,"Libraries, archives, museums and other cultural activities",0,1,1.0,1.0769230769230769,,True
29,Arkhangelsk Oblast,92,Gambling and betting activities,0,0,1.0,1.0,,True
29,Arkhangelsk Oblast,93,Sports activities and amusement and recreation,7,13,11.285714285714286,10.692307692307692,0.9474196689386561,False
29,Arkhangelsk Oblast,94,Activities of membership organisations,0,0,1.0,1.0,,True
29,Arkhangelsk Oblast,95,"Repair of computers, personal and household goods",7,13,8.142857142857142,7.0,0.8596491228070176,False
29,Arkhangelsk Oblast,96,Other personal service activities,7,13,26.857142857142858,33.53846153846154,1.248772504091653,False
30,Astrakhan Oblast,01,Crop and animal production,7,13,47.875,56.0,1.1697127937336815,False
30,Astrakhan Oblast,02,Forestry and logging,1,4,1.1428571428571428,1.3846153846153846,,True
30,Astrakhan Oblast,03,Fishing and aquaculture,6,11,3.142857142857143,2.625,0.8352272727272727,False
30,Astrakhan Oblast,06,Extraction of crude petroleum and natural gas,1,0,1.1428571428571428,1.0,,True
30,Astrakhan Oblast,08,Other mining and quarrying,3,3,1.4285714285714286,1.2307692307692308,0.8615384615384616,False
30,Astrakhan Oblast,09,Mining support services,2,2,1.2857142857142856,1.1538461538461537,,True
30,Astrakhan Oblast,10,Manufacture of food products,7,13,6.750000000000001,9.142857142857144,1.3544973544973544,False
30,Astrakhan Oblast,11,Manufacture of beverages,3,1,1.5714285714285714,1.0769230769230769,,True
30,Astrakhan Oblast,13,Manufacture of textiles,5,8,2.0,1.8461538461538463,0.9230769230769231,False
30,Astrakhan Oblast,14,Manufacture of wearing apparel,6,12,3.4285714285714284,3.357142857142857,0.9791666666666667,False
30,Astrakhan Oblast,15,Manufacture of leather and related products,0,3,1.0,1.2307692307692308,,True
30,Astrakhan Oblast,16,Wood processing,4,7,2.0,1.8461538461538463,0.9230769230769231,False
30,Astrakhan Oblast,17,Manufacture of paper and paper products,0,2,1.0,1.1538461538461537,,True
30,Astrakhan Oblast,18,Printing and reproduction of recorded media,3,7,1.4285714285714286,1.5714285714285714,1.0999999999999999,False
30,Astrakhan Oblast,19,Manufacture of coke and refined petroleum products,0,0,1.0,1.0,,True
30,Astrakhan Oblast,20,Manufacture of chemicals and chemical products,4,8,1.7142857142857144,2.0,1.1666666666666665,False
30,Astrakhan Oblast,21,Manufacture of pharmaceutical products,0,1,1.0,1.0769230769230769,,True
30,Astrakhan Oblast,22,Manufacture of rubber and plastic products,5,7,2.2857142857142856,2.0,0.875,False
30,Astrakhan Oblast,23,Other non-metallic mineral products,3,9,1.5714285714285714,2.3076923076923075,1.4685314685314683,False
30,Astrakhan Oblast,24,Manufacture of basic metals,0,0,1.0,1.0,,True
30,Astrakhan Oblast,25,Manufacture of fabricated metal products,7,11,3.4285714285714284,3.7857142857142856,1.1041666666666667,False
30,Astrakhan Oblast,26,"Manufacture of computer, electronic and optical products",1,2,1.1428571428571428,1.1538461538461537,,True
30,Astrakhan Oblast,27,Manufacture of electrical equipment,1,2,1.1428571428571428,1.1538461538461537,,True
30,Astrakhan Oblast,28,Manufacture of machinery and equipment n.e.c.,2,2,1.2857142857142856,1.1538461538461537,,True
30,Astrakhan Oblast,29,Manufacture of motor vehicles and trailers,0,0,1.0,1.0,,True
30,Astrakhan Oblast,30,Manufacture of other transport equipment,4,5,1.8571428571428572,1.6923076923076923,0.9112426035502958,False
30,Astrakhan Oblast,31,Manufacture of furniture,7,12,3.2857142857142856,3.3076923076923075,1.0066889632107023,False
30,Astrakhan Oblast,32,Other manufacturing,5,11,2.428571428571429,2.9230769230769234,1.2036199095022624,False
30,Astrakhan Oblast,33,Repair and installation of machinery and equipment,7,13,5.857142857142857,6.230769230769231,1.0637898686679175,False
30,Astrakhan Oblast,35,"Electricity, gas, steam and air conditioning supply",2,2,1.2857142857142856,1.1538461538461537,,True
30,Astrakhan Oblast,36,"Water collection, treatment and supply",0,2,1.0,1.1538461538461537,,True
30,Astrakhan Oblast,37,Sewerage,3,6,1.4285714285714286,1.6153846153846154,1.1307692307692307,False
30,Astrakhan Oblast,38,"Waste collection, treatment and disposal",3,8,1.5714285714285714,1.8461538461538463,1.174825174825175,False
30,Astrakhan Oblast,39,Remediation activities,0,0,1.0,1.0,,True
30,Astrakhan Oblast,41,Construction of buildings,7,13,24.857142857142858,25.307692307692307,1.018125552608311,False
30,Astrakhan Oblast,42,Civil engineering,7,13,4.0,4.846153846153847,1.2115384615384617,False
30,Astrakhan Oblast,43,Specialised construction activities,7,13,30.857142857142858,24.000000000000004,0.7777777777777779,False
30,Astrakhan Oblast,45,Sale and repair of motor vehicles and motorcycles,7,13,17.714285714285715,15.333333333333336,0.8655913978494625,False
30,Astrakhan Oblast,46,Wholesale trade,7,13,28.857142857142858,17.833333333333336,0.617986798679868,False
30,Astrakhan Oblast,47,Retail trade,7,13,189.0,89.20689655172413,0.471994161649334,False
30,Astrakhan Oblast,49,Land transport and pipeline transport,7,13,38.00000000000001,43.266666666666666,1.13859649122807,False
30,Astrakhan Oblast,50,Water transport,6,5,2.857142857142857,1.4615384615384617,0.5115384615384616,False
30,Astrakhan Oblast,52,Warehousing and transport support activities,7,13,6.428571428571429,8.0,1.2444444444444445,False
30,Astrakhan Oblast,53,Postal and courier activities,7,11,3.7142857142857144,4.615384615384615,1.242603550295858,False
30,Astrakhan Oblast,55,Accommodation,7,12,4.285714285714286,3.4615384615384617,0.8076923076923077,False
30,Astrakhan Oblast,56,Food and beverage service activities,7,13,24.428571428571427,26.214285714285715,1.0730994152046784,False
30,Astrakhan Oblast,58,Publishing activities,2,6,1.2857142857142856,1.4615384615384617,,True
30,Astrakhan Oblast,59,"Motion picture, video and television production",7,9,2.7142857142857144,2.3076923076923075,0.8502024291497975,False
30,Astrakhan Oblast,60,Programming and broadcasting activities,0,0,1.0,1.0,,True
30,Astrakhan Oblast,61,Telecommunications,1,0,1.2857142857142856,1.0,,True
30,Astrakhan Oblast,62,"Computer programming, consultancy and related activities",7,13,12.714285714285714,13.0,1.0224719101123596,False
30,Astrakhan Oblast,63,Information service activities,7,13,7.714285714285714,8.928571428571429,1.1574074074074074,False
30,Astrakhan Oblast,64,"Financial service activities, except insurance and pension funding",4,5,1.7142857142857144,1.3846153846153846,0.8076923076923076,False
30,Astrakhan Oblast,65,"Insurance, reinsurance and pension funding",0,0,1.0,1.0,,True
30,Astrakhan Oblast,66,Auxiliary financial services,5,12,2.428571428571429,3.076923076923077,1.2669683257918551,False
30,Astrakhan Oblast,68,Real estate activities,7,13,22.714285714285715,30.615384615384617,1.3478471214320271,False
30,Astrakhan Oblast,69,Legal and accounting activities,7,13,17.285714285714285,10.923076923076923,0.6319135410044502,False
30,Astrakhan Oblast,70,Management consultancy activities,7,12,4.571428571428571,5.3076923076923075,1.1610576923076923,False
30,Astrakhan Oblast,71,Architectural and engineering activities,7,13,5.714285714285714,4.2666666666666675,0.7466666666666668,False
30,Astrakhan Oblast,72,Scientific research and development,4,6,2.142857142857143,1.6923076923076923,0.7897435897435897,False
30,Astrakhan Oblast,73,Advertising and market research,7,13,17.0,20.53846153846154,1.2081447963800906,False
30,Astrakhan Oblast,74,"Other professional, scientific and technical activities",7,13,6.857142857142857,10.076923076923077,1.4695512820512822,False
30,Astrakhan Oblast,75,Veterinary activities,3,3,1.4285714285714286,1.2307692307692308,0.8615384615384616,False
30,Astrakhan Oblast,77,Rental and leasing activities,7,13,4.285714285714286,3.5384615384615383,0.8256410256410256,False
30,Astrakhan Oblast,78,Employment activities,7,12,3.857142857142857,4.769230769230769,1.2364672364672364,False
30,Astrakhan Oblast,79,Travel agency and reservation services,4,10,2.2857142857142856,2.5384615384615383,1.1105769230769231,False
30,Astrakhan Oblast,80,Security and investigation activities,5,8,1.875,1.5,0.8,False
30,Astrakhan Oblast,81,Services to buildings and landscape activities,7,13,6.142857142857143,5.857142857142858,0.9534883720930233,False
30,Astrakhan Oblast,82,Office administrative and business support activities,7,13,9.857142857142858,21.384615384615383,2.1694537346711256,False
30,Astrakhan Oblast,84,Public administration and defence; compulsory social security,0,2,1.0,1.1538461538461537,,True
30,Astrakhan Oblast,85,Education,7,13,7.142857142857143,8.23076923076923,1.152307692307692,False
30,Astrakhan Oblast,86,Human health activities,6,11,4.714285714285714,4.230769230769231,0.8974358974358975,False
30,Astrakhan Oblast,87,Residential care activities,1,4,1.1428571428571428,1.3076923076923077,,True
30,Astrakhan Oblast,88,Social work activities without accommodation,5,9,2.2857142857142856,1.8461538461538463,0.8076923076923078,False
30,Astrakhan Oblast,90,"Creative, arts and entertainment activities",6,10,3.4285714285714284,2.9230769230769234,0.8525641025641026,False
30,Astrakhan Oblast,91,"Libraries, archives, museums and other cultural activities",1,0,1.1428571428571428,1.0,,True
30,Astrakhan Oblast,92,Gambling and betting activities,0,1,1.0,1.0769230769230769,,True
30,Astrakhan Oblast,93,Sports activities and amusement and recreation,7,13,8.0,7.461538461538462,0.9326923076923077,False
30,Astrakhan Oblast,94,Activities of membership organisations,0,1,1.0,1.0769230769230769,,True
30,Astrakhan Oblast,95,"Repair of computers, personal and household goods",7,13,5.285714285714286,6.538461538461538,1.237006237006237,False
30,Astrakhan Oblast,96,Other personal service activities,7,13,21.125,24.285714285714285,1.1496196111580725,False
30,Astrakhan Oblast,98,OKVED 98,1,0,1.1428571428571428,1.0,,True
31,Belgorod Oblast,01,Crop and animal production,7,13,22.714285714285715,29.846153846153847,1.3139816158684083,False
31,Belgorod Oblast,02,Forestry and logging,1,5,1.1428571428571428,1.6923076923076923,,True
31,Belgorod Oblast,03,Fishing and aquaculture,7,10,3.0,2.3076923076923075,0.7692307692307692,False
31,Belgorod Oblast,05,Mining of coal and lignite,1,0,1.1428571428571428,1.0,,True
31,Belgorod Oblast,07,OKVED 07,0,2,1.0,1.1538461538461537,,True
31,Belgorod Oblast,08,Other mining and quarrying,0,2,1.0,1.1538461538461537,,True
31,Belgorod Oblast,09,Mining support services,1,1,1.1428571428571428,1.0769230769230769,,True
31,Belgorod Oblast,10,Manufacture of food products,7,13,10.333333333333336,12.400000000000002,1.2,False
31,Belgorod Oblast,11,Manufacture of beverages,2,5,1.2857142857142856,1.4615384615384617,,True
31,Belgorod Oblast,12,Manufacture of tobacco products,0,0,1.0,1.0,,True
31,Belgorod Oblast,13,Manufacture of textiles,6,10,2.428571428571429,2.6153846153846154,1.0769230769230769,False
31,Belgorod Oblast,14,Manufacture of wearing apparel,6,12,6.0,4.538461538461538,0.7564102564102564,False
31,Belgorod Oblast,15,Manufacture of leather and related products,4,9,1.8571428571428572,1.9230769230769231,1.0355029585798816,False
31,Belgorod Oblast,16,Wood processing,7,11,4.857142857142858,3.769230769230769,0.7760180995475112,False
31,Belgorod Oblast,17,Manufacture of paper and paper products,3,5,1.7142857142857144,1.4615384615384617,0.8525641025641025,False
31,Belgorod Oblast,18,Printing and reproduction of recorded media,6,9,2.571428571428571,2.230769230769231,0.8675213675213677,False
31,Belgorod Oblast,19,Manufacture of coke and refined petroleum products,0,1,1.0,1.0769230769230769,,True
31,Belgorod Oblast,20,Manufacture of chemicals and chemical products,6,12,2.571428571428571,3.3846153846153846,1.3162393162393164,False
31,Belgorod Oblast,21,Manufacture of pharmaceutical products,1,1,1.1428571428571428,0.9285714285714286,,True
31,Belgorod Oblast,22,Manufacture of rubber and plastic products,6,11,3.2857142857142856,2.9230769230769234,0.8896321070234114,False
31,Belgorod Oblast,23,Other non-metallic mineral products,7,11,4.571428571428571,4.3076923076923075,0.9423076923076923,False
31,Belgorod Oblast,24,Manufacture of basic metals,1,3,1.1428571428571428,1.2307692307692308,,True
31,Belgorod Oblast,25,Manufacture of fabricated metal products,7,13,11.125,8.857142857142858,0.796147672552167,False
31,Belgorod Oblast,26,"Manufacture of computer, electronic and optical products",3,5,2.0,1.4615384615384617,0.7307692307692308,False
31,Belgorod Oblast,27,Manufacture of electrical equipment,4,5,1.5714285714285714,1.3846153846153846,0.8811188811188811,False
31,Belgorod Oblast,28,Manufacture of machinery and equipment n.e.c.,5,11,3.142857142857143,2.0714285714285716,0.6590909090909092,False
31,Belgorod Oblast,29,Manufacture of motor vehicles and trailers,3,4,1.4285714285714286,1.5384615384615383,1.0769230769230769,False
31,Belgorod Oblast,30,Manufacture of other transport equipment,2,3,1.5714285714285714,1.2307692307692308,,True
31,Belgorod Oblast,31,Manufacture of furniture,7,13,4.125,6.6923076923076925,1.6223776223776225,False
31,Belgorod Oblast,32,Other manufacturing,6,13,6.0,5.0,0.8333333333333334,False
31,Belgorod Oblast,33,Repair and installation of machinery and equipment,7,13,9.0,7.230769230769231,0.8034188034188035,False
31,Belgorod Oblast,35,"Electricity, gas, steam and air conditioning supply",1,3,1.1428571428571428,1.3076923076923077,,True
31,Belgorod Oblast,36,"Water collection, treatment and supply",1,3,1.1428571428571428,1.3076923076923077,,True
31,Belgorod Oblast,37,Sewerage,4,6,1.7142857142857144,2.1538461538461537,1.2564102564102562,False
31,Belgorod Oblast,38,"Waste collection, treatment and disposal",6,8,2.142857142857143,2.230769230769231,1.041025641025641,False
31,Belgorod Oblast,39,Remediation activities,0,1,1.0,1.0769230769230769,,True
31,Belgorod Oblast,41,Construction of buildings,7,13,47.285714285714285,51.5,1.0891238670694865,False
31,Belgorod Oblast,42,Civil engineering,7,13,5.428571428571429,5.2857142857142865,0.9736842105263159,False
31,Belgorod Oblast,43,Specialised construction activities,7,13,76.71428571428571,57.53333333333334,0.7499689633767848,False
31,Belgorod Oblast,45,Sale and repair of motor vehicles and motorcycles,7,13,32.285714285714285,36.866666666666674,1.14188790560472,False
31,Belgorod Oblast,46,Wholesale trade,7,13,43.7,29.300000000000004,0.6704805491990847,False
31,Belgorod Oblast,47,Retail trade,7,13,123.3076923076923,126.83333333333334,1.028592222915367,False
31,Belgorod Oblast,49,Land transport and pipeline transport,7,13,126.0,134.0,1.0634920634920635,False
31,Belgorod Oblast,50,Water transport,1,2,1.1428571428571428,1.1538461538461537,,True
31,Belgorod Oblast,51,Air transport,0,0,1.0,1.0,,True
31,Belgorod Oblast,52,Warehousing and transport support activities,7,13,9.857142857142858,12.076923076923077,1.225195094760312,False
31,Belgorod Oblast,53,Postal and courier activities,6,13,3.5714285714285716,5.846153846153846,1.6369230769230767,False
31,Belgorod Oblast,55,Accommodation,7,12,3.857142857142857,3.769230769230769,0.9772079772079771,False
31,Belgorod Oblast,56,Food and beverage service activities,7,13,29.888888888888893,33.77777777777778,1.1301115241635686,False
31,Belgorod Oblast,58,Publishing activities,3,4,1.8571428571428572,1.3846153846153846,0.7455621301775147,False
31,Belgorod Oblast,59,"Motion picture, video and television production",6,13,3.7142857142857144,4.615384615384615,1.242603550295858,False
31,Belgorod Oblast,60,Programming and broadcasting activities,0,1,1.0,1.0769230769230769,,True
31,Belgorod Oblast,61,Telecommunications,3,5,2.0,1.3571428571428574,0.6785714285714287,False
31,Belgorod Oblast,62,"Computer programming, consultancy and related activities",7,13,21.571428571428573,22.200000000000003,1.0291390728476821,False
31,Belgorod Oblast,63,Information service activities,7,13,7.857142857142857,13.384615384615385,1.7034965034965037,False
31,Belgorod Oblast,64,"Financial service activities, except insurance and pension funding",2,3,1.2857142857142856,1.2307692307692308,,True
31,Belgorod Oblast,65,"Insurance, reinsurance and pension funding",0,1,1.0,1.0769230769230769,,True
31,Belgorod Oblast,66,Auxiliary financial services,5,10,2.2857142857142856,3.0000000000000004,1.3125000000000002,False
31,Belgorod Oblast,68,Real estate activities,7,13,19.7,29.46666666666667,1.4957698815566838,False
31,Belgorod Oblast,69,Legal and accounting activities,7,13,10.125,13.384615384615385,1.321937321937322,False
31,Belgorod Oblast,70,Management consultancy activities,7,13,7.571428571428571,10.153846153846153,1.3410740203193032,False
31,Belgorod Oblast,71,Architectural and engineering activities,7,13,10.0,11.076923076923077,1.1076923076923078,False
31,Belgorod Oblast,72,Scientific research and development,6,9,4.0,2.230769230769231,0.5576923076923077,False
31,Belgorod Oblast,73,Advertising and market research,7,13,25.571428571428573,30.53846153846154,1.194241512677267,False
31,Belgorod Oblast,74,"Other professional, scientific and technical activities",7,13,11.0,14.923076923076923,1.3566433566433567,False
31,Belgorod Oblast,75,Veterinary activities,2,7,1.4285714285714286,1.6153846153846154,,True
31,Belgorod Oblast,77,Rental and leasing activities,7,13,8.0,5.7857142857142865,0.7232142857142858,False
31,Belgorod Oblast,78,Employment activities,6,13,3.5714285714285716,4.615384615384615,1.2923076923076922,False
31,Belgorod Oblast,79,Travel agency and reservation services,7,13,3.4285714285714284,4.384615384615385,1.278846153846154,False
31,Belgorod Oblast,80,Security and investigation activities,6,10,3.0,2.428571428571429,0.8095238095238096,False
31,Belgorod Oblast,81,Services to buildings and landscape activities,7,13,10.0,10.0,1.0,False
31,Belgorod Oblast,82,Office administrative and business support activities,7,13,12.428571428571429,14.866666666666667,1.1961685823754789,False
31,Belgorod Oblast,84,Public administration and defence; compulsory social security,2,1,1.2857142857142856,1.0769230769230769,,True
31,Belgorod Oblast,85,Education,7,13,17.142857142857142,16.384615384615387,0.9557692307692309,False
31,Belgorod Oblast,86,Human health activities,7,12,5.142857142857143,6.153846153846154,1.1965811965811965,False
31,Belgorod Oblast,87,Residential care activities,2,1,1.2857142857142856,1.0769230769230769,,True
31,Belgorod Oblast,88,Social work activities without accommodation,6,8,2.142857142857143,2.3076923076923075,1.0769230769230769,False
31,Belgorod Oblast,90,"Creative, arts and entertainment activities",7,13,5.428571428571429,4.769230769230769,0.8785425101214575,False
31,Belgorod Oblast,91,"Libraries, archives, museums and other cultural activities",0,1,1.0,1.0769230769230769,,True
31,Belgorod Oblast,92,Gambling and betting activities,2,2,1.2857142857142856,1.1538461538461537,,True
31,Belgorod Oblast,93,Sports activities and amusement and recreation,7,13,10.25,13.857142857142858,1.3519163763066202,False
31,Belgorod Oblast,94,Activities of membership organisations,2,3,1.2857142857142856,1.2307692307692308,,True
31,Belgorod Oblast,95,"Repair of computers, personal and household goods",7,13,8.428571428571429,10.615384615384615,1.2594524119947847,False
31,Belgorod Oblast,96,Other personal service activities,7,13,39.42857142857143,45.92307692307692,1.164715719063545,False
31,Belgorod Oblast,98,OKVED 98,0,0,1.0,1.0,,True
32,Bryansk Oblast,01,Crop and animal production,7,13,9.125,8.928571428571429,0.9784735812133073,False
32,Bryansk Oblast,02,Forestry and logging,7,13,4.428571428571429,4.076923076923077,0.9205955334987592,False
32,Bryansk Oblast,03,Fishing and aquaculture,3,3,2.0,1.2307692307692308,0.6153846153846154,False
32,Bryansk Oblast,05,Mining of coal and lignite,1,0,1.1428571428571428,1.0,,True
32,Bryansk Oblast,08,Other mining and quarrying,1,6,1.1428571428571428,1.7692307692307692,,True
32,Bryansk Oblast,09,Mining support services,1,2,1.1428571428571428,1.1538461538461537,,True
32,Bryansk Oblast,10,Manufacture of food products,7,12,3.857142857142857,4.6923076923076925,1.2165242165242165,False
32,Bryansk Oblast,11,Manufacture of beverages,0,3,1.0,1.3846153846153846,,True
32,Bryansk Oblast,12,Manufacture of tobacco products,0,0,1.0,1.0,,True
32,Bryansk Oblast,13,Manufacture of textiles,5,2,2.0,1.1538461538461537,,True
32,Bryansk Oblast,14,Manufacture of wearing apparel,7,12,3.1250000000000004,3.6153846153846154,1.1569230769230767,False
32,Bryansk Oblast,15,Manufacture of leather and related products,1,3,1.1428571428571428,1.0714285714285714,,True
32,Bryansk Oblast,16,Wood processing,7,13,3.857142857142857,5.076923076923077,1.3162393162393162,False
32,Bryansk Oblast,17,Manufacture of paper and paper products,0,3,1.0,1.2307692307692308,,True
32,Bryansk Oblast,18,Printing and reproduction of recorded media,2,5,1.2857142857142856,1.9230769230769231,,True
32,Bryansk Oblast,19,Manufacture of coke and refined petroleum products,0,0,1.0,1.0,,True
32,Bryansk Oblast,20,Manufacture of chemicals and chemical products,4,6,1.7142857142857144,1.8461538461538463,1.0769230769230769,False
32,Bryansk Oblast,21,Manufacture of pharmaceutical products,0,1,1.0,1.0769230769230769,,True
32,Bryansk Oblast,22,Manufacture of rubber and plastic products,2,9,1.2857142857142856,1.8461538461538463,,True
32,Bryansk Oblast,23,Other non-metallic mineral products,6,9,2.25,2.3846153846153846,1.0598290598290598,False
32,Bryansk Oblast,24,Manufacture of basic metals,1,1,1.1428571428571428,1.0769230769230769,,True
32,Bryansk Oblast,25,Manufacture of fabricated metal products,6,13,4.714285714285714,5.461538461538462,1.1585081585081585,False
32,Bryansk Oblast,26,"Manufacture of computer, electronic and optical products",3,1,1.4285714285714286,1.0769230769230769,,True
32,Bryansk Oblast,27,Manufacture of electrical equipment,2,4,1.2857142857142856,1.142857142857143,,True
32,Bryansk Oblast,28,Manufacture of machinery and equipment n.e.c.,2,4,1.2857142857142856,1.3846153846153846,,True
32,Bryansk Oblast,29,Manufacture of motor vehicles and trailers,0,1,1.0,1.0769230769230769,,True
32,Bryansk Oblast,30,Manufacture of other transport equipment,3,4,1.7142857142857144,1.3846153846153846,0.8076923076923076,False
32,Bryansk Oblast,31,Manufacture of furniture,6,13,2.7142857142857144,3.2142857142857144,1.1842105263157894,False
32,Bryansk Oblast,32,Other manufacturing,5,12,2.857142857142857,2.769230769230769,0.9692307692307692,False
32,Bryansk Oblast,33,Repair and installation of machinery and equipment,6,13,4.571428571428571,5.538461538461538,1.2115384615384617,False
32,Bryansk Oblast,35,"Electricity, gas, steam and air conditioning supply",1,1,1.1428571428571428,1.0769230769230769,,True
32,Bryansk Oblast,36,"Water collection, treatment and supply",0,0,1.0,1.0,,True
32,Bryansk Oblast,37,Sewerage,0,2,1.0,1.1538461538461537,,True
32,Bryansk Oblast,38,"Waste collection, treatment and disposal",1,7,1.2857142857142856,1.8461538461538463,,True
32,Bryansk Oblast,39,Remediation activities,0,1,1.0,1.0769230769230769,,True
32,Bryansk Oblast,41,Construction of buildings,7,13,21.857142857142858,17.437499999999996,0.7977941176470587,False
32,Bryansk Oblast,42,Civil engineering,7,13,3.4285714285714284,5.3076923076923075,1.5480769230769231,False
32,Bryansk Oblast,43,Specialised construction activities,7,13,37.42857142857143,36.57142857142858,0.9770992366412214,False
32,Bryansk Oblast,45,Sale and repair of motor vehicles and motorcycles,7,13,17.428571428571427,15.333333333333334,0.8797814207650274,False
32,Bryansk Oblast,46,Wholesale trade,7,13,21.666666666666668,18.705882352941174,0.8633484162895926,False
32,Bryansk Oblast,47,Retail trade,7,13,146.55555555555557,143.6315789473684,0.9800486812178283,False
32,Bryansk Oblast,49,Land transport and pipeline transport,7,13,82.71428571428571,81.86666666666667,0.9897524467472656,False
32,Bryansk Oblast,50,Water transport,0,0,1.0,1.0,,True
32,Bryansk Oblast,52,Warehousing and transport support activities,7,13,5.714285714285714,5.769230769230769,1.0096153846153846,False
32,Bryansk Oblast,53,Postal and courier activities,7,12,3.2857142857142856,3.3076923076923075,1.0066889632107023,False
32,Bryansk Oblast,55,Accommodation,6,8,2.142857142857143,1.8571428571428572,0.8666666666666667,False
32,Bryansk Oblast,56,Food and beverage service activities,7,13,18.428571428571427,13.350000000000001,0.7244186046511629,False
32,Bryansk Oblast,58,Publishing activities,3,5,1.4285714285714286,1.3846153846153846,0.9692307692307692,False
32,Bryansk Oblast,59,"Motion picture, video and television production",6,10,2.428571428571429,2.6153846153846154,1.0769230769230769,False
32,Bryansk Oblast,60,Programming and broadcasting activities,0,1,1.0,1.0769230769230769,,True
32,Bryansk Oblast,61,Telecommunications,2,2,1.2857142857142856,1.2307692307692308,,True
32,Bryansk Oblast,62,"Computer programming, consultancy and related activities",7,13,16.0,16.307692307692307,1.0192307692307692,False
32,Bryansk Oblast,63,Information service activities,7,13,7.285714285714286,12.923076923076923,1.7737556561085974,False
32,Bryansk Oblast,64,"Financial service activities, except insurance and pension funding",4,3,1.5714285714285714,1.3076923076923077,0.8321678321678322,False
32,Bryansk Oblast,65,"Insurance, reinsurance and pension funding",0,0,1.0,1.0,,True
32,Bryansk Oblast,66,Auxiliary financial services,6,9,2.2857142857142856,2.428571428571429,1.0625000000000002,False
32,Bryansk Oblast,68,Real estate activities,7,13,21.571428571428573,18.333333333333336,0.8498896247240618,False
32,Bryansk Oblast,69,Legal and accounting activities,7,13,7.714285714285714,10.0,1.2962962962962963,False
32,Bryansk Oblast,70,Management consultancy activities,7,12,3.7142857142857144,6.785714285714286,1.8269230769230769,False
32,Bryansk Oblast,71,Architectural and engineering activities,7,12,5.142857142857143,4.928571428571429,0.9583333333333333,False
32,Bryansk Oblast,72,Scientific research and development,1,6,1.1428571428571428,1.4615384615384617,,True
32,Bryansk Oblast,73,Advertising and market research,7,13,12.571428571428571,20.46153846153846,1.6276223776223775,False
32,Bryansk Oblast,74,"Other professional, scientific and technical activities",6,13,6.714285714285714,7.7142857142857135,1.1489361702127658,False
32,Bryansk Oblast,75,Veterinary activities,4,9,1.5714285714285714,2.0769230769230766,1.3216783216783214,False
32,Bryansk Oblast,77,Rental and leasing activities,7,11,5.714285714285714,3.923076923076923,0.6865384615384615,False
32,Bryansk Oblast,78,Employment activities,7,11,2.3750000000000004,3.230769230769231,1.3603238866396758,False
32,Bryansk Oblast,79,Travel agency and reservation services,5,11,2.7142857142857144,2.6153846153846154,0.9635627530364372,False
32,Bryansk Oblast,80,Security and investigation activities,2,4,1.2857142857142856,1.4615384615384617,,True
32,Bryansk Oblast,81,Services to buildings and landscape activities,7,13,5.285714285714286,6.200000000000001,1.1729729729729732,False
32,Bryansk Oblast,82,Office administrative and business support activities,7,13,7.625000000000001,12.307692307692308,1.614123581336696,False
32,Bryansk Oblast,84,Public administration and defence; compulsory social security,0,1,1.0,1.0769230769230769,,True
32,Bryansk Oblast,85,Education,7,13,9.142857142857142,9.923076923076923,1.0853365384615385,False
32,Bryansk Oblast,86,Human health activities,6,12,4.285714285714286,4.384615384615385,1.0230769230769232,False
32,Bryansk Oblast,87,Residential care activities,0,1,1.0,1.0769230769230769,,True
32,Bryansk Oblast,88,Social work activities without accommodation,3,7,1.7142857142857144,1.6923076923076923,0.9871794871794871,False
32,Bryansk Oblast,90,"Creative, arts and entertainment activities",7,11,4.285714285714286,3.3076923076923075,0.7717948717948717,False
32,Bryansk Oblast,91,"Libraries, archives, museums and other cultural activities",0,0,1.0,1.0,,True
32,Bryansk Oblast,92,Gambling and betting activities,0,1,1.0,1.0769230769230769,,True
32,Bryansk Oblast,93,Sports activities and amusement and recreation,7,13,6.857142857142857,7.923076923076923,1.155448717948718,False
32,Bryansk Oblast,94,Activities of membership organisations,1,1,1.1428571428571428,1.0769230769230769,,True
32,Bryansk Oblast,95,"Repair of computers, personal and household goods",7,13,6.142857142857143,5.6923076923076925,0.9266547406082289,False
32,Bryansk Oblast,96,Other personal service activities,7,13,18.142857142857142,22.46153846153846,1.2380375529981829,False
32,Bryansk Oblast,97,Activities of households as employers,0,0,1.0,1.0,,True
33,Vladimir Oblast,01,Crop and animal production,7,13,11.285714285714286,12.153846153846153,1.0769230769230769,False
33,Vladimir Oblast,02,Forestry and logging,7,11,3.5714285714285716,3.6923076923076925,1.0338461538461539,False
33,Vladimir Oblast,03,Fishing and aquaculture,2,7,1.4285714285714286,1.6923076923076923,,True
33,Vladimir Oblast,05,Mining of coal and lignite,0,1,1.0,1.0769230769230769,,True
33,Vladimir Oblast,06,Extraction of crude petroleum and natural gas,0,0,1.0,1.0,,True
33,Vladimir Oblast,07,OKVED 07,0,1,1.0,1.0769230769230769,,True
33,Vladimir Oblast,08,Other mining and quarrying,4,6,1.5714285714285714,1.4615384615384617,0.9300699300699302,False
33,Vladimir Oblast,09,Mining support services,0,0,1.0,1.0,,True
33,Vladimir Oblast,10,Manufacture of food products,7,13,6.857142857142857,8.200000000000001,1.1958333333333335,False
33,Vladimir Oblast,11,Manufacture of beverages,3,5,1.4285714285714286,1.2142857142857144,0.8500000000000001,False
33,Vladimir Oblast,13,Manufacture of textiles,6,12,2.857142857142857,3.8571428571428568,1.3499999999999999,False
33,Vladimir Oblast,14,Manufacture of wearing apparel,7,13,6.375,5.800000000000001,0.9098039215686275,False
33,Vladimir Oblast,15,Manufacture of leather and related products,4,6,1.7142857142857144,1.5,0.8749999999999999,False
33,Vladimir Oblast,16,Wood processing,7,13,7.142857142857143,7.923076923076923,1.1092307692307692,False
33,Vladimir Oblast,17,Manufacture of paper and paper products,4,0,2.142857142857143,1.0,,True
33,Vladimir Oblast,18,Printing and reproduction of recorded media,4,8,2.142857142857143,2.230769230769231,1.041025641025641,False
33,Vladimir Oblast,19,Manufacture of coke and refined petroleum products,0,0,1.0,1.0,,True
33,Vladimir Oblast,20,Manufacture of chemicals and chemical products,5,10,2.428571428571429,2.6923076923076925,1.1085972850678734,False
33,Vladimir Oblast,21,Manufacture of pharmaceutical products,0,0,1.0,1.0,,True
33,Vladimir Oblast,22,Manufacture of rubber and plastic products,5,12,2.875,3.923076923076923,1.3645484949832776,False
33,Vladimir Oblast,23,Other non-metallic mineral products,7,12,4.285714285714286,4.923076923076923,1.1487179487179489,False
33,Vladimir Oblast,24,Manufacture of basic metals,1,2,1.1428571428571428,1.1538461538461537,,True
33,Vladimir Oblast,25,Manufacture of fabricated metal products,7,13,10.571428571428571,10.642857142857144,1.0067567567567568,False
33,Vladimir Oblast,26,"Manufacture of computer, electronic and optical products",1,8,1.1428571428571428,1.6923076923076923,,True
33,Vladimir Oblast,27,Manufacture of electrical equipment,6,10,2.571428571428571,1.7857142857142858,0.6944444444444445,False
33,Vladimir Oblast,28,Manufacture of machinery and equipment n.e.c.,6,9,3.4285714285714284,2.3846153846153846,0.6955128205128206,False
33,Vladimir Oblast,29,Manufacture of motor vehicles and trailers,2,1,1.2857142857142856,1.0769230769230769,,True
33,Vladimir Oblast,30,Manufacture of other transport equipment,3,3,1.5714285714285714,1.142857142857143,0.7272727272727274,False
33,Vladimir Oblast,31,Manufacture of furniture,7,13,6.666666666666667,8.846153846153847,1.3269230769230769,False
33,Vladimir Oblast,32,Other manufacturing,7,13,4.285714285714286,4.923076923076923,1.1487179487179489,False
33,Vladimir Oblast,33,Repair and installation of machinery and equipment,7,13,4.857142857142858,4.615384615384615,0.9502262443438912,False
33,Vladimir Oblast,35,"Electricity, gas, steam and air conditioning supply",2,5,1.7142857142857144,1.2857142857142858,,True
33,Vladimir Oblast,36,"Water collection, treatment and supply",2,1,1.4285714285714286,0.9285714285714286,,True
33,Vladimir Oblast,37,Sewerage,4,6,1.5714285714285714,1.5384615384615383,0.979020979020979,False
33,Vladimir Oblast,38,"Waste collection, treatment and disposal",5,12,2.571428571428571,3.0,1.1666666666666667,False
33,Vladimir Oblast,39,Remediation activities,0,0,1.0,1.0,,True
33,Vladimir Oblast,41,Construction of buildings,7,13,34.42857142857143,30.692307692307693,0.89147781678902,False
33,Vladimir Oblast,42,Civil engineering,7,13,7.285714285714286,7.923076923076923,1.0874811463046758,False
33,Vladimir Oblast,43,Specialised construction activities,7,13,43.57142857142857,55.38461538461539,1.2711223203026483,False
33,Vladimir Oblast,45,Sale and repair of motor vehicles and motorcycles,7,13,21.285714285714285,23.124999999999996,1.0864093959731542,False
33,Vladimir Oblast,46,Wholesale trade,7,13,32.55555555555556,23.545454545454547,0.7232392181197642,False
33,Vladimir Oblast,47,Retail trade,7,13,190.29999999999998,164.90909090909093,0.8665743085080975,False
33,Vladimir Oblast,49,Land transport and pipeline transport,7,13,55.333333333333336,84.93749999999999,1.5350150602409636,False
33,Vladimir Oblast,50,Water transport,2,3,1.2857142857142856,1.2307692307692308,,True
33,Vladimir Oblast,51,Air transport,0,2,1.0,1.1538461538461537,,True
33,Vladimir Oblast,52,Warehousing and transport support activities,7,13,8.25,8.133333333333335,0.985858585858586,False
33,Vladimir Oblast,53,Postal and courier activities,7,13,7.142857142857143,6.384615384615385,0.8938461538461538,False
33,Vladimir Oblast,55,Accommodation,6,12,3.7142857142857144,5.846153846153846,1.57396449704142,False
33,Vladimir Oblast,56,Food and beverage service activities,7,13,25.875000000000004,28.625,1.1062801932367148,False
33,Vladimir Oblast,58,Publishing activities,2,9,1.5714285714285714,2.0769230769230766,,True
33,Vladimir Oblast,59,"Motion picture, video and television production",7,13,3.7142857142857144,4.0,1.0769230769230769,False
33,Vladimir Oblast,60,Programming and broadcasting activities,1,2,1.1428571428571428,1.2307692307692308,,True
33,Vladimir Oblast,61,Telecommunications,2,5,1.2857142857142856,1.5384615384615383,,True
33,Vladimir Oblast,62,"Computer programming, consultancy and related activities",7,13,16.857142857142858,24.153846153846153,1.4328552803129073,False
33,Vladimir Oblast,63,Information service activities,7,13,10.285714285714286,16.307692307692307,1.5854700854700852,False
33,Vladimir Oblast,64,"Financial service activities, except insurance and pension funding",3,10,1.5714285714285714,2.3076923076923075,1.4685314685314683,False
33,Vladimir Oblast,65,"Insurance, reinsurance and pension funding",0,1,1.0,1.0769230769230769,,True
33,Vladimir Oblast,66,Auxiliary financial services,7,12,4.285714285714286,4.0,0.9333333333333333,False
33,Vladimir Oblast,68,Real estate activities,7,13,31.000000000000004,43.92857142857143,1.4170506912442395,False
33,Vladimir Oblast,69,Legal and accounting activities,7,13,11.428571428571429,14.923076923076923,1.3057692307692308,False
33,Vladimir Oblast,70,Management consultancy activities,7,13,7.857142857142857,10.692307692307692,1.3608391608391608,False
33,Vladimir Oblast,71,Architectural and engineering activities,7,13,9.857142857142858,12.153846153846153,1.232998885172798,False
33,Vladimir Oblast,72,Scientific research and development,6,10,2.7142857142857144,3.3846153846153846,1.2469635627530364,False
33,Vladimir Oblast,73,Advertising and market research,7,13,18.0,30.153846153846153,1.6752136752136753,False
33,Vladimir Oblast,74,"Other professional, scientific and technical activities",7,13,7.571428571428571,15.0,1.9811320754716981,False
33,Vladimir Oblast,75,Veterinary activities,2,11,1.4285714285714286,2.0,,True
33,Vladimir Oblast,77,Rental and leasing activities,7,13,7.142857142857143,7.285714285714286,1.02,False
33,Vladimir Oblast,78,Employment activities,7,13,4.142857142857142,5.384615384615385,1.2997347480106103,False
33,Vladimir Oblast,79,Travel agency and reservation services,7,13,5.142857142857143,4.923076923076923,0.9572649572649572,False
33,Vladimir Oblast,80,Security and investigation activities,3,10,1.5714285714285714,1.8571428571428572,1.1818181818181819,False
33,Vladimir Oblast,81,Services to buildings and landscape activities,7,13,7.571428571428571,10.307692307692308,1.3613933236574747,False
33,Vladimir Oblast,82,Office administrative and business support activities,7,13,7.249999999999999,17.76923076923077,2.450928381962865,False
33,Vladimir Oblast,84,Public administration and defence; compulsory social security,0,0,1.0,1.0,,True
33,Vladimir Oblast,85,Education,7,13,13.428571428571429,14.153846153846153,1.0540098199672667,False
33,Vladimir Oblast,86,Human health activities,7,13,4.428571428571429,5.384615384615385,1.215880893300248,False
33,Vladimir Oblast,87,Residential care activities,0,2,1.0,1.1538461538461537,,True
33,Vladimir Oblast,88,Social work activities without accommodation,6,9,2.7142857142857144,2.1538461538461537,0.7935222672064777,False
33,Vladimir Oblast,90,"Creative, arts and entertainment activities",7,13,7.0,5.769230769230769,0.8241758241758241,False
33,Vladimir Oblast,91,"Libraries, archives, museums and other cultural activities",1,1,1.1428571428571428,1.0769230769230769,,True
33,Vladimir Oblast,92,Gambling and betting activities,0,0,1.0,1.0,,True
33,Vladimir Oblast,93,Sports activities and amusement and recreation,7,13,12.714285714285714,11.153846153846153,0.8772687986171133,False
33,Vladimir Oblast,94,Activities of membership organisations,2,1,1.2857142857142856,1.0769230769230769,,True
33,Vladimir Oblast,95,"Repair of computers, personal and household goods",7,13,7.857142857142857,8.615384615384615,1.0965034965034965,False
33,Vladimir Oblast,96,Other personal service activities,7,13,27.571428571428573,35.30769230769231,1.2805898764447987,False
33,Vladimir Oblast,97,Activities of households as employers,0,1,1.0,1.0769230769230769,,True
33,Vladimir Oblast,98,OKVED 98,0,0,1.0,1.0,,True
34,Volgograd Oblast,01,Crop and animal production,7,13,29.9,76.92857142857143,2.5728619206880077,False
34,Volgograd Oblast,02,Forestry and logging,2,6,1.2857142857142856,1.5384615384615383,,True
34,Volgograd Oblast,03,Fishing and aquaculture,5,12,2.857142857142857,4.076923076923077,1.4269230769230767,False
34,Volgograd Oblast,05,Mining of coal and lignite,0,0,1.0,1.0,,True
34,Volgograd Oblast,06,Extraction of crude petroleum and natural gas,0,1,1.0,1.0769230769230769,,True
34,Volgograd Oblast,08,Other mining and quarrying,1,1,1.1428571428571428,1.0769230769230769,,True
34,Volgograd Oblast,09,Mining support services,0,2,1.0,1.1538461538461537,,True
34,Volgograd Oblast,10,Manufacture of food products,7,13,9.5,14.23076923076923,1.4979757085020242,False
34,Volgograd Oblast,11,Manufacture of beverages,2,7,1.2857142857142856,1.5384615384615383,,True
34,Volgograd Oblast,12,Manufacture of tobacco products,0,0,1.0,1.0,,True
34,Volgograd Oblast,13,Manufacture of textiles,6,9,3.2857142857142856,2.6923076923076925,0.8193979933110369,False
34,Volgograd Oblast,14,Manufacture of wearing apparel,7,13,6.375,6.461538461538462,1.0135746606334841,False
34,Volgograd Oblast,15,Manufacture of leather and related products,2,5,1.4285714285714286,1.6153846153846154,,True
34,Volgograd Oblast,16,Wood processing,7,12,4.0,3.4615384615384617,0.8653846153846154,False
34,Volgograd Oblast,17,Manufacture of paper and paper products,1,1,1.1428571428571428,1.0769230769230769,,True
34,Volgograd Oblast,18,Printing and reproduction of recorded media,6,12,2.857142857142857,2.9230769230769234,1.0230769230769232,False
34,Volgograd Oblast,19,Manufacture of coke and refined petroleum products,0,2,1.0,1.1538461538461537,,True
34,Volgograd Oblast,20,Manufacture of chemicals and chemical products,7,13,3.857142857142857,3.1538461538461537,0.8176638176638176,False
34,Volgograd Oblast,21,Manufacture of pharmaceutical products,0,1,1.0,1.0769230769230769,,True
34,Volgograd Oblast,22,Manufacture of rubber and plastic products,6,13,3.2857142857142856,3.769230769230769,1.1471571906354516,False
34,Volgograd Oblast,23,Other non-metallic mineral products,7,13,4.857142857142858,4.384615384615385,0.9027149321266968,False
34,Volgograd Oblast,24,Manufacture of basic metals,3,2,1.4285714285714286,1.1538461538461537,,True
34,Volgograd Oblast,25,Manufacture of fabricated metal products,7,13,9.25,9.0,0.972972972972973,False
34,Volgograd Oblast,26,"Manufacture of computer, electronic and optical products",6,6,2.0,1.6153846153846154,0.8076923076923077,False
34,Volgograd Oblast,27,Manufacture of electrical equipment,3,3,1.5714285714285714,1.3076923076923077,0.8321678321678322,False
34,Volgograd Oblast,28,Manufacture of machinery and equipment n.e.c.,6,7,2.571428571428571,1.7692307692307692,0.688034188034188,False
34,Volgograd Oblast,29,Manufacture of motor vehicles and trailers,2,2,1.2857142857142856,1.3076923076923077,,True
34,Volgograd Oblast,30,Manufacture of other transport equipment,2,4,1.2857142857142856,1.3846153846153846,,True
34,Volgograd Oblast,31,Manufacture of furniture,7,13,7.375000000000001,6.230769230769231,0.8448500651890481,False
34,Volgograd Oblast,32,Other manufacturing,7,12,3.2857142857142856,5.615384615384615,1.7090301003344481,False
34,Volgograd Oblast,33,Repair and installation of machinery and equipment,7,13,6.88888888888889,7.6923076923076925,1.1166253101736971,False
34,Volgograd Oblast,35,"Electricity, gas, steam and air conditioning supply",3,4,1.5714285714285714,1.4285714285714286,0.9090909090909092,False
34,Volgograd Oblast,36,"Water collection, treatment and supply",0,4,1.0,1.3076923076923077,,True
34,Volgograd Oblast,37,Sewerage,3,7,1.4285714285714286,1.7692307692307692,1.2384615384615383,False
34,Volgograd Oblast,38,"Waste collection, treatment and disposal",7,11,3.4285714285714284,2.769230769230769,0.8076923076923077,False
34,Volgograd Oblast,39,Remediation activities,0,4,1.0,1.4615384615384617,,True
34,Volgograd Oblast,41,Construction of buildings,7,13,53.0,42.07142857142857,0.793800539083558,False
34,Volgograd Oblast,42,Civil engineering,7,13,10.571428571428571,10.153846153846153,0.9604989604989604,False
34,Volgograd Oblast,43,Specialised construction activities,7,13,67.62500000000001,79.0,1.1682070240295745,False
34,Volgograd Oblast,45,Sale and repair of motor vehicles and motorcycles,7,13,32.875,34.88235294117647,1.0610601655110714,False
34,Volgograd Oblast,46,Wholesale trade,7,13,34.09090909090909,34.21052631578947,1.0035087719298244,False
34,Volgograd Oblast,47,Retail trade,7,13,270.8181818181818,210.18518518518522,0.7761117949100494,False
34,Volgograd Oblast,49,Land transport and pipeline transport,7,13,125.28571428571429,132.5,1.057582668187001,False
34,Volgograd Oblast,50,Water transport,1,1,1.1428571428571428,1.1538461538461537,,True
34,Volgograd Oblast,51,Air transport,0,0,1.0,1.0,,True
34,Volgograd Oblast,52,Warehousing and transport support activities,7,13,12.75,10.285714285714286,0.8067226890756303,False
34,Volgograd Oblast,53,Postal and courier activities,7,13,6.0,10.461538461538462,1.7435897435897436,False
34,Volgograd Oblast,55,Accommodation,7,13,5.375000000000001,5.384615384615385,1.0017889087656529,False
34,Volgograd Oblast,56,Food and beverage service activities,7,13,48.57142857142857,43.43749999999999,0.8943014705882352,False
34,Volgograd Oblast,58,Publishing activities,5,10,2.0,2.0,1.0,False
34,Volgograd Oblast,59,"Motion picture, video and television production",6,13,5.285714285714286,5.538461538461538,1.0478170478170479,False
34,Volgograd Oblast,60,Programming and broadcasting activities,3,1,1.4285714285714286,1.0769230769230769,,True
34,Volgograd Oblast,61,Telecommunications,3,9,1.4285714285714286,2.0769230769230766,1.4538461538461536,False
34,Volgograd Oblast,62,"Computer programming, consultancy and related activities",7,13,29.428571428571427,36.23076923076923,1.2311426437640032,False
34,Volgograd Oblast,63,Information service activities,7,13,13.857142857142858,23.76923076923077,1.7153053132434575,False
34,Volgograd Oblast,64,"Financial service activities, except insurance and pension funding",6,7,2.428571428571429,2.1538461538461537,0.8868778280542985,False
34,Volgograd Oblast,65,"Insurance, reinsurance and pension funding",1,1,1.1428571428571428,1.0769230769230769,,True
34,Volgograd Oblast,66,Auxiliary financial services,7,13,6.0,4.142857142857143,0.6904761904761906,False
34,Volgograd Oblast,68,Real estate activities,7,13,49.57142857142857,38.529411764705884,0.7772503814205798,False
34,Volgograd Oblast,69,Legal and accounting activities,7,13,18.142857142857142,26.285714285714285,1.4488188976377954,False
34,Volgograd Oblast,70,Management consultancy activities,7,13,9.571428571428571,14.0,1.462686567164179,False
34,Volgograd Oblast,71,Architectural and engineering activities,7,13,11.857142857142858,13.846153846153847,1.1677479147358665,False
34,Volgograd Oblast,72,Scientific research and development,6,12,4.0,3.6923076923076925,0.9230769230769231,False
34,Volgograd Oblast,73,Advertising and market research,7,13,28.5,64.53846153846155,2.2645074224021595,False
34,Volgograd Oblast,74,"Other professional, scientific and technical activities",7,13,15.0,22.23076923076923,1.482051282051282,False
34,Volgograd Oblast,75,Veterinary activities,5,7,1.8571428571428572,1.8571428571428572,1.0,False
34,Volgograd Oblast,77,Rental and leasing activities,7,13,9.428571428571429,8.307692307692307,0.8811188811188809,False
34,Volgograd Oblast,78,Employment activities,7,13,7.0,7.3076923076923075,1.043956043956044,False
34,Volgograd Oblast,79,Travel agency and reservation services,7,13,4.857142857142858,5.153846153846154,1.0610859728506787,False
34,Volgograd Oblast,80,Security and investigation activities,6,12,2.0,3.3076923076923075,1.6538461538461537,False
34,Volgograd Oblast,81,Services to buildings and landscape activities,7,13,12.857142857142858,13.384615384615385,1.041025641025641,False
34,Volgograd Oblast,82,Office administrative and business support activities,7,13,14.714285714285714,44.93333333333334,3.053721682847897,False
34,Volgograd Oblast,84,Public administration and defence; compulsory social security,1,5,1.2857142857142856,1.4615384615384617,,True
34,Volgograd Oblast,85,Education,7,13,15.285714285714286,17.76923076923077,1.162473040977714,False
34,Volgograd Oblast,86,Human health activities,7,13,5.857142857142857,8.153846153846153,1.3921200750469043,False
34,Volgograd Oblast,87,Residential care activities,3,3,1.5714285714285714,1.3846153846153846,0.8811188811188811,False
34,Volgograd Oblast,88,Social work activities without accommodation,4,11,2.571428571428571,2.3846153846153846,0.9273504273504274,False
34,Volgograd Oblast,90,"Creative, arts and entertainment activities",7,13,5.375000000000001,6.384615384615385,1.1878354203935597,False
34,Volgograd Oblast,91,"Libraries, archives, museums and other cultural activities",1,2,1.1428571428571428,1.1538461538461537,,True
34,Volgograd Oblast,92,Gambling and betting activities,1,2,1.1428571428571428,1.1538461538461537,,True
34,Volgograd Oblast,93,Sports activities and amusement and recreation,7,13,17.125000000000004,18.384615384615383,1.0735541830432338,False
34,Volgograd Oblast,94,Activities of membership organisations,1,6,1.2857142857142856,1.4615384615384617,,True
34,Volgograd Oblast,95,"Repair of computers, personal and household goods",7,13,12.857142857142858,14.538461538461538,1.1307692307692307,False
34,Volgograd Oblast,96,Other personal service activities,7,13,62.57142857142857,74.00000000000001,1.1826484018264842,False
34,Volgograd Oblast,97,Activities of households as employers,1,3,1.1428571428571428,1.2307692307692308,,True
35,Vologda Oblast,01,Crop and animal production,7,13,8.875,9.571428571428573,1.0784708249496984,False
35,Vologda Oblast,02,Forestry and logging,7,13,6.7777777777777795,6.615384615384615,0.9760403530895331,False
35,Vologda Oblast,03,Fishing and aquaculture,2,7,1.2857142857142856,1.5,,True
35,Vologda Oblast,05,Mining of coal and lignite,0,0,1.0,1.0,,True
35,Vologda Oblast,08,Other mining and quarrying,2,5,1.2857142857142856,1.4615384615384617,,True
35,Vologda Oblast,09,Mining support services,0,0,1.0,1.0,,True
35,Vologda Oblast,10,Manufacture of food products,7,12,7.714285714285714,6.000000000000001,0.7777777777777779,False
35,Vologda Oblast,11,Manufacture of beverages,2,2,1.4285714285714286,1.1538461538461537,,True
35,Vologda Oblast,12,Manufacture of tobacco products,0,0,1.0,1.0,,True
35,Vologda Oblast,13,Manufacture of textiles,4,5,2.0,1.5384615384615383,0.7692307692307692,False
35,Vologda Oblast,14,Manufacture of wearing apparel,6,12,2.857142857142857,3.3846153846153846,1.1846153846153846,False
35,Vologda Oblast,15,Manufacture of leather and related products,1,1,1.1428571428571428,1.0769230769230769,,True
35,Vologda Oblast,16,Wood processing,7,13,10.428571428571429,10.461538461538462,1.0031612223393045,False
35,Vologda Oblast,17,Manufacture of paper and paper products,1,1,1.1428571428571428,1.0769230769230769,,True
35,Vologda Oblast,18,Printing and reproduction of recorded media,3,8,1.7142857142857144,2.0,1.1666666666666665,False
35,Vologda Oblast,19,Manufacture of coke and refined petroleum products,0,0,1.0,1.0,,True
35,Vologda Oblast,20,Manufacture of chemicals and chemical products,5,9,2.0,2.0769230769230766,1.0384615384615383,False
35,Vologda Oblast,21,Manufacture of pharmaceutical products,0,0,1.0,1.0,,True
35,Vologda Oblast,22,Manufacture of rubber and plastic products,4,10,2.0,2.3846153846153846,1.1923076923076923,False
35,Vologda Oblast,23,Other non-metallic mineral products,7,10,2.7142857142857144,2.8461538461538463,1.048582995951417,False
35,Vologda Oblast,24,Manufacture of basic metals,1,1,1.1428571428571428,1.0769230769230769,,True
35,Vologda Oblast,25,Manufacture of fabricated metal products,7,13,7.571428571428571,7.615384615384615,1.0058055152394776,False
35,Vologda Oblast,26,"Manufacture of computer, electronic and optical products",2,1,1.4285714285714286,1.0769230769230769,,True
35,Vologda Oblast,27,Manufacture of electrical equipment,2,4,1.4285714285714286,1.3846153846153846,,True
35,Vologda Oblast,28,Manufacture of machinery and equipment n.e.c.,4,7,2.0,1.6923076923076923,0.8461538461538461,False
35,Vologda Oblast,29,Manufacture of motor vehicles and trailers,2,2,1.2857142857142856,1.2307692307692308,,True
35,Vologda Oblast,30,Manufacture of other transport equipment,1,5,1.4285714285714286,1.3846153846153846,,True
35,Vologda Oblast,31,Manufacture of furniture,7,12,5.285714285714286,4.0,0.7567567567567568,False
35,Vologda Oblast,32,Other manufacturing,7,11,3.2857142857142856,2.8461538461538463,0.8662207357859533,False
35,Vologda Oblast,33,Repair and installation of machinery and equipment,7,12,5.285714285714286,5.0,0.9459459459459459,False
35,Vologda Oblast,35,"Electricity, gas, steam and air conditioning supply",2,6,1.4285714285714286,1.5384615384615383,,True
35,Vologda Oblast,36,"Water collection, treatment and supply",2,0,1.4285714285714286,1.0,,True
35,Vologda Oblast,37,Sewerage,0,1,1.0,1.0769230769230769,,True
35,Vologda Oblast,38,"Waste collection, treatment and disposal",6,7,2.857142857142857,1.6923076923076923,0.5923076923076923,False
35,Vologda Oblast,41,Construction of buildings,7,13,38.00000000000001,40.53846153846154,1.0668016194331982,False
35,Vologda Oblast,42,Civil engineering,7,13,5.571428571428571,6.384615384615385,1.1459566074950691,False
35,Vologda Oblast,43,Specialised construction activities,7,13,61.0,52.26666666666667,0.8568306010928963,False
35,Vologda Oblast,45,Sale and repair of motor vehicles and motorcycles,7,13,23.428571428571427,26.466666666666672,1.129674796747968,False
35,Vologda Oblast,46,Wholesale trade,7,13,27.083333333333332,23.05,0.8510769230769232,False
35,Vologda Oblast,47,Retail trade,7,13,141.75,56.92307692307693,0.40157373490706827,False
35,Vologda Oblast,49,Land transport and pipeline transport,7,13,69.57142857142857,84.07692307692308,1.2084978676354448,False
35,Vologda Oblast,50,Water transport,1,0,1.1428571428571428,1.0,,True
35,Vologda Oblast,51,Air transport,0,0,1.0,1.0,,True
35,Vologda Oblast,52,Warehousing and transport support activities,7,13,7.0,7.615384615384615,1.0879120879120878,False
35,Vologda Oblast,53,Postal and courier activities,6,13,2.2857142857142856,4.153846153846153,1.817307692307692,False
35,Vologda Oblast,55,Accommodation,7,12,4.142857142857142,3.1538461538461537,0.7612732095490717,False
35,Vologda Oblast,56,Food and beverage service activities,7,13,14.444444444444446,24.0625,1.6658653846153844,False
35,Vologda Oblast,58,Publishing activities,2,5,1.2857142857142856,1.3846153846153846,,True
35,Vologda Oblast,59,"Motion picture, video and television production",6,11,2.571428571428571,3.8461538461538463,1.495726495726496,False
35,Vologda Oblast,60,Programming and broadcasting activities,0,1,1.0,1.0769230769230769,,True
35,Vologda Oblast,61,Telecommunications,0,2,1.0,1.1538461538461537,,True
35,Vologda Oblast,62,"Computer programming, consultancy and related activities",7,13,17.142857142857142,19.46153846153846,1.1352564102564102,False
35,Vologda Oblast,63,Information service activities,7,13,7.0,11.846153846153847,1.6923076923076923,False
35,Vologda Oblast,64,"Financial service activities, except insurance and pension funding",3,4,1.5714285714285714,1.5384615384615383,0.979020979020979,False
35,Vologda Oblast,65,"Insurance, reinsurance and pension funding",1,2,1.1428571428571428,1.1538461538461537,,True
35,Vologda Oblast,66,Auxiliary financial services,6,9,2.7142857142857144,3.3076923076923075,1.2186234817813764,False
35,Vologda Oblast,68,Real estate activities,7,13,23.0,24.6,1.0695652173913044,False
35,Vologda Oblast,69,Legal and accounting activities,7,13,13.714285714285714,13.461538461538462,0.9815705128205129,False
35,Vologda Oblast,70,Management consultancy activities,7,13,4.125,7.357142857142858,1.7835497835497838,False
35,Vologda Oblast,71,Architectural and engineering activities,7,13,9.571428571428571,9.066666666666668,0.94726368159204,False
35,Vologda Oblast,72,Scientific research and development,3,10,1.5714285714285714,2.230769230769231,1.4195804195804196,False
35,Vologda Oblast,73,Advertising and market research,7,13,20.571428571428573,24.642857142857146,1.1979166666666667,False
35,Vologda Oblast,74,"Other professional, scientific and technical activities",7,13,7.571428571428571,10.92857142857143,1.4433962264150946,False
35,Vologda Oblast,75,Veterinary activities,3,9,1.8571428571428572,2.0,1.0769230769230769,False
35,Vologda Oblast,77,Rental and leasing activities,7,13,6.285714285714286,7.0,1.1136363636363638,False
35,Vologda Oblast,78,Employment activities,5,13,3.142857142857143,4.076923076923077,1.297202797202797,False
35,Vologda Oblast,79,Travel agency and reservation services,6,13,3.142857142857143,4.500000000000001,1.431818181818182,False
35,Vologda Oblast,80,Security and investigation activities,5,8,1.6250000000000002,1.7692307692307692,1.088757396449704,False
35,Vologda Oblast,81,Services to buildings and landscape activities,7,13,8.857142857142858,9.384615384615385,1.0595533498759304,False
35,Vologda Oblast,82,Office administrative and business support activities,7,13,8.142857142857142,17.46153846153846,2.144399460188934,False
35,Vologda Oblast,84,Public administration and defence; compulsory social security,1,5,1.1428571428571428,1.4615384615384617,,True
35,Vologda Oblast,85,Education,7,13,10.142857142857142,11.76923076923077,1.1603466955579633,False
35,Vologda Oblast,86,Human health activities,7,13,4.857142857142858,4.230769230769231,0.8710407239819004,False
35,Vologda Oblast,87,Residential care activities,0,1,1.0,1.1538461538461537,,True
35,Vologda Oblast,88,Social work activities without accommodation,3,6,1.5714285714285714,1.7692307692307692,1.1258741258741258,False
35,Vologda Oblast,90,"Creative, arts and entertainment activities",5,13,3.857142857142857,4.230769230769231,1.0968660968660968,False
35,Vologda Oblast,91,"Libraries, archives, museums and other cultural activities",1,0,1.1428571428571428,1.0,,True
35,Vologda Oblast,92,Gambling and betting activities,0,2,1.0,1.0,,True
35,Vologda Oblast,93,Sports activities and amusement and recreation,7,13,10.571428571428571,10.071428571428573,0.9527027027027029,False
35,Vologda Oblast,94,Activities of membership organisations,1,1,1.1428571428571428,1.0769230769230769,,True
35,Vologda Oblast,95,"Repair of computers, personal and household goods",7,13,5.857142857142857,7.769230769230769,1.326454033771107,False
35,Vologda Oblast,96,Other personal service activities,7,13,29.142857142857142,29.846153846153847,1.024132730015083,False
35,Vologda Oblast,99,Activities of extraterritorial organisations and bodies,0,0,1.0,1.0,,True
36,Voronezh Oblast,01,Crop and animal production,7,13,24.625,18.272727272727273,0.7420396862021228,False
36,Voronezh Oblast,02,Forestry and logging,7,9,2.571428571428571,2.1538461538461537,0.8376068376068376,False
36,Voronezh Oblast,03,Fishing and aquaculture,7,10,3.2857142857142856,3.230769230769231,0.9832775919732442,False
36,Voronezh Oblast,07,OKVED 07,1,0,1.1428571428571428,1.0,,True
36,Voronezh Oblast,08,Other mining and quarrying,2,4,1.4285714285714286,1.3076923076923077,,True
36,Voronezh Oblast,09,Mining support services,0,1,1.0,1.0769230769230769,,True
36,Voronezh Oblast,10,Manufacture of food products,7,13,8.625000000000002,10.749999999999998,1.2463768115942024,False
36,Voronezh Oblast,11,Manufacture of beverages,4,5,1.8571428571428572,1.5384615384615383,0.8284023668639052,False
36,Voronezh Oblast,12,Manufacture of tobacco products,0,0,1.0,1.0,,True
36,Voronezh Oblast,13,Manufacture of textiles,7,10,2.571428571428571,2.3076923076923075,0.8974358974358975,False
36,Voronezh Oblast,14,Manufacture of wearing apparel,6,13,5.571428571428571,6.230769230769231,1.1183431952662723,False
36,Voronezh Oblast,15,Manufacture of leather and related products,3,4,1.4285714285714286,1.3076923076923077,0.9153846153846154,False
36,Voronezh Oblast,16,Wood processing,7,12,3.857142857142857,4.3076923076923075,1.1168091168091168,False
36,Voronezh Oblast,17,Manufacture of paper and paper products,2,2,1.4285714285714286,1.1538461538461537,,True
36,Voronezh Oblast,18,Printing and reproduction of recorded media,7,10,3.3750000000000004,3.6153846153846154,1.071225071225071,False
36,Voronezh Oblast,19,Manufacture of coke and refined petroleum products,0,0,1.0,1.0,,True
36,Voronezh Oblast,20,Manufacture of chemicals and chemical products,6,13,3.7142857142857144,3.3076923076923075,0.8905325443786981,False
36,Voronezh Oblast,21,Manufacture of pharmaceutical products,0,1,1.0,1.0769230769230769,,True
36,Voronezh Oblast,22,Manufacture of rubber and plastic products,7,11,4.428571428571429,2.8571428571428577,0.6451612903225807,False
36,Voronezh Oblast,23,Other non-metallic mineral products,7,13,5.0,3.5714285714285716,0.7142857142857143,False
36,Voronezh Oblast,24,Manufacture of basic metals,5,2,1.5000000000000002,1.1538461538461537,,True
36,Voronezh Oblast,25,Manufacture of fabricated metal products,7,13,12.875,12.384615384615385,0.9619118745332338,False
36,Voronezh Oblast,26,"Manufacture of computer, electronic and optical products",5,6,2.142857142857143,1.6923076923076923,0.7897435897435897,False
36,Voronezh Oblast,27,Manufacture of electrical equipment,5,9,2.3750000000000004,2.230769230769231,0.9392712550607286,False
36,Voronezh Oblast,28,Manufacture of machinery and equipment n.e.c.,7,12,4.714285714285714,3.923076923076923,0.8321678321678321,False
36,Voronezh Oblast,29,Manufacture of motor vehicles and trailers,1,5,1.1428571428571428,1.3846153846153846,,True
36,Voronezh Oblast,30,Manufacture of other transport equipment,1,5,1.1428571428571428,1.4615384615384617,,True
36,Voronezh Oblast,31,Manufacture of furniture,7,13,5.125,6.153846153846154,1.200750469043152,False
36,Voronezh Oblast,32,Other manufacturing,6,13,4.857142857142858,4.6923076923076925,0.9660633484162895,False
36,Voronezh Oblast,33,Repair and installation of machinery and equipment,7,13,10.571428571428571,10.0,0.9459459459459459,False
36,Voronezh Oblast,35,"Electricity, gas, steam and air conditioning supply",5,11,2.571428571428571,1.7333333333333334,0.6740740740740742,False
36,Voronezh Oblast,36,"Water collection, treatment and supply",3,7,1.4285714285714286,1.9230769230769231,1.3461538461538463,False
36,Voronezh Oblast,37,Sewerage,5,9,1.8571428571428572,2.0,1.0769230769230769,False
36,Voronezh Oblast,38,"Waste collection, treatment and disposal",4,12,2.857142857142857,3.6153846153846154,1.2653846153846153,False
36,Voronezh Oblast,39,Remediation activities,2,0,1.2857142857142856,1.0,,True
36,Voronezh Oblast,41,Construction of buildings,7,13,43.55555555555556,49.866666666666674,1.1448979591836737,False
36,Voronezh Oblast,42,Civil engineering,7,13,9.142857142857142,8.066666666666668,0.8822916666666669,False
36,Voronezh Oblast,43,Specialised construction activities,7,13,48.07142857142857,50.49999999999999,1.0505200594353639,False
36,Voronezh Oblast,45,Sale and repair of motor vehicles and motorcycles,7,13,43.0,39.84210526315789,0.9265605875152998,False
36,Voronezh Oblast,46,Wholesale trade,7,13,38.46666666666667,25.707317073170735,0.6683011370841612,False
36,Voronezh Oblast,47,Retail trade,7,13,234.58333333333334,93.8135593220339,0.39991570581328834,False
36,Voronezh Oblast,49,Land transport and pipeline transport,7,13,107.81818181818181,150.68749999999997,1.3976075042158513,False
36,Voronezh Oblast,50,Water transport,1,5,1.1428571428571428,1.4615384615384617,,True
36,Voronezh Oblast,51,Air transport,0,0,1.0,1.0,,True
36,Voronezh Oblast,52,Warehousing and transport support activities,7,13,11.0,10.823529411764705,0.9839572192513368,False
36,Voronezh Oblast,53,Postal and courier activities,7,13,6.142857142857143,9.23076923076923,1.5026833631484793,False
36,Voronezh Oblast,55,Accommodation,7,13,6.857142857142857,4.769230769230769,0.6955128205128206,False
36,Voronezh Oblast,56,Food and beverage service activities,7,13,21.625000000000004,30.846153846153847,1.4264117385504667,False
36,Voronezh Oblast,58,Publishing activities,4,8,1.8571428571428572,1.6923076923076923,0.9112426035502958,False
36,Voronezh Oblast,59,"Motion picture, video and television production",7,13,5.571428571428571,5.769230769230769,1.0355029585798816,False
36,Voronezh Oblast,60,Programming and broadcasting activities,0,1,1.0,1.0769230769230769,,True
36,Voronezh Oblast,61,Telecommunications,2,5,1.2857142857142856,1.3846153846153846,,True
36,Voronezh Oblast,62,"Computer programming, consultancy and related activities",7,13,37.0,44.0,1.1891891891891893,False
36,Voronezh Oblast,63,Information service activities,7,13,14.571428571428571,20.307692307692307,1.3936651583710407,False
36,Voronezh Oblast,64,"Financial service activities, except insurance and pension funding",6,9,2.2857142857142856,2.0769230769230766,0.908653846153846,False
36,Voronezh Oblast,65,"Insurance, reinsurance and pension funding",0,1,1.0,1.0769230769230769,,True
36,Voronezh Oblast,66,Auxiliary financial services,7,12,5.428571428571429,4.769230769230769,0.8785425101214575,False
36,Voronezh Oblast,68,Real estate activities,7,13,44.0,43.666666666666664,0.9924242424242423,False
36,Voronezh Oblast,69,Legal and accounting activities,7,13,25.571428571428573,19.571428571428573,0.7653631284916201,False
36,Voronezh Oblast,70,Management consultancy activities,7,13,12.428571428571429,13.75,1.1063218390804597,False
36,Voronezh Oblast,71,Architectural and engineering activities,7,13,17.900000000000002,16.928571428571427,0.9457302474062249,False
36,Voronezh Oblast,72,Scientific research and development,6,10,3.142857142857143,3.769230769230769,1.1993006993006994,False
36,Voronezh Oblast,73,Advertising and market research,7,13,35.142857142857146,43.53846153846154,1.2388993120700438,False
36,Voronezh Oblast,74,"Other professional, scientific and technical activities",7,13,14.25,17.615384615384617,1.2361673414304994,False
36,Voronezh Oblast,75,Veterinary activities,5,8,2.2857142857142856,2.4615384615384617,1.076923076923077,False
36,Voronezh Oblast,77,Rental and leasing activities,7,13,11.142857142857142,10.785714285714286,0.9679487179487181,False
36,Voronezh Oblast,78,Employment activities,7,13,6.428571428571429,6.785714285714286,1.0555555555555556,False
36,Voronezh Oblast,79,Travel agency and reservation services,7,13,4.857142857142858,6.384615384615385,1.3144796380090498,False
36,Voronezh Oblast,80,Security and investigation activities,6,13,2.857142857142857,2.5624999999999996,0.8968749999999999,False
36,Voronezh Oblast,81,Services to buildings and landscape activities,7,13,9.625,14.153846153846153,1.4705294705294705,False
36,Voronezh Oblast,82,Office administrative and business support activities,7,13,15.0,25.133333333333336,1.6755555555555557,False
36,Voronezh Oblast,84,Public administration and defence; compulsory social security,0,3,1.0,1.2307692307692308,,True
36,Voronezh Oblast,85,Education,7,13,19.142857142857142,19.846153846153847,1.036739380022962,False
36,Voronezh Oblast,86,Human health activities,7,13,6.125,7.7857142857142865,1.271137026239067,False
36,Voronezh Oblast,87,Residential care activities,2,4,1.5714285714285714,1.3076923076923077,,True
36,Voronezh Oblast,88,Social work activities without accommodation,6,12,3.142857142857143,3.6153846153846154,1.1503496503496504,False
36,Voronezh Oblast,90,"Creative, arts and entertainment activities",7,13,6.142857142857143,6.928571428571429,1.127906976744186,False
36,Voronezh Oblast,91,"Libraries, archives, museums and other cultural activities",0,4,1.0,1.3076923076923077,,True
36,Voronezh Oblast,92,Gambling and betting activities,0,1,1.0,1.0769230769230769,,True
36,Voronezh Oblast,93,Sports activities and amusement and recreation,7,13,15.857142857142858,20.0,1.2612612612612613,False
36,Voronezh Oblast,94,Activities of membership organisations,1,7,1.1428571428571428,1.6153846153846154,,True
36,Voronezh Oblast,95,"Repair of computers, personal and household goods",7,13,13.285714285714286,12.5,0.9408602150537634,False
36,Voronezh Oblast,96,Other personal service activities,7,13,40.142857142857146,46.07692307692308,1.1478237065425678,False
36,Voronezh Oblast,97,Activities of households as employers,1,0,1.1428571428571428,1.0,,True
36,Voronezh Oblast,98,OKVED 98,0,0,1.0,1.0,,True
37,Ivanovo Oblast,01,Crop and animal production,7,13,6.428571428571429,8.071428571428573,1.2555555555555558,False
37,Ivanovo Oblast,02,Forestry and logging,6,11,3.0,3.5384615384615383,1.1794871794871795,False
37,Ivanovo Oblast,03,Fishing and aquaculture,1,3,1.1428571428571428,1.3076923076923077,,True
37,Ivanovo Oblast,07,OKVED 07,0,0,1.0,1.0,,True
37,Ivanovo Oblast,08,Other mining and quarrying,1,2,1.1428571428571428,1.1538461538461537,,True
37,Ivanovo Oblast,09,Mining support services,0,1,1.0,1.0769230769230769,,True
37,Ivanovo Oblast,10,Manufacture of food products,6,12,5.428571428571429,5.214285714285714,0.9605263157894737,False
37,Ivanovo Oblast,11,Manufacture of beverages,1,2,1.1428571428571428,1.1538461538461537,,True
37,Ivanovo Oblast,12,Manufacture of tobacco products,0,0,1.0,1.0,,True
37,Ivanovo Oblast,13,Manufacture of textiles,7,13,23.125,18.263157894736842,0.7897581792318634,False
37,Ivanovo Oblast,14,Manufacture of wearing apparel,7,13,40.285714285714285,19.761904761904763,0.49054373522458633,False
37,Ivanovo Oblast,15,Manufacture of leather and related products,3,3,1.4285714285714286,1.3846153846153846,0.9692307692307692,False
37,Ivanovo Oblast,16,Wood processing,7,12,4.0,5.214285714285714,1.3035714285714286,False
37,Ivanovo Oblast,17,Manufacture of paper and paper products,1,5,1.1428571428571428,1.3846153846153846,,True
37,Ivanovo Oblast,18,Printing and reproduction of recorded media,6,12,3.4285714285714284,2.2142857142857144,0.6458333333333334,False
37,Ivanovo Oblast,19,Manufacture of coke and refined petroleum products,0,0,1.0,1.0,,True
37,Ivanovo Oblast,20,Manufacture of chemicals and chemical products,7,9,3.4285714285714284,2.3846153846153846,0.6955128205128206,False
37,Ivanovo Oblast,21,Manufacture of pharmaceutical products,1,0,1.1428571428571428,1.0,,True
37,Ivanovo Oblast,22,Manufacture of rubber and plastic products,6,8,3.2857142857142856,2.5384615384615383,0.7725752508361204,False
37,Ivanovo Oblast,23,Other non-metallic mineral products,7,10,3.2857142857142856,2.8461538461538463,0.8662207357859533,False
37,Ivanovo Oblast,24,Manufacture of basic metals,2,1,1.2857142857142856,1.0769230769230769,,True
37,Ivanovo Oblast,25,Manufacture of fabricated metal products,7,12,7.428571428571429,5.214285714285714,0.7019230769230769,False
37,Ivanovo Oblast,26,"Manufacture of computer, electronic and optical products",4,3,1.25,1.2307692307692308,0.9846153846153847,False
37,Ivanovo Oblast,27,Manufacture of electrical equipment,1,3,1.2857142857142856,1.3076923076923077,,True
37,Ivanovo Oblast,28,Manufacture of machinery and equipment n.e.c.,4,10,1.5714285714285714,2.230769230769231,1.4195804195804196,False
37,Ivanovo Oblast,29,Manufacture of motor vehicles and trailers,1,3,1.1428571428571428,1.2307692307692308,,True
37,Ivanovo Oblast,30,Manufacture of other transport equipment,1,0,1.1428571428571428,1.0,,True
37,Ivanovo Oblast,31,Manufacture of furniture,7,13,3.2500000000000004,3.642857142857143,1.1208791208791207,False
37,Ivanovo Oblast,32,Other manufacturing,7,12,4.857142857142858,3.6153846153846154,0.7443438914027148,False
37,Ivanovo Oblast,33,Repair and installation of machinery and equipment,5,12,3.2857142857142856,4.230769230769231,1.2876254180602007,False
37,Ivanovo Oblast,35,"Electricity, gas, steam and air conditioning supply",2,5,1.2857142857142856,1.6923076923076923,,True
37,Ivanovo Oblast,36,"Water collection, treatment and supply",1,1,1.2857142857142856,1.0769230769230769,,True
37,Ivanovo Oblast,37,Sewerage,1,2,1.1428571428571428,1.3076923076923077,,True
37,Ivanovo Oblast,38,"Waste collection, treatment and disposal",6,9,2.2857142857142856,2.0769230769230766,0.908653846153846,False
37,Ivanovo Oblast,39,Remediation activities,0,1,1.0,1.0769230769230769,,True
37,Ivanovo Oblast,41,Construction of buildings,7,13,25.0,22.23076923076923,0.8892307692307692,False
37,Ivanovo Oblast,42,Civil engineering,6,13,3.7142857142857144,3.2857142857142856,0.8846153846153846,False
37,Ivanovo Oblast,43,Specialised construction activities,7,13,35.625,35.73333333333334,1.003040935672515,False
37,Ivanovo Oblast,45,Sale and repair of motor vehicles and motorcycles,7,13,18.0,15.624999999999998,0.8680555555555555,False
37,Ivanovo Oblast,46,Wholesale trade,7,13,38.5,26.952380952380953,0.7000618429189858,False
37,Ivanovo Oblast,47,Retail trade,7,13,163.55555555555557,173.06666666666666,1.0581521739130433,False
37,Ivanovo Oblast,49,Land transport and pipeline transport,7,13,60.285714285714285,70.92307692307692,1.1764491432737878,False
37,Ivanovo Oblast,50,Water transport,0,2,1.0,1.1538461538461537,,True
37,Ivanovo Oblast,51,Air transport,0,0,1.0,1.0,,True
37,Ivanovo Oblast,52,Warehousing and transport support activities,7,13,6.428571428571429,6.785714285714286,1.0555555555555556,False
37,Ivanovo Oblast,53,Postal and courier activities,5,12,2.428571428571429,3.076923076923077,1.2669683257918551,False
37,Ivanovo Oblast,55,Accommodation,7,8,3.5714285714285716,2.4615384615384617,0.6892307692307692,False
37,Ivanovo Oblast,56,Food and beverage service activities,7,13,15.375000000000002,19.88235294117647,1.2931611669057865,False
37,Ivanovo Oblast,58,Publishing activities,1,7,1.1428571428571428,1.6153846153846154,,True
37,Ivanovo Oblast,59,"Motion picture, video and television production",7,13,2.857142857142857,3.230769230769231,1.1307692307692307,False
37,Ivanovo Oblast,60,Programming and broadcasting activities,0,1,1.0,1.0769230769230769,,True
37,Ivanovo Oblast,61,Telecommunications,2,3,1.2857142857142856,1.2307692307692308,,True
37,Ivanovo Oblast,62,"Computer programming, consultancy and related activities",7,13,14.285714285714286,15.384615384615385,1.0769230769230769,False
37,Ivanovo Oblast,63,Information service activities,7,13,6.428571428571429,10.538461538461538,1.6393162393162393,False
37,Ivanovo Oblast,64,"Financial service activities, except insurance and pension funding",3,4,1.5714285714285714,1.4615384615384617,0.9300699300699302,False
37,Ivanovo Oblast,65,"Insurance, reinsurance and pension funding",0,2,1.0,1.1538461538461537,,True
37,Ivanovo Oblast,66,Auxiliary financial services,5,9,2.7142857142857144,2.5384615384615383,0.9352226720647773,False
37,Ivanovo Oblast,68,Real estate activities,7,13,21.571428571428573,22.866666666666667,1.0600441501103752,False
37,Ivanovo Oblast,69,Legal and accounting activities,7,13,8.0,10.857142857142858,1.3571428571428572,False
37,Ivanovo Oblast,70,Management consultancy activities,7,13,6.0,6.076923076923077,1.0128205128205128,False
37,Ivanovo Oblast,71,Architectural and engineering activities,7,13,6.714285714285714,7.153846153846154,1.065466448445172,False
37,Ivanovo Oblast,72,Scientific research and development,5,7,2.142857142857143,2.6923076923076925,1.2564102564102566,False
37,Ivanovo Oblast,73,Advertising and market research,7,13,15.571428571428571,17.928571428571427,1.1513761467889907,False
37,Ivanovo Oblast,74,"Other professional, scientific and technical activities",7,13,9.428571428571429,7.461538461538462,0.7913752913752914,False
37,Ivanovo Oblast,75,Veterinary activities,4,3,1.8571428571428572,1.4615384615384617,0.7869822485207101,False
37,Ivanovo Oblast,77,Rental and leasing activities,7,13,4.428571428571429,4.076923076923077,0.9205955334987592,False
37,Ivanovo Oblast,78,Employment activities,5,12,2.857142857142857,3.1538461538461537,1.1038461538461537,False
37,Ivanovo Oblast,79,Travel agency and reservation services,5,13,2.428571428571429,3.3076923076923075,1.3619909502262442,False
37,Ivanovo Oblast,80,Security and investigation activities,3,7,1.7142857142857144,1.7142857142857144,1.0,False
37,Ivanovo Oblast,81,Services to buildings and landscape activities,7,13,6.571428571428571,6.5,0.9891304347826088,False
37,Ivanovo Oblast,82,Office administrative and business support activities,7,13,9.428571428571429,12.400000000000002,1.3151515151515154,False
37,Ivanovo Oblast,84,Public administration and defence; compulsory social security,1,1,1.1428571428571428,1.0769230769230769,,True
37,Ivanovo Oblast,85,Education,7,13,10.857142857142858,10.846153846153847,0.9989878542510121,False
37,Ivanovo Oblast,86,Human health activities,6,12,3.0,3.3076923076923075,1.1025641025641024,False
37,Ivanovo Oblast,87,Residential care activities,0,2,1.0,1.1538461538461537,,True
37,Ivanovo Oblast,88,Social work activities without accommodation,3,8,1.5714285714285714,1.8461538461538463,1.174825174825175,False
37,Ivanovo Oblast,90,"Creative, arts and entertainment activities",6,11,3.4285714285714284,3.8461538461538463,1.1217948717948718,False
37,Ivanovo Oblast,91,"Libraries, archives, museums and other cultural activities",2,0,1.2857142857142856,1.0,,True
37,Ivanovo Oblast,92,Gambling and betting activities,0,0,1.0,1.0,,True
37,Ivanovo Oblast,93,Sports activities and amusement and recreation,7,13,6.857142857142857,7.7142857142857135,1.125,False
37,Ivanovo Oblast,94,Activities of membership organisations,0,1,1.0,1.0769230769230769,,True
37,Ivanovo Oblast,95,"Repair of computers, personal and household goods",7,13,5.285714285714286,5.384615384615385,1.0187110187110189,False
37,Ivanovo Oblast,96,Other personal service activities,7,13,17.285714285714285,20.0,1.15702479338843,False
37,Ivanovo Oblast,97,Activities of households as employers,0,0,1.0,1.0,,True
38,Irkutsk Oblast,01,Crop and animal production,7,13,20.428571428571427,22.384615384615383,1.0957504034427112,False
38,Irkutsk Oblast,02,Forestry and logging,7,13,15.571428571428571,16.923076923076923,1.086803105151729,False
38,Irkutsk Oblast,03,Fishing and aquaculture,5,10,1.7142857142857144,1.7692307692307692,1.032051282051282,False
38,Irkutsk Oblast,05,Mining of coal and lignite,2,2,1.2857142857142856,1.2307692307692308,,True
38,Irkutsk Oblast,06,Extraction of crude petroleum and natural gas,2,2,1.4285714285714286,1.3076923076923077,,True
38,Irkutsk Oblast,07,OKVED 07,5,11,2.142857142857143,3.8461538461538463,1.794871794871795,False
38,Irkutsk Oblast,08,Other mining and quarrying,5,7,2.0,1.9230769230769231,0.9615384615384616,False
38,Irkutsk Oblast,09,Mining support services,1,4,1.1428571428571428,1.5384615384615383,,True
38,Irkutsk Oblast,10,Manufacture of food products,7,13,16.714285714285715,17.23076923076923,1.0309007232084153,False
38,Irkutsk Oblast,11,Manufacture of beverages,6,8,2.142857142857143,1.6923076923076923,0.7897435897435897,False
38,Irkutsk Oblast,12,Manufacture of tobacco products,0,0,1.0,1.0,,True
38,Irkutsk Oblast,13,Manufacture of textiles,5,12,2.142857142857143,3.0,1.4000000000000001,False
38,Irkutsk Oblast,14,Manufacture of wearing apparel,7,13,8.0,7.461538461538462,0.9326923076923077,False
38,Irkutsk Oblast,15,Manufacture of leather and related products,5,3,1.7142857142857144,1.2142857142857144,0.7083333333333334,False
38,Irkutsk Oblast,16,Wood processing,7,13,7.249999999999999,7.0,0.9655172413793105,False
38,Irkutsk Oblast,17,Manufacture of paper and paper products,2,3,1.2857142857142856,1.2307692307692308,,True
38,Irkutsk Oblast,18,Printing and reproduction of recorded media,7,11,3.4285714285714284,3.6923076923076925,1.076923076923077,False
38,Irkutsk Oblast,19,Manufacture of coke and refined petroleum products,1,0,1.1428571428571428,1.0,,True
38,Irkutsk Oblast,20,Manufacture of chemicals and chemical products,7,11,4.428571428571429,2.928571428571429,0.6612903225806451,False
38,Irkutsk Oblast,21,Manufacture of pharmaceutical products,0,1,1.0,1.0769230769230769,,True
38,Irkutsk Oblast,22,Manufacture of rubber and plastic products,6,12,3.0,4.076923076923077,1.3589743589743588,False
38,Irkutsk Oblast,23,Other non-metallic mineral products,7,11,3.75,5.3076923076923075,1.4153846153846152,False
38,Irkutsk Oblast,24,Manufacture of basic metals,3,6,1.5714285714285714,1.5384615384615383,0.979020979020979,False
38,Irkutsk Oblast,25,Manufacture of fabricated metal products,7,13,10.142857142857142,9.642857142857144,0.9507042253521129,False
38,Irkutsk Oblast,26,"Manufacture of computer, electronic and optical products",2,5,1.2857142857142856,1.3846153846153846,,True
38,Irkutsk Oblast,27,Manufacture of electrical equipment,3,7,1.4285714285714286,1.8461538461538463,1.2923076923076924,False
38,Irkutsk Oblast,28,Manufacture of machinery and equipment n.e.c.,5,11,2.2857142857142856,2.285714285714286,1.0000000000000002,False
38,Irkutsk Oblast,29,Manufacture of motor vehicles and trailers,1,5,1.5714285714285714,1.3571428571428574,,True
38,Irkutsk Oblast,30,Manufacture of other transport equipment,3,2,1.5714285714285714,1.1538461538461537,,True
38,Irkutsk Oblast,31,Manufacture of furniture,7,13,9.142857142857142,7.3076923076923075,0.7992788461538461,False
38,Irkutsk Oblast,32,Other manufacturing,7,13,7.142857142857143,6.3076923076923075,0.883076923076923,False
38,Irkutsk Oblast,33,Repair and installation of machinery and equipment,7,13,9.428571428571429,10.846153846153847,1.1503496503496504,False
38,Irkutsk Oblast,35,"Electricity, gas, steam and air conditioning supply",7,10,2.875,3.357142857142857,1.1677018633540373,False
38,Irkutsk Oblast,36,"Water collection, treatment and supply",3,2,1.125,1.1538461538461537,,True
38,Irkutsk Oblast,37,Sewerage,3,8,1.4285714285714286,1.9230769230769231,1.3461538461538463,False
38,Irkutsk Oblast,38,"Waste collection, treatment and disposal",7,13,3.0,3.4615384615384617,1.153846153846154,False
38,Irkutsk Oblast,39,Remediation activities,1,0,1.1428571428571428,1.0,,True
38,Irkutsk Oblast,41,Construction of buildings,7,13,48.81818181818181,49.47368421052631,1.0134274233068705,False
38,Irkutsk Oblast,42,Civil engineering,7,13,11.428571428571429,10.846153846153847,0.9490384615384616,False
38,Irkutsk Oblast,43,Specialised construction activities,7,13,77.375,87.92857142857143,1.1363951073159475,False
38,Irkutsk Oblast,45,Sale and repair of motor vehicles and motorcycles,7,13,40.81818181818181,45.75000000000001,1.120824053452116,False
38,Irkutsk Oblast,46,Wholesale trade,7,13,51.199999999999996,33.03571428571429,0.6452287946428573,False
38,Irkutsk Oblast,47,Retail trade,7,13,188.41176470588232,194.41176470588235,1.0318451451763972,False
38,Irkutsk Oblast,49,Land transport and pipeline transport,7,13,107.44444444444446,141.625,1.3181230610134436,False
38,Irkutsk Oblast,50,Water transport,4,8,2.0,3.0,1.5,False
38,Irkutsk Oblast,51,Air transport,0,2,1.0,1.1538461538461537,,True
38,Irkutsk Oblast,52,Warehousing and transport support activities,7,13,20.0,21.533333333333335,1.0766666666666667,False
38,Irkutsk Oblast,53,Postal and courier activities,7,13,5.142857142857143,7.153846153846154,1.391025641025641,False
38,Irkutsk Oblast,55,Accommodation,7,13,7.428571428571429,9.615384615384615,1.294378698224852,False
38,Irkutsk Oblast,56,Food and beverage service activities,7,13,55.875,57.94117647058824,1.0369785498091855,False
38,Irkutsk Oblast,58,Publishing activities,4,7,2.0,2.0769230769230766,1.0384615384615383,False
38,Irkutsk Oblast,59,"Motion picture, video and television production",7,13,4.500000000000001,6.0,1.333333333333333,False
38,Irkutsk Oblast,60,Programming and broadcasting activities,3,2,1.8571428571428572,1.1538461538461537,,True
38,Irkutsk Oblast,61,Telecommunications,4,5,1.7142857142857144,2.0769230769230766,1.2115384615384612,False
38,Irkutsk Oblast,62,"Computer programming, consultancy and related activities",7,13,34.857142857142854,36.06666666666667,1.0346994535519127,False
38,Irkutsk Oblast,63,Information service activities,7,13,19.285714285714285,27.071428571428573,1.403703703703704,False
38,Irkutsk Oblast,64,"Financial service activities, except insurance and pension funding",6,11,2.7142857142857144,3.0,1.1052631578947367,False
38,Irkutsk Oblast,65,"Insurance, reinsurance and pension funding",0,0,1.0,1.0,,True
38,Irkutsk Oblast,66,Auxiliary financial services,7,13,6.428571428571429,6.230769230769231,0.9692307692307692,False
38,Irkutsk Oblast,68,Real estate activities,7,13,60.285714285714285,56.24999999999999,0.9330568720379145,False
38,Irkutsk Oblast,69,Legal and accounting activities,7,13,24.571428571428573,28.06666666666667,1.142248062015504,False
38,Irkutsk Oblast,70,Management consultancy activities,7,13,13.125,17.692307692307693,1.347985347985348,False
38,Irkutsk Oblast,71,Architectural and engineering activities,7,13,19.142857142857142,21.28571428571429,1.111940298507463,False
38,Irkutsk Oblast,72,Scientific research and development,7,11,5.285714285714286,4.461538461538462,0.8440748440748441,False
38,Irkutsk Oblast,73,Advertising and market research,7,13,40.285714285714285,64.53846153846155,1.6020185488270597,False
38,Irkutsk Oblast,74,"Other professional, scientific and technical activities",7,13,17.142857142857142,26.0,1.5166666666666666,False
38,Irkutsk Oblast,75,Veterinary activities,4,10,2.428571428571429,2.3076923076923075,0.9502262443438912,False
38,Irkutsk Oblast,77,Rental and leasing activities,7,13,10.750000000000002,13.187499999999998,1.2267441860465114,False
38,Irkutsk Oblast,78,Employment activities,7,13,6.285714285714286,7.230769230769231,1.1503496503496504,False
38,Irkutsk Oblast,79,Travel agency and reservation services,7,13,11.428571428571429,11.538461538461538,1.0096153846153846,False
38,Irkutsk Oblast,80,Security and investigation activities,7,13,3.5,3.1333333333333337,0.8952380952380954,False
38,Irkutsk Oblast,81,Services to buildings and landscape activities,7,13,16.0,15.285714285714285,0.9553571428571428,False
38,Irkutsk Oblast,82,Office administrative and business support activities,7,13,32.42857142857143,54.15384615384615,1.6699423924093526,False
38,Irkutsk Oblast,84,Public administration and defence; compulsory social security,2,4,1.4285714285714286,1.3846153846153846,,True
38,Irkutsk Oblast,85,Education,7,13,28.142857142857142,24.307692307692307,0.8637251073799297,False
38,Irkutsk Oblast,86,Human health activities,7,13,8.857142857142858,7.642857142857142,0.8629032258064515,False
38,Irkutsk Oblast,87,Residential care activities,3,9,1.5714285714285714,1.8461538461538463,1.174825174825175,False
38,Irkutsk Oblast,88,Social work activities without accommodation,7,11,5.0,4.0,0.8,False
38,Irkutsk Oblast,90,"Creative, arts and entertainment activities",7,13,6.714285714285714,8.923076923076923,1.3289689034369885,False
38,Irkutsk Oblast,91,"Libraries, archives, museums and other cultural activities",0,1,1.0,1.0769230769230769,,True
38,Irkutsk Oblast,92,Gambling and betting activities,1,0,1.2857142857142856,1.0,,True
38,Irkutsk Oblast,93,Sports activities and amusement and recreation,7,13,22.857142857142858,22.153846153846153,0.9692307692307692,False
38,Irkutsk Oblast,94,Activities of membership organisations,1,4,1.1428571428571428,2.1538461538461537,,True
38,Irkutsk Oblast,95,"Repair of computers, personal and household goods",7,13,14.714285714285714,18.0,1.2233009708737865,False
38,Irkutsk Oblast,96,Other personal service activities,7,13,62.285714285714285,66.53846153846153,1.0682780522230062,False
38,Irkutsk Oblast,97,Activities of households as employers,0,4,1.0,1.3846153846153846,,True
38,Irkutsk Oblast,98,OKVED 98,0,0,1.0,1.0,,True
38,Irkutsk Oblast,99,Activities of extraterritorial organisations and bodies,0,0,1.0,1.0,,True
39,Kaliningrad Oblast,01,Crop and animal production,7,13,14.857142857142858,9.8,0.6596153846153846,False
39,Kaliningrad Oblast,02,Forestry and logging,3,5,1.4285714285714286,1.4615384615384617,1.0230769230769232,False
39,Kaliningrad Oblast,03,Fishing and aquaculture,6,10,3.0,2.9230769230769234,0.9743589743589745,False
39,Kaliningrad Oblast,06,Extraction of crude petroleum and natural gas,0,2,1.0,1.1538461538461537,,True
39,Kaliningrad Oblast,07,OKVED 07,0,0,1.0,1.0,,True
39,Kaliningrad Oblast,08,Other mining and quarrying,4,3,1.7142857142857144,1.3076923076923077,0.7628205128205128,False
39,Kaliningrad Oblast,09,Mining support services,3,0,1.4285714285714286,1.0,,True
39,Kaliningrad Oblast,10,Manufacture of food products,7,13,8.625000000000002,7.928571428571429,0.919254658385093,False
39,Kaliningrad Oblast,11,Manufacture of beverages,5,4,2.428571428571429,1.4615384615384617,0.6018099547511312,False
39,Kaliningrad Oblast,12,Manufacture of tobacco products,0,0,1.0,1.0,,True
39,Kaliningrad Oblast,13,Manufacture of textiles,5,9,2.142857142857143,2.230769230769231,1.041025641025641,False
39,Kaliningrad Oblast,14,Manufacture of wearing apparel,7,11,3.5714285714285716,3.4615384615384617,0.9692307692307692,False
39,Kaliningrad Oblast,15,Manufacture of leather and related products,4,1,1.5714285714285714,1.0769230769230769,,True
39,Kaliningrad Oblast,16,Wood processing,4,12,2.142857142857143,3.071428571428571,1.4333333333333333,False
39,Kaliningrad Oblast,17,Manufacture of paper and paper products,3,8,1.7142857142857144,1.6923076923076923,0.9871794871794871,False
39,Kaliningrad Oblast,18,Printing and reproduction of recorded media,5,9,2.142857142857143,2.230769230769231,1.041025641025641,False
39,Kaliningrad Oblast,19,Manufacture of coke and refined petroleum products,0,0,1.0,1.0,,True
39,Kaliningrad Oblast,20,Manufacture of chemicals and chemical products,6,8,2.428571428571429,1.7692307692307692,0.7285067873303166,False
39,Kaliningrad Oblast,21,Manufacture of pharmaceutical products,2,0,1.2857142857142856,1.0,,True
39,Kaliningrad Oblast,22,Manufacture of rubber and plastic products,5,11,2.7142857142857144,3.076923076923077,1.1336032388663968,False
39,Kaliningrad Oblast,23,Other non-metallic mineral products,6,13,3.857142857142857,3.7142857142857144,0.962962962962963,False
39,Kaliningrad Oblast,24,Manufacture of basic metals,1,3,1.1428571428571428,1.2307692307692308,,True
39,Kaliningrad Oblast,25,Manufacture of fabricated metal products,7,13,6.571428571428571,7.076923076923077,1.0769230769230769,False
39,Kaliningrad Oblast,26,"Manufacture of computer, electronic and optical products",0,4,1.0,1.4615384615384617,,True
39,Kaliningrad Oblast,27,Manufacture of electrical equipment,3,3,1.4285714285714286,1.2307692307692308,0.8615384615384616,False
39,Kaliningrad Oblast,28,Manufacture of machinery and equipment n.e.c.,4,4,1.7142857142857144,1.3076923076923077,0.7628205128205128,False
39,Kaliningrad Oblast,29,Manufacture of motor vehicles and trailers,2,1,1.2857142857142856,1.1538461538461537,,True
39,Kaliningrad Oblast,30,Manufacture of other transport equipment,1,6,1.1428571428571428,1.5384615384615383,,True
39,Kaliningrad Oblast,31,Manufacture of furniture,7,13,6.857142857142857,4.533333333333334,0.6611111111111112,False
39,Kaliningrad Oblast,32,Other manufacturing,7,13,6.142857142857143,5.769230769230769,0.9391771019677996,False
39,Kaliningrad Oblast,33,Repair and installation of machinery and equipment,7,13,6.714285714285714,7.071428571428571,1.053191489361702,False
39,Kaliningrad Oblast,35,"Electricity, gas, steam and air conditioning supply",6,8,1.8571428571428572,1.9230769230769231,1.0355029585798816,False
39,Kaliningrad Oblast,36,"Water collection, treatment and supply",0,3,1.0,1.2307692307692308,,True
39,Kaliningrad Oblast,37,Sewerage,0,1,1.0,1.0769230769230769,,True
39,Kaliningrad Oblast,38,"Waste collection, treatment and disposal",4,8,1.7142857142857144,1.9230769230769231,1.1217948717948718,False
39,Kaliningrad Oblast,39,Remediation activities,1,1,1.1428571428571428,1.0769230769230769,,True
39,Kaliningrad Oblast,41,Construction of buildings,7,13,58.142857142857146,43.333333333333336,0.7452907452907452,False
39,Kaliningrad Oblast,42,Civil engineering,7,13,7.0,5.153846153846154,0.7362637362637363,False
39,Kaliningrad Oblast,43,Specialised construction activities,7,13,60.42857142857143,49.875,0.8253546099290779,False
39,Kaliningrad Oblast,45,Sale and repair of motor vehicles and motorcycles,7,13,18.666666666666668,23.692307692307693,1.2692307692307692,False
39,Kaliningrad Oblast,46,Wholesale trade,7,13,25.642857142857142,21.880000000000003,0.8532590529247912,False
39,Kaliningrad Oblast,47,Retail trade,7,13,107.57142857142857,94.70000000000002,0.8803452855245686,False
39,Kaliningrad Oblast,49,Land transport and pipeline transport,7,13,46.25,66.64285714285715,1.4409266409266412,False
39,Kaliningrad Oblast,50,Water transport,5,8,2.2857142857142856,1.9230769230769231,0.841346153846154,False
39,Kaliningrad Oblast,51,Air transport,0,1,1.0,1.0769230769230769,,True
39,Kaliningrad Oblast,52,Warehousing and transport support activities,7,13,10.714285714285714,10.249999999999998,0.9566666666666666,False
39,Kaliningrad Oblast,53,Postal and courier activities,6,12,2.1250000000000004,4.076923076923077,1.9185520361990944,False
39,Kaliningrad Oblast,55,Accommodation,7,13,5.142857142857143,6.076923076923077,1.1816239316239314,False
39,Kaliningrad Oblast,56,Food and beverage service activities,7,13,41.50000000000001,37.27777777777778,0.898259705488621,False
39,Kaliningrad Oblast,58,Publishing activities,4,5,1.7142857142857144,1.5384615384615383,0.8974358974358972,False
39,Kaliningrad Oblast,59,"Motion picture, video and television production",7,11,3.7142857142857144,4.153846153846153,1.118343195266272,False
39,Kaliningrad Oblast,60,Programming and broadcasting activities,1,4,1.1428571428571428,1.3846153846153846,,True
39,Kaliningrad Oblast,61,Telecommunications,2,7,1.2857142857142856,1.5384615384615383,,True
39,Kaliningrad Oblast,62,"Computer programming, consultancy and related activities",7,13,27.428571428571427,29.0,1.0572916666666667,False
39,Kaliningrad Oblast,63,Information service activities,7,13,11.0,16.846153846153847,1.5314685314685315,False
39,Kaliningrad Oblast,64,"Financial service activities, except insurance and pension funding",6,8,2.857142857142857,2.3076923076923075,0.8076923076923076,False
39,Kaliningrad Oblast,65,"Insurance, reinsurance and pension funding",0,0,1.0,1.0,,True
39,Kaliningrad Oblast,66,Auxiliary financial services,7,11,4.0,3.3846153846153846,0.8461538461538461,False
39,Kaliningrad Oblast,68,Real estate activities,7,13,50.714285714285715,46.13333333333334,0.9096713615023475,False
39,Kaliningrad Oblast,69,Legal and accounting activities,7,13,15.142857142857142,18.76923076923077,1.239477503628447,False
39,Kaliningrad Oblast,70,Management consultancy activities,7,13,10.857142857142858,11.846153846153847,1.091093117408907,False
39,Kaliningrad Oblast,71,Architectural and engineering activities,7,13,14.285714285714286,12.538461538461538,0.8776923076923077,False
39,Kaliningrad Oblast,72,Scientific research and development,6,9,3.142857142857143,2.6923076923076925,0.8566433566433568,False
39,Kaliningrad Oblast,73,Advertising and market research,7,13,23.142857142857142,28.307692307692307,1.2231718898385564,False
39,Kaliningrad Oblast,74,"Other professional, scientific and technical activities",7,13,11.714285714285714,13.5,1.152439024390244,False
39,Kaliningrad Oblast,75,Veterinary activities,4,7,1.5714285714285714,1.7692307692307692,1.1258741258741258,False
39,Kaliningrad Oblast,77,Rental and leasing activities,7,13,11.428571428571429,11.076923076923077,0.9692307692307692,False
39,Kaliningrad Oblast,78,Employment activities,7,13,5.285714285714286,4.153846153846153,0.7858627858627858,False
39,Kaliningrad Oblast,79,Travel agency and reservation services,7,13,5.571428571428571,6.846153846153846,1.2287968441814596,False
39,Kaliningrad Oblast,80,Security and investigation activities,4,10,2.7142857142857144,2.142857142857143,0.7894736842105262,False
39,Kaliningrad Oblast,81,Services to buildings and landscape activities,7,13,8.428571428571429,9.642857142857144,1.1440677966101696,False
39,Kaliningrad Oblast,82,Office administrative and business support activities,7,13,9.428571428571429,14.461538461538462,1.5337995337995338,False
39,Kaliningrad Oblast,84,Public administration and defence; compulsory social security,3,1,1.5714285714285714,1.0769230769230769,,True
39,Kaliningrad Oblast,85,Education,7,13,16.857142857142858,16.46153846153846,0.9765319426336374,False
39,Kaliningrad Oblast,86,Human health activities,7,13,3.8750000000000004,5.142857142857143,1.327188940092166,False
39,Kaliningrad Oblast,87,Residential care activities,1,1,1.1428571428571428,1.0769230769230769,,True
39,Kaliningrad Oblast,88,Social work activities without accommodation,4,9,1.8571428571428572,2.230769230769231,1.2011834319526626,False
39,Kaliningrad Oblast,90,"Creative, arts and entertainment activities",6,12,5.285714285714286,5.846153846153846,1.106029106029106,False
39,Kaliningrad Oblast,91,"Libraries, archives, museums and other cultural activities",1,9,1.2857142857142856,1.7692307692307692,,True
39,Kaliningrad Oblast,92,Gambling and betting activities,0,0,1.0,1.0,,True
39,Kaliningrad Oblast,93,Sports activities and amusement and recreation,7,13,12.0,13.846153846153847,1.153846153846154,False
39,Kaliningrad Oblast,94,Activities of membership organisations,3,4,1.4285714285714286,1.3846153846153846,0.9692307692307692,False
39,Kaliningrad Oblast,95,"Repair of computers, personal and household goods",7,13,7.0,5.2857142857142865,0.7551020408163266,False
39,Kaliningrad Oblast,96,Other personal service activities,7,13,27.0,32.53846153846154,1.2051282051282053,False
39,Kaliningrad Oblast,98,OKVED 98,0,1,1.0,1.0769230769230769,,True
39,Kaliningrad Oblast,99,Activities of extraterritorial organisations and bodies,0,0,1.0,1.0,,True
40,Kaluga Oblast,01,Crop and animal production,7,13,11.333333333333334,14.76923076923077,1.3031674208144797,False
40,Kaluga Oblast,02,Forestry and logging,7,10,3.142857142857143,2.6153846153846154,0.8321678321678322,False
40,Kaluga Oblast,03,Fishing and aquaculture,2,6,1.4285714285714286,1.6923076923076923,,True
40,Kaluga Oblast,07,OKVED 07,0,1,1.0,1.0769230769230769,,True
40,Kaluga Oblast,08,Other mining and quarrying,5,9,2.142857142857143,2.0769230769230766,0.9692307692307691,False
40,Kaluga Oblast,09,Mining support services,1,1,1.1428571428571428,1.0769230769230769,,True
40,Kaluga Oblast,10,Manufacture of food products,7,13,8.571428571428571,9.285714285714286,1.0833333333333335,False
40,Kaluga Oblast,11,Manufacture of beverages,3,8,1.4285714285714286,1.8461538461538463,1.2923076923076924,False
40,Kaluga Oblast,12,Manufacture of tobacco products,0,0,1.0,1.0,,True
40,Kaluga Oblast,13,Manufacture of textiles,3,8,1.5714285714285714,2.1538461538461537,1.3706293706293706,False
40,Kaluga Oblast,14,Manufacture of wearing apparel,7,13,4.0,4.071428571428572,1.017857142857143,False
40,Kaluga Oblast,15,Manufacture of leather and related products,2,3,1.2857142857142856,1.2307692307692308,,True
40,Kaluga Oblast,16,Wood processing,7,13,6.0,4.6923076923076925,0.782051282051282,False
40,Kaluga Oblast,17,Manufacture of paper and paper products,2,6,1.7142857142857144,1.7692307692307692,,True
40,Kaluga Oblast,18,Printing and reproduction of recorded media,6,8,2.571428571428571,2.3846153846153846,0.9273504273504274,False
40,Kaluga Oblast,19,Manufacture of coke and refined petroleum products,1,0,1.1428571428571428,1.0,,True
40,Kaluga Oblast,20,Manufacture of chemicals and chemical products,4,10,1.5714285714285714,2.230769230769231,1.4195804195804196,False
40,Kaluga Oblast,21,Manufacture of pharmaceutical products,1,2,1.1428571428571428,1.1538461538461537,,True
40,Kaluga Oblast,22,Manufacture of rubber and plastic products,7,12,3.857142857142857,3.4615384615384617,0.8974358974358975,False
40,Kaluga Oblast,23,Other non-metallic mineral products,6,10,4.0,3.0,0.75,False
40,Kaluga Oblast,24,Manufacture of basic metals,2,1,1.2857142857142856,1.1538461538461537,,True
40,Kaluga Oblast,25,Manufacture of fabricated metal products,7,13,9.142857142857142,9.153846153846153,1.0012019230769231,False
40,Kaluga Oblast,26,"Manufacture of computer, electronic and optical products",5,8,2.0,2.6153846153846154,1.3076923076923077,False
40,Kaluga Oblast,27,Manufacture of electrical equipment,5,4,2.0,1.4615384615384617,0.7307692307692308,False
40,Kaluga Oblast,28,Manufacture of machinery and equipment n.e.c.,7,9,2.7142857142857144,2.0,0.7368421052631579,False
40,Kaluga Oblast,29,Manufacture of motor vehicles and trailers,1,4,1.1428571428571428,1.3076923076923077,,True
40,Kaluga Oblast,30,Manufacture of other transport equipment,4,3,1.7142857142857144,1.2307692307692308,0.717948717948718,False
40,Kaluga Oblast,31,Manufacture of furniture,7,13,4.142857142857142,4.461538461538462,1.076923076923077,False
40,Kaluga Oblast,32,Other manufacturing,6,13,3.142857142857143,3.230769230769231,1.027972027972028,False
40,Kaluga Oblast,33,Repair and installation of machinery and equipment,7,13,5.571428571428571,6.076923076923077,1.0907297830374754,False
40,Kaluga Oblast,35,"Electricity, gas, steam and air conditioning supply",2,7,1.2857142857142856,1.5,,True
40,Kaluga Oblast,36,"Water collection, treatment and supply",0,3,1.0,1.2307692307692308,,True
40,Kaluga Oblast,37,Sewerage,0,2,1.0,1.1538461538461537,,True
40,Kaluga Oblast,38,"Waste collection, treatment and disposal",5,9,2.2857142857142856,2.6923076923076925,1.1778846153846156,False
40,Kaluga Oblast,39,Remediation activities,0,0,1.0,1.0,,True
40,Kaluga Oblast,41,Construction of buildings,7,13,29.5,32.8235294117647,1.1126620139581256,False
40,Kaluga Oblast,42,Civil engineering,7,13,6.285714285714286,6.6923076923076925,1.0646853146853148,False
40,Kaluga Oblast,43,Specialised construction activities,7,13,49.142857142857146,51.92307692307692,1.0565742397137745,False
40,Kaluga Oblast,45,Sale and repair of motor vehicles and motorcycles,7,13,21.142857142857142,29.923076923076923,1.4152806652806653,False
40,Kaluga Oblast,46,Wholesale trade,7,13,36.857142857142854,24.235294117647058,0.657546739626083,False
40,Kaluga Oblast,47,Retail trade,7,13,108.625,120.00000000000001,1.1047180667433834,False
40,Kaluga Oblast,49,Land transport and pipeline transport,7,13,61.25,99.61538461538461,1.6263736263736264,False
40,Kaluga Oblast,50,Water transport,1,0,1.1428571428571428,1.0,,True
40,Kaluga Oblast,51,Air transport,0,1,1.0,1.0769230769230769,,True
40,Kaluga Oblast,52,Warehousing and transport support activities,6,13,6.428571428571429,8.357142857142858,1.3,False
40,Kaluga Oblast,53,Postal and courier activities,7,13,3.142857142857143,6.153846153846154,1.9580419580419581,False
40,Kaluga Oblast,55,Accommodation,7,13,4.0,4.0,1.0,False
40,Kaluga Oblast,56,Food and beverage service activities,7,13,38.57142857142857,17.387096774193548,0.45077658303464757,False
40,Kaluga Oblast,58,Publishing activities,2,4,1.2857142857142856,1.6923076923076923,,True
40,Kaluga Oblast,59,"Motion picture, video and television production",7,12,3.5714285714285716,3.8461538461538463,1.0769230769230769,False
40,Kaluga Oblast,60,Programming and broadcasting activities,0,2,1.0,1.3846153846153846,,True
40,Kaluga Oblast,61,Telecommunications,6,6,2.0,1.5384615384615383,0.7692307692307692,False
40,Kaluga Oblast,62,"Computer programming, consultancy and related activities",7,13,16.42857142857143,21.923076923076923,1.3344481605351168,False
40,Kaluga Oblast,63,Information service activities,7,13,8.0,13.153846153846153,1.6442307692307692,False
40,Kaluga Oblast,64,"Financial service activities, except insurance and pension funding",3,7,1.5714285714285714,1.7692307692307692,1.1258741258741258,False
40,Kaluga Oblast,65,"Insurance, reinsurance and pension funding",1,1,1.1428571428571428,1.0769230769230769,,True
40,Kaluga Oblast,66,Auxiliary financial services,7,12,3.142857142857143,3.5384615384615383,1.1258741258741258,False
40,Kaluga Oblast,68,Real estate activities,7,13,21.222222222222225,31.66666666666667,1.4921465968586387,False
40,Kaluga Oblast,69,Legal and accounting activities,7,13,11.428571428571429,12.692307692307692,1.110576923076923,False
40,Kaluga Oblast,70,Management consultancy activities,7,13,5.571428571428571,9.461538461538462,1.698224852071006,False
40,Kaluga Oblast,71,Architectural and engineering activities,7,13,8.285714285714285,10.307692307692308,1.244031830238727,False
40,Kaluga Oblast,72,Scientific research and development,6,11,2.857142857142857,2.9230769230769234,1.0230769230769232,False
40,Kaluga Oblast,73,Advertising and market research,7,13,18.142857142857142,21.53846153846154,1.187159297395518,False
40,Kaluga Oblast,74,"Other professional, scientific and technical activities",7,13,8.428571428571429,10.642857142857144,1.2627118644067798,False
40,Kaluga Oblast,75,Veterinary activities,2,8,1.2857142857142856,2.230769230769231,,True
40,Kaluga Oblast,77,Rental and leasing activities,7,13,5.428571428571429,5.214285714285714,0.9605263157894737,False
40,Kaluga Oblast,78,Employment activities,7,12,3.75,2.9230769230769234,0.7794871794871796,False
40,Kaluga Oblast,79,Travel agency and reservation services,7,12,5.142857142857143,4.153846153846153,0.8076923076923075,False
40,Kaluga Oblast,80,Security and investigation activities,5,10,2.142857142857143,2.066666666666667,0.9644444444444445,False
40,Kaluga Oblast,81,Services to buildings and landscape activities,7,13,11.142857142857142,12.307692307692308,1.1045364891518739,False
40,Kaluga Oblast,82,Office administrative and business support activities,7,13,12.714285714285714,15.923076923076923,1.2523768366464996,False
40,Kaluga Oblast,84,Public administration and defence; compulsory social security,0,0,1.0,1.0,,True
40,Kaluga Oblast,85,Education,7,13,9.0,13.76923076923077,1.52991452991453,False
40,Kaluga Oblast,86,Human health activities,6,13,5.285714285714286,4.615384615384615,0.8731808731808731,False
40,Kaluga Oblast,87,Residential care activities,2,2,1.2857142857142856,1.1538461538461537,,True
40,Kaluga Oblast,88,Social work activities without accommodation,4,8,2.2857142857142856,1.8461538461538463,0.8076923076923078,False
40,Kaluga Oblast,90,"Creative, arts and entertainment activities",7,12,4.857142857142858,5.0,1.0294117647058822,False
40,Kaluga Oblast,91,"Libraries, archives, museums and other cultural activities",0,2,1.0,1.1538461538461537,,True
40,Kaluga Oblast,92,Gambling and betting activities,1,1,1.1428571428571428,1.0769230769230769,,True
40,Kaluga Oblast,93,Sports activities and amusement and recreation,7,13,9.0,11.0,1.2222222222222223,False
40,Kaluga Oblast,94,Activities of membership organisations,1,0,1.1428571428571428,1.0,,True
40,Kaluga Oblast,95,"Repair of computers, personal and household goods",7,13,7.428571428571429,8.0,1.0769230769230769,False
40,Kaluga Oblast,96,Other personal service activities,7,13,21.75,30.76923076923077,1.4146772767462423,False
40,Kaluga Oblast,98,OKVED 98,0,1,1.0,1.0769230769230769,,True
41,Kamchatka Krai,01,Crop and animal production,6,11,3.857142857142857,4.230769230769231,1.0968660968660968,False
41,Kamchatka Krai,02,Forestry and logging,3,3,1.5714285714285714,1.3846153846153846,0.8811188811188811,False
41,Kamchatka Krai,03,Fishing and aquaculture,6,11,3.666666666666667,5.500000000000001,1.5000000000000002,False
41,Kamchatka Krai,05,Mining of coal and lignite,0,0,1.0,1.0,,True
41,Kamchatka Krai,06,Extraction of crude petroleum and natural gas,0,0,1.0,1.0,,True
41,Kamchatka Krai,07,OKVED 07,1,3,1.1428571428571428,1.2307692307692308,,True
41,Kamchatka Krai,08,Other mining and quarrying,3,2,1.4285714285714286,1.1538461538461537,,True
41,Kamchatka Krai,09,Mining support services,0,1,1.0,1.0769230769230769,,True
41,Kamchatka Krai,10,Manufacture of food products,7,12,4.142857142857142,4.769230769230769,1.1511936339522548,False
41,Kamchatka Krai,11,Manufacture of beverages,1,4,1.1428571428571428,1.3076923076923077,,True
41,Kamchatka Krai,13,Manufacture of textiles,0,5,1.0,1.5384615384615383,,True
41,Kamchatka Krai,14,Manufacture of wearing apparel,6,5,2.0,1.4615384615384617,0.7307692307692308,False
41,Kamchatka Krai,15,Manufacture of leather and related products,0,2,1.0,1.1538461538461537,,True
41,Kamchatka Krai,16,Wood processing,0,3,1.0,1.2307692307692308,,True
41,Kamchatka Krai,17,Manufacture of paper and paper products,1,0,1.1428571428571428,1.0,,True
41,Kamchatka Krai,18,Printing and reproduction of recorded media,1,5,1.1428571428571428,1.5384615384615383,,True
41,Kamchatka Krai,19,Manufacture of coke and refined petroleum products,0,0,1.0,1.0,,True
41,Kamchatka Krai,20,Manufacture of chemicals and chemical products,0,4,1.0,1.3846153846153846,,True
41,Kamchatka Krai,22,Manufacture of rubber and plastic products,0,7,1.0,1.8461538461538463,,True
41,Kamchatka Krai,23,Other non-metallic mineral products,2,6,1.7142857142857144,1.6153846153846154,,True
41,Kamchatka Krai,24,Manufacture of basic metals,0,1,1.0,1.0769230769230769,,True
41,Kamchatka Krai,25,Manufacture of fabricated metal products,6,10,2.2857142857142856,2.3076923076923075,1.0096153846153846,False
41,Kamchatka Krai,26,"Manufacture of computer, electronic and optical products",2,2,1.2857142857142856,1.1538461538461537,,True
41,Kamchatka Krai,27,Manufacture of electrical equipment,0,0,1.0,1.0,,True
41,Kamchatka Krai,28,Manufacture of machinery and equipment n.e.c.,0,3,1.0,1.2307692307692308,,True
41,Kamchatka Krai,30,Manufacture of other transport equipment,1,4,1.2857142857142856,1.3846153846153846,,True
41,Kamchatka Krai,31,Manufacture of furniture,5,9,1.8571428571428572,2.1538461538461537,1.1597633136094674,False
41,Kamchatka Krai,32,Other manufacturing,6,6,2.857142857142857,1.6923076923076923,0.5923076923076923,False
41,Kamchatka Krai,33,Repair and installation of machinery and equipment,7,13,3.7142857142857144,4.230769230769231,1.1390532544378698,False
41,Kamchatka Krai,35,"Electricity, gas, steam and air conditioning supply",1,3,1.1428571428571428,1.2307692307692308,,True
41,Kamchatka Krai,36,"Water collection, treatment and supply",1,1,1.1428571428571428,1.0769230769230769,,True
41,Kamchatka Krai,37,Sewerage,2,2,1.2857142857142856,1.1538461538461537,,True
41,Kamchatka Krai,38,"Waste collection, treatment and disposal",3,3,1.4285714285714286,1.2307692307692308,0.8615384615384616,False
41,Kamchatka Krai,39,Remediation activities,0,0,1.0,1.0,,True
41,Kamchatka Krai,41,Construction of buildings,7,13,16.42857142857143,15.846153846153847,0.9645484949832775,False
41,Kamchatka Krai,42,Civil engineering,7,11,3.5714285714285716,3.3846153846153846,0.9476923076923076,False
41,Kamchatka Krai,43,Specialised construction activities,7,13,17.285714285714285,22.076923076923077,1.277177368086459,False
41,Kamchatka Krai,45,Sale and repair of motor vehicles and motorcycles,7,13,12.428571428571429,11.692307692307692,0.940760389036251,False
41,Kamchatka Krai,46,Wholesale trade,7,13,10.571428571428571,11.42857142857143,1.0810810810810814,False
41,Kamchatka Krai,47,Retail trade,7,13,61.285714285714285,50.611111111111114,0.8258223258223258,False
41,Kamchatka Krai,49,Land transport and pipeline transport,7,13,17.857142857142858,21.076923076923077,1.1803076923076923,False
41,Kamchatka Krai,50,Water transport,2,6,1.4285714285714286,2.230769230769231,,True
41,Kamchatka Krai,51,Air transport,0,1,1.0,1.0769230769230769,,True
41,Kamchatka Krai,52,Warehousing and transport support activities,7,13,4.714285714285714,5.076923076923077,1.0769230769230769,False
41,Kamchatka Krai,53,Postal and courier activities,4,6,1.7142857142857144,1.7692307692307692,1.032051282051282,False
41,Kamchatka Krai,55,Accommodation,7,13,4.714285714285714,4.6923076923076925,0.9953379953379954,False
41,Kamchatka Krai,56,Food and beverage service activities,7,13,12.0,13.76923076923077,1.1474358974358976,False
41,Kamchatka Krai,58,Publishing activities,1,6,1.1428571428571428,1.4615384615384617,,True
41,Kamchatka Krai,59,"Motion picture, video and television production",4,4,1.8571428571428572,1.6923076923076923,0.9112426035502958,False
41,Kamchatka Krai,60,Programming and broadcasting activities,1,0,1.1428571428571428,1.0,,True
41,Kamchatka Krai,61,Telecommunications,2,2,1.2857142857142856,1.1538461538461537,,True
41,Kamchatka Krai,62,"Computer programming, consultancy and related activities",7,13,4.571428571428571,5.769230769230769,1.2620192307692308,False
41,Kamchatka Krai,63,Information service activities,6,11,3.857142857142857,3.4615384615384617,0.8974358974358975,False
41,Kamchatka Krai,64,"Financial service activities, except insurance and pension funding",0,1,1.0,1.0769230769230769,,True
41,Kamchatka Krai,66,Auxiliary financial services,3,6,1.5714285714285714,1.6923076923076923,1.0769230769230769,False
41,Kamchatka Krai,68,Real estate activities,7,13,8.125000000000002,10.000000000000002,1.2307692307692306,False
41,Kamchatka Krai,69,Legal and accounting activities,7,13,5.857142857142857,7.769230769230769,1.326454033771107,False
41,Kamchatka Krai,70,Management consultancy activities,6,9,3.2857142857142856,2.6153846153846154,0.7959866220735786,False
41,Kamchatka Krai,71,Architectural and engineering activities,7,12,4.714285714285714,4.769230769230769,1.0116550116550116,False
41,Kamchatka Krai,72,Scientific research and development,1,0,1.1428571428571428,1.0,,True
41,Kamchatka Krai,73,Advertising and market research,7,13,6.0,9.23076923076923,1.5384615384615383,False
41,Kamchatka Krai,74,"Other professional, scientific and technical activities",6,11,3.5714285714285716,4.0,1.1199999999999999,False
41,Kamchatka Krai,75,Veterinary activities,2,3,1.2857142857142856,1.2307692307692308,,True
41,Kamchatka Krai,77,Rental and leasing activities,7,11,3.7142857142857144,3.6153846153846154,0.9733727810650887,False
41,Kamchatka Krai,78,Employment activities,3,5,1.5714285714285714,1.7692307692307692,1.1258741258741258,False
41,Kamchatka Krai,79,Travel agency and reservation services,7,13,8.714285714285715,11.384615384615385,1.3064312736443884,False
41,Kamchatka Krai,80,Security and investigation activities,3,7,1.5714285714285714,1.9285714285714284,1.227272727272727,False
41,Kamchatka Krai,81,Services to buildings and landscape activities,7,13,4.0,4.615384615384615,1.1538461538461537,False
41,Kamchatka Krai,82,Office administrative and business support activities,7,13,4.142857142857142,4.153846153846153,1.0026525198938991,False
41,Kamchatka Krai,84,Public administration and defence; compulsory social security,1,0,1.1428571428571428,1.0,,True
41,Kamchatka Krai,85,Education,7,13,5.714285714285714,7.615384615384615,1.3326923076923076,False
41,Kamchatka Krai,86,Human health activities,5,8,2.571428571428571,2.3076923076923075,0.8974358974358975,False
41,Kamchatka Krai,87,Residential care activities,0,1,1.0,1.0769230769230769,,True
41,Kamchatka Krai,88,Social work activities without accommodation,3,3,1.4285714285714286,1.2307692307692308,0.8615384615384616,False
41,Kamchatka Krai,90,"Creative, arts and entertainment activities",1,6,1.2857142857142856,1.6923076923076923,,True
41,Kamchatka Krai,91,"Libraries, archives, museums and other cultural activities",0,0,1.0,1.0,,True
41,Kamchatka Krai,92,Gambling and betting activities,0,0,1.0,1.0,,True
41,Kamchatka Krai,93,Sports activities and amusement and recreation,6,13,4.0,4.846153846153847,1.2115384615384617,False
41,Kamchatka Krai,94,Activities of membership organisations,1,1,1.1428571428571428,1.0769230769230769,,True
41,Kamchatka Krai,95,"Repair of computers, personal and household goods",7,13,3.7142857142857144,4.384615384615385,1.1804733727810652,False
41,Kamchatka Krai,96,Other personal service activities,7,13,13.571428571428571,13.214285714285714,0.9736842105263157,False
42,Kemerovo Oblast,01,Crop and animal production,7,13,13.571428571428571,14.785714285714286,1.0894736842105264,False
42,Kemerovo Oblast,02,Forestry and logging,6,13,4.285714285714286,5.0,1.1666666666666667,False
42,Kemerovo Oblast,03,Fishing and aquaculture,3,10,1.4285714285714286,2.1538461538461537,1.5076923076923077,False
42,Kemerovo Oblast,05,Mining of coal and lignite,2,4,1.2857142857142856,1.4615384615384617,,True
42,Kemerovo Oblast,06,Extraction of crude petroleum and natural gas,1,0,1.1428571428571428,1.0,,True
42,Kemerovo Oblast,07,OKVED 07,4,8,1.7142857142857144,1.9230769230769231,1.1217948717948718,False
42,Kemerovo Oblast,08,Other mining and quarrying,3,4,1.4285714285714286,1.3076923076923077,0.9153846153846154,False
42,Kemerovo Oblast,09,Mining support services,2,4,1.4285714285714286,1.4615384615384617,,True
42,Kemerovo Oblast,10,Manufacture of food products,7,13,10.1,12.125,1.2004950495049505,False
42,Kemerovo Oblast,11,Manufacture of beverages,5,2,1.7142857142857144,1.1538461538461537,,True
42,Kemerovo Oblast,12,Manufacture of tobacco products,0,1,1.0,1.0769230769230769,,True
42,Kemerovo Oblast,13,Manufacture of textiles,7,9,3.5714285714285716,3.0,0.84,False
42,Kemerovo Oblast,14,Manufacture of wearing apparel,7,13,5.142857142857143,6.066666666666667,1.1796296296296296,False
42,Kemerovo Oblast,15,Manufacture of leather and related products,0,3,1.0,1.2307692307692308,,True
42,Kemerovo Oblast,16,Wood processing,7,13,4.750000000000001,7.384615384615385,1.554655870445344,False
42,Kemerovo Oblast,17,Manufacture of paper and paper products,3,2,1.4285714285714286,1.2307692307692308,,True
42,Kemerovo Oblast,18,Printing and reproduction of recorded media,4,12,1.8571428571428572,3.230769230769231,1.7396449704142012,False
42,Kemerovo Oblast,19,Manufacture of coke and refined petroleum products,2,0,1.2857142857142856,1.0,,True
42,Kemerovo Oblast,20,Manufacture of chemicals and chemical products,5,9,2.7142857142857144,3.3076923076923075,1.2186234817813764,False
42,Kemerovo Oblast,21,Manufacture of pharmaceutical products,1,3,1.1428571428571428,1.2307692307692308,,True
42,Kemerovo Oblast,22,Manufacture of rubber and plastic products,6,12,3.142857142857143,3.230769230769231,1.027972027972028,False
42,Kemerovo Oblast,23,Other non-metallic mineral products,6,12,3.2857142857142856,4.384615384615385,1.3344481605351173,False
42,Kemerovo Oblast,24,Manufacture of basic metals,2,2,1.2857142857142856,1.1538461538461537,,True
42,Kemerovo Oblast,25,Manufacture of fabricated metal products,7,13,12.285714285714286,11.923076923076923,0.9704830053667263,False
42,Kemerovo Oblast,26,"Manufacture of computer, electronic and optical products",4,4,1.7142857142857144,1.3846153846153846,0.8076923076923076,False
42,Kemerovo Oblast,27,Manufacture of electrical equipment,2,7,1.2857142857142856,1.6923076923076923,,True
42,Kemerovo Oblast,28,Manufacture of machinery and equipment n.e.c.,6,10,2.571428571428571,2.3846153846153846,0.9273504273504274,False
42,Kemerovo Oblast,29,Manufacture of motor vehicles and trailers,4,3,1.5714285714285714,1.4615384615384617,0.9300699300699302,False
42,Kemerovo Oblast,30,Manufacture of other transport equipment,6,4,2.142857142857143,1.5384615384615383,0.717948717948718,False
42,Kemerovo Oblast,31,Manufacture of furniture,7,13,9.0,8.692307692307693,0.9658119658119659,False
42,Kemerovo Oblast,32,Other manufacturing,7,13,6.0,6.076923076923077,1.0128205128205128,False
42,Kemerovo Oblast,33,Repair and installation of machinery and equipment,7,13,7.750000000000001,10.461538461538462,1.3498759305210917,False
42,Kemerovo Oblast,35,"Electricity, gas, steam and air conditioning supply",5,9,1.2222222222222223,2.0714285714285716,1.6948051948051948,False
42,Kemerovo Oblast,36,"Water collection, treatment and supply",2,0,1.2857142857142856,1.0,,True
42,Kemerovo Oblast,37,Sewerage,3,8,1.5714285714285714,1.9230769230769231,1.2237762237762237,False
42,Kemerovo Oblast,38,"Waste collection, treatment and disposal",7,11,3.857142857142857,2.9230769230769234,0.7578347578347578,False
42,Kemerovo Oblast,39,Remediation activities,0,3,1.0,1.2307692307692308,,True
42,Kemerovo Oblast,41,Construction of buildings,7,13,49.857142857142854,45.0,0.9025787965616047,False
42,Kemerovo Oblast,42,Civil engineering,7,13,8.285714285714285,8.0,0.9655172413793105,False
42,Kemerovo Oblast,43,Specialised construction activities,7,13,89.14285714285714,83.0,0.9310897435897436,False
42,Kemerovo Oblast,45,Sale and repair of motor vehicles and motorcycles,7,13,42.44444444444445,53.92857142857144,1.2705684367988033,False
42,Kemerovo Oblast,46,Wholesale trade,7,13,38.8,31.90909090909091,0.8223992502343018,False
42,Kemerovo Oblast,47,Retail trade,7,13,257.72727272727275,132.3,0.5133333333333333,False
42,Kemerovo Oblast,49,Land transport and pipeline transport,7,13,112.14285714285714,118.8,1.0593630573248407,False
42,Kemerovo Oblast,50,Water transport,1,2,1.1428571428571428,1.1538461538461537,,True
42,Kemerovo Oblast,51,Air transport,0,1,1.0,1.0769230769230769,,True
42,Kemerovo Oblast,52,Warehousing and transport support activities,7,13,13.428571428571429,14.142857142857142,1.053191489361702,False
42,Kemerovo Oblast,53,Postal and courier activities,7,13,4.857142857142858,8.538461538461538,1.7579185520361988,False
42,Kemerovo Oblast,55,Accommodation,7,13,4.285714285714286,5.142857142857143,1.2000000000000002,False
42,Kemerovo Oblast,56,Food and beverage service activities,7,13,42.0,32.44444444444445,0.7724867724867727,False
42,Kemerovo Oblast,58,Publishing activities,5,8,2.2857142857142856,1.9230769230769231,0.841346153846154,False
42,Kemerovo Oblast,59,"Motion picture, video and television production",7,13,4.0,6.0,1.5,False
42,Kemerovo Oblast,60,Programming and broadcasting activities,2,4,1.2857142857142856,1.3076923076923077,,True
42,Kemerovo Oblast,61,Telecommunications,7,9,3.2500000000000004,1.7857142857142858,0.5494505494505494,False
42,Kemerovo Oblast,62,"Computer programming, consultancy and related activities",7,13,30.0,37.15384615384615,1.2384615384615385,False
42,Kemerovo Oblast,63,Information service activities,7,13,14.571428571428571,30.46153846153846,2.090497737556561,False
42,Kemerovo Oblast,64,"Financial service activities, except insurance and pension funding",7,8,2.571428571428571,2.0769230769230766,0.8076923076923077,False
42,Kemerovo Oblast,65,"Insurance, reinsurance and pension funding",1,1,1.1428571428571428,1.0769230769230769,,True
42,Kemerovo Oblast,66,Auxiliary financial services,7,13,4.125,5.769230769230769,1.3986013986013985,False
42,Kemerovo Oblast,68,Real estate activities,7,13,36.0,50.07142857142857,1.3908730158730158,False
42,Kemerovo Oblast,69,Legal and accounting activities,7,13,24.0,23.214285714285715,0.9672619047619048,False
42,Kemerovo Oblast,70,Management consultancy activities,7,13,11.571428571428571,15.714285714285715,1.3580246913580247,False
42,Kemerovo Oblast,71,Architectural and engineering activities,7,13,15.0,15.23076923076923,1.0153846153846153,False
42,Kemerovo Oblast,72,Scientific research and development,7,12,4.857142857142858,4.615384615384615,0.9502262443438912,False
42,Kemerovo Oblast,73,Advertising and market research,7,13,47.285714285714285,67.35714285714286,1.4244712990936557,False
42,Kemerovo Oblast,74,"Other professional, scientific and technical activities",7,13,16.0,23.923076923076923,1.4951923076923077,False
42,Kemerovo Oblast,75,Veterinary activities,4,10,1.5714285714285714,2.1538461538461537,1.3706293706293706,False
42,Kemerovo Oblast,77,Rental and leasing activities,7,13,12.25,11.857142857142858,0.967930029154519,False
42,Kemerovo Oblast,78,Employment activities,7,13,7.714285714285714,5.529411764705882,0.7167755991285403,False
42,Kemerovo Oblast,79,Travel agency and reservation services,7,13,6.714285714285714,5.769230769230769,0.8592471358428805,False
42,Kemerovo Oblast,80,Security and investigation activities,7,11,2.1999999999999997,3.230769230769231,1.4685314685314688,False
42,Kemerovo Oblast,81,Services to buildings and landscape activities,7,13,11.0,15.26666666666667,1.3878787878787882,False
42,Kemerovo Oblast,82,Office administrative and business support activities,7,13,25.714285714285715,96.15384615384616,3.7393162393162394,False
42,Kemerovo Oblast,84,Public administration and defence; compulsory social security,2,2,1.2857142857142856,1.2307692307692308,,True
42,Kemerovo Oblast,85,Education,7,13,20.142857142857142,23.384615384615383,1.1609383524277141,False
42,Kemerovo Oblast,86,Human health activities,7,13,9.428571428571429,8.285714285714286,0.8787878787878789,False
42,Kemerovo Oblast,87,Residential care activities,1,4,1.1428571428571428,1.3076923076923077,,True
42,Kemerovo Oblast,88,Social work activities without accommodation,6,11,2.857142857142857,2.769230769230769,0.9692307692307692,False
42,Kemerovo Oblast,90,"Creative, arts and entertainment activities",7,13,7.0,6.615384615384615,0.945054945054945,False
42,Kemerovo Oblast,91,"Libraries, archives, museums and other cultural activities",0,1,1.0,1.0769230769230769,,True
42,Kemerovo Oblast,92,Gambling and betting activities,0,1,1.0,1.0769230769230769,,True
42,Kemerovo Oblast,93,Sports activities and amusement and recreation,7,13,25.142857142857142,23.23076923076923,0.923951048951049,False
42,Kemerovo Oblast,94,Activities of membership organisations,2,4,1.5714285714285714,1.3076923076923077,,True
42,Kemerovo Oblast,95,"Repair of computers, personal and household goods",7,13,16.142857142857142,16.46153846153846,1.0197413206262762,False
42,Kemerovo Oblast,96,Other personal service activities,7,13,65.85714285714286,77.76923076923077,1.180877690639079,False
42,Kemerovo Oblast,97,Activities of households as employers,1,2,1.1428571428571428,1.1538461538461537,,True
42,Kemerovo Oblast,98,OKVED 98,0,1,1.0,1.0769230769230769,,True
43,Kirov Oblast,01,Crop and animal production,7,13,8.428571428571429,6.928571428571429,0.8220338983050848,False
43,Kirov Oblast,02,Forestry and logging,7,13,6.142857142857143,7.230769230769231,1.1771019677996422,False
43,Kirov Oblast,03,Fishing and aquaculture,1,4,1.1428571428571428,1.3076923076923077,,True
43,Kirov Oblast,06,Extraction of crude petroleum and natural gas,1,0,1.1428571428571428,1.0,,True
43,Kirov Oblast,08,Other mining and quarrying,1,5,1.2857142857142856,1.4615384615384617,,True
43,Kirov Oblast,09,Mining support services,0,1,1.0,1.0769230769230769,,True
43,Kirov Oblast,10,Manufacture of food products,7,12,5.714285714285714,4.533333333333334,0.7933333333333334,False
43,Kirov Oblast,11,Manufacture of beverages,2,5,1.2857142857142856,1.4615384615384617,,True
43,Kirov Oblast,12,Manufacture of tobacco products,0,1,1.0,1.0769230769230769,,True
43,Kirov Oblast,13,Manufacture of textiles,6,10,2.0,2.1538461538461537,1.0769230769230769,False
43,Kirov Oblast,14,Manufacture of wearing apparel,7,13,5.285714285714286,4.533333333333334,0.8576576576576578,False
43,Kirov Oblast,15,Manufacture of leather and related products,3,2,1.25,1.142857142857143,,True
43,Kirov Oblast,16,Wood processing,7,13,7.555555555555555,9.625,1.2738970588235294,False
43,Kirov Oblast,17,Manufacture of paper and paper products,1,3,1.1428571428571428,1.3076923076923077,,True
43,Kirov Oblast,18,Printing and reproduction of recorded media,4,12,1.8571428571428572,2.769230769230769,1.4911242603550294,False
43,Kirov Oblast,19,Manufacture of coke and refined petroleum products,0,0,1.0,1.0,,True
43,Kirov Oblast,20,Manufacture of chemicals and chemical products,5,10,2.428571428571429,2.4615384615384617,1.0135746606334841,False
43,Kirov Oblast,21,Manufacture of pharmaceutical products,1,1,1.1428571428571428,1.0769230769230769,,True
43,Kirov Oblast,22,Manufacture of rubber and plastic products,5,8,2.428571428571429,2.2142857142857144,0.9117647058823529,False
43,Kirov Oblast,23,Other non-metallic mineral products,6,12,2.428571428571429,2.357142857142857,0.9705882352941175,False
43,Kirov Oblast,24,Manufacture of basic metals,2,1,1.2857142857142856,1.0769230769230769,,True
43,Kirov Oblast,25,Manufacture of fabricated metal products,7,13,9.428571428571429,8.285714285714286,0.8787878787878789,False
43,Kirov Oblast,26,"Manufacture of computer, electronic and optical products",2,6,1.7142857142857144,1.6153846153846154,,True
43,Kirov Oblast,27,Manufacture of electrical equipment,3,3,1.4285714285714286,1.2142857142857144,0.8500000000000001,False
43,Kirov Oblast,28,Manufacture of machinery and equipment n.e.c.,5,10,2.142857142857143,2.8461538461538463,1.3282051282051284,False
43,Kirov Oblast,29,Manufacture of motor vehicles and trailers,1,2,1.1428571428571428,1.1538461538461537,,True
43,Kirov Oblast,30,Manufacture of other transport equipment,1,2,1.1428571428571428,1.1538461538461537,,True
43,Kirov Oblast,31,Manufacture of furniture,7,13,6.375,5.6923076923076925,0.8929110105580694,False
43,Kirov Oblast,32,Other manufacturing,5,12,2.857142857142857,4.230769230769231,1.4807692307692308,False
43,Kirov Oblast,33,Repair and installation of machinery and equipment,7,13,4.142857142857142,5.153846153846154,1.244031830238727,False
43,Kirov Oblast,35,"Electricity, gas, steam and air conditioning supply",3,7,1.5714285714285714,1.4285714285714286,0.9090909090909092,False
43,Kirov Oblast,36,"Water collection, treatment and supply",3,1,1.5714285714285714,1.0769230769230769,,True
43,Kirov Oblast,37,Sewerage,1,2,1.2857142857142856,1.1538461538461537,,True
43,Kirov Oblast,38,"Waste collection, treatment and disposal",6,7,2.571428571428571,1.9230769230769231,0.747863247863248,False
43,Kirov Oblast,39,Remediation activities,0,0,1.0,1.0,,True
43,Kirov Oblast,41,Construction of buildings,7,13,22.77777777777778,25.46153846153846,1.117823639774859,False
43,Kirov Oblast,42,Civil engineering,7,13,5.142857142857143,5.769230769230769,1.1217948717948718,False
43,Kirov Oblast,43,Specialised construction activities,7,13,43.0,43.53846153846154,1.0125223613595706,False
43,Kirov Oblast,45,Sale and repair of motor vehicles and motorcycles,7,13,20.142857142857142,18.8125,0.9339539007092199,False
43,Kirov Oblast,46,Wholesale trade,7,13,32.44444444444445,27.437499999999996,0.8456763698630134,False
43,Kirov Oblast,47,Retail trade,7,13,106.0,74.83333333333333,0.7059748427672956,False
43,Kirov Oblast,49,Land transport and pipeline transport,7,13,56.57142857142857,68.0,1.202020202020202,False
43,Kirov Oblast,50,Water transport,0,1,1.0,1.0769230769230769,,True
43,Kirov Oblast,51,Air transport,0,1,1.0,1.0769230769230769,,True
43,Kirov Oblast,52,Warehousing and transport support activities,7,13,6.714285714285714,6.066666666666667,0.9035460992907802,False
43,Kirov Oblast,53,Postal and courier activities,6,12,2.142857142857143,4.6923076923076925,2.18974358974359,False
43,Kirov Oblast,55,Accommodation,6,9,2.2857142857142856,2.1538461538461537,0.9423076923076923,False
43,Kirov Oblast,56,Food and beverage service activities,7,13,18.875000000000004,17.0,0.900662251655629,False
43,Kirov Oblast,58,Publishing activities,4,6,2.2857142857142856,1.6153846153846154,0.7067307692307693,False
43,Kirov Oblast,59,"Motion picture, video and television production",6,12,3.2857142857142856,4.153846153846153,1.2642140468227423,False
43,Kirov Oblast,60,Programming and broadcasting activities,0,0,1.0,1.0,,True
43,Kirov Oblast,61,Telecommunications,3,4,1.5714285714285714,1.3076923076923077,0.8321678321678322,False
43,Kirov Oblast,62,"Computer programming, consultancy and related activities",7,13,13.0,19.846153846153847,1.5266272189349113,False
43,Kirov Oblast,63,Information service activities,7,13,7.571428571428571,12.23076923076923,1.6153846153846154,False
43,Kirov Oblast,64,"Financial service activities, except insurance and pension funding",3,4,1.5714285714285714,1.3076923076923077,0.8321678321678322,False
43,Kirov Oblast,65,"Insurance, reinsurance and pension funding",0,0,1.0,1.0,,True
43,Kirov Oblast,66,Auxiliary financial services,2,7,1.4285714285714286,2.230769230769231,,True
43,Kirov Oblast,68,Real estate activities,7,13,23.571428571428573,23.06666666666667,0.9785858585858587,False
43,Kirov Oblast,69,Legal and accounting activities,7,13,9.0,12.23076923076923,1.3589743589743588,False
43,Kirov Oblast,70,Management consultancy activities,7,13,5.571428571428571,8.384615384615385,1.5049309664694281,False
43,Kirov Oblast,71,Architectural and engineering activities,7,13,7.857142857142857,6.785714285714286,0.8636363636363636,False
43,Kirov Oblast,72,Scientific research and development,5,5,1.7142857142857144,1.9230769230769231,1.1217948717948718,False
43,Kirov Oblast,73,Advertising and market research,7,13,18.000000000000004,29.384615384615383,1.632478632478632,False
43,Kirov Oblast,74,"Other professional, scientific and technical activities",7,13,6.857142857142857,12.76923076923077,1.8621794871794874,False
43,Kirov Oblast,75,Veterinary activities,2,7,1.4285714285714286,1.6153846153846154,,True
43,Kirov Oblast,77,Rental and leasing activities,7,13,4.714285714285714,5.0,1.0606060606060606,False
43,Kirov Oblast,78,Employment activities,6,13,2.857142857142857,3.6923076923076925,1.2923076923076924,False
43,Kirov Oblast,79,Travel agency and reservation services,6,12,3.2857142857142856,3.769230769230769,1.1471571906354516,False
43,Kirov Oblast,80,Security and investigation activities,3,6,1.8571428571428572,1.4615384615384617,0.7869822485207101,False
43,Kirov Oblast,81,Services to buildings and landscape activities,7,13,5.857142857142857,7.461538461538462,1.2739212007504692,False
43,Kirov Oblast,82,Office administrative and business support activities,7,13,60.857142857142854,130.6153846153846,2.14626218851571,False
43,Kirov Oblast,84,Public administration and defence; compulsory social security,1,2,1.1428571428571428,1.1538461538461537,,True
43,Kirov Oblast,85,Education,7,13,12.428571428571429,11.714285714285715,0.942528735632184,False
43,Kirov Oblast,86,Human health activities,7,13,4.571428571428571,4.6923076923076925,1.0264423076923077,False
43,Kirov Oblast,87,Residential care activities,0,1,1.0,1.0769230769230769,,True
43,Kirov Oblast,88,Social work activities without accommodation,6,7,2.142857142857143,1.6923076923076923,0.7897435897435897,False
43,Kirov Oblast,90,"Creative, arts and entertainment activities",7,12,4.0,3.6923076923076925,0.9230769230769231,False
43,Kirov Oblast,91,"Libraries, archives, museums and other cultural activities",0,1,1.0,1.0769230769230769,,True
43,Kirov Oblast,92,Gambling and betting activities,0,1,1.0,1.0769230769230769,,True
43,Kirov Oblast,93,Sports activities and amusement and recreation,7,13,8.857142857142858,9.615384615384615,1.08560794044665,False
43,Kirov Oblast,94,Activities of membership organisations,1,4,1.1428571428571428,1.3846153846153846,,True
43,Kirov Oblast,95,"Repair of computers, personal and household goods",7,13,7.285714285714286,7.153846153846154,0.9819004524886878,False
43,Kirov Oblast,96,Other personal service activities,7,13,22.142857142857142,26.384615384615383,1.1915632754342431,False
44,Kostroma Oblast,01,Crop and animal production,7,13,3.666666666666667,5.0,1.3636363636363635,False
44,Kostroma Oblast,02,Forestry and logging,6,13,3.4285714285714284,3.071428571428571,0.8958333333333333,False
44,Kostroma Oblast,03,Fishing and aquaculture,4,2,1.5714285714285714,1.1538461538461537,,True
44,Kostroma Oblast,08,Other mining and quarrying,3,2,1.5714285714285714,1.3076923076923077,,True
44,Kostroma Oblast,10,Manufacture of food products,6,13,2.875,3.428571428571429,1.1925465838509317,False
44,Kostroma Oblast,11,Manufacture of beverages,1,1,1.1428571428571428,1.0769230769230769,,True
44,Kostroma Oblast,12,Manufacture of tobacco products,0,0,1.0,1.0,,True
44,Kostroma Oblast,13,Manufacture of textiles,5,7,2.2857142857142856,1.5,0.65625,False
44,Kostroma Oblast,14,Manufacture of wearing apparel,7,11,3.857142857142857,3.0000000000000004,0.7777777777777779,False
44,Kostroma Oblast,15,Manufacture of leather and related products,4,0,1.5714285714285714,1.0,,True
44,Kostroma Oblast,16,Wood processing,7,13,5.125,5.666666666666667,1.1056910569105691,False
44,Kostroma Oblast,17,Manufacture of paper and paper products,1,1,1.1428571428571428,1.0769230769230769,,True
44,Kostroma Oblast,18,Printing and reproduction of recorded media,1,6,1.1428571428571428,1.4615384615384617,,True
44,Kostroma Oblast,20,Manufacture of chemicals and chemical products,2,9,1.2857142857142856,2.1538461538461537,,True
44,Kostroma Oblast,21,Manufacture of pharmaceutical products,0,0,1.0,1.0,,True
44,Kostroma Oblast,22,Manufacture of rubber and plastic products,3,6,1.5714285714285714,1.5384615384615383,0.979020979020979,False
44,Kostroma Oblast,23,Other non-metallic mineral products,5,7,2.0,1.5384615384615383,0.7692307692307692,False
44,Kostroma Oblast,24,Manufacture of basic metals,1,2,1.1428571428571428,1.2307692307692308,,True
44,Kostroma Oblast,25,Manufacture of fabricated metal products,7,12,2.4444444444444446,3.230769230769231,1.3216783216783217,False
44,Kostroma Oblast,26,"Manufacture of computer, electronic and optical products",0,1,1.0,1.0769230769230769,,True
44,Kostroma Oblast,27,Manufacture of electrical equipment,0,3,1.0,1.2307692307692308,,True
44,Kostroma Oblast,28,Manufacture of machinery and equipment n.e.c.,1,6,1.2857142857142856,1.4615384615384617,,True
44,Kostroma Oblast,29,Manufacture of motor vehicles and trailers,0,0,1.0,1.0,,True
44,Kostroma Oblast,30,Manufacture of other transport equipment,1,1,1.1428571428571428,1.0769230769230769,,True
44,Kostroma Oblast,31,Manufacture of furniture,6,12,2.571428571428571,2.5333333333333337,0.9851851851851854,False
44,Kostroma Oblast,32,Other manufacturing,7,13,8.285714285714285,7.0,0.8448275862068967,False
44,Kostroma Oblast,33,Repair and installation of machinery and equipment,6,9,2.857142857142857,2.0769230769230766,0.7269230769230768,False
44,Kostroma Oblast,35,"Electricity, gas, steam and air conditioning supply",5,5,2.0,1.4615384615384617,0.7307692307692308,False
44,Kostroma Oblast,36,"Water collection, treatment and supply",1,0,1.1428571428571428,1.0,,True
44,Kostroma Oblast,37,Sewerage,1,0,1.1428571428571428,1.0,,True
44,Kostroma Oblast,38,"Waste collection, treatment and disposal",5,6,2.2857142857142856,1.7692307692307692,0.7740384615384616,False
44,Kostroma Oblast,39,Remediation activities,0,0,1.0,1.0,,True
44,Kostroma Oblast,41,Construction of buildings,7,13,18.142857142857142,14.533333333333335,0.8010498687664043,False
44,Kostroma Oblast,42,Civil engineering,5,12,2.75,3.1538461538461537,1.1468531468531469,False
44,Kostroma Oblast,43,Specialised construction activities,7,13,19.142857142857142,20.642857142857142,1.078358208955224,False
44,Kostroma Oblast,45,Sale and repair of motor vehicles and motorcycles,7,13,10.142857142857142,10.357142857142858,1.0211267605633805,False
44,Kostroma Oblast,46,Wholesale trade,7,13,17.857142857142858,11.19047619047619,0.6266666666666666,False
44,Kostroma Oblast,47,Retail trade,7,13,56.25,43.57142857142857,0.7746031746031745,False
44,Kostroma Oblast,49,Land transport and pipeline transport,7,13,26.0,38.53846153846154,1.4822485207100593,False
44,Kostroma Oblast,50,Water transport,1,0,1.1428571428571428,1.0,,True
44,Kostroma Oblast,52,Warehousing and transport support activities,7,12,3.0,3.4615384615384617,1.153846153846154,False
44,Kostroma Oblast,53,Postal and courier activities,3,6,1.5714285714285714,2.0,1.2727272727272727,False
44,Kostroma Oblast,55,Accommodation,3,10,1.7142857142857144,1.9230769230769231,1.1217948717948718,False
44,Kostroma Oblast,56,Food and beverage service activities,7,13,9.0,9.05,1.0055555555555555,False
44,Kostroma Oblast,58,Publishing activities,2,1,1.2857142857142856,1.0769230769230769,,True
44,Kostroma Oblast,59,"Motion picture, video and television production",3,9,1.5714285714285714,2.3846153846153846,1.5174825174825175,False
44,Kostroma Oblast,60,Programming and broadcasting activities,0,1,1.0,1.1538461538461537,,True
44,Kostroma Oblast,61,Telecommunications,1,0,1.1428571428571428,1.0,,True
44,Kostroma Oblast,62,"Computer programming, consultancy and related activities",7,13,7.428571428571429,8.384615384615385,1.128698224852071,False
44,Kostroma Oblast,63,Information service activities,7,12,4.142857142857142,6.0,1.4482758620689657,False
44,Kostroma Oblast,64,"Financial service activities, except insurance and pension funding",3,2,1.4285714285714286,1.1538461538461537,,True
44,Kostroma Oblast,65,"Insurance, reinsurance and pension funding",0,0,1.0,1.0,,True
44,Kostroma Oblast,66,Auxiliary financial services,3,7,1.8571428571428572,1.9230769230769231,1.0355029585798816,False
44,Kostroma Oblast,68,Real estate activities,7,13,11.857142857142858,10.000000000000002,0.8433734939759038,False
44,Kostroma Oblast,69,Legal and accounting activities,7,13,4.714285714285714,4.285714285714286,0.9090909090909091,False
44,Kostroma Oblast,70,Management consultancy activities,6,11,3.7142857142857144,3.769230769230769,1.014792899408284,False
44,Kostroma Oblast,71,Architectural and engineering activities,6,10,3.7142857142857144,3.5384615384615383,0.9526627218934911,False
44,Kostroma Oblast,72,Scientific research and development,2,2,1.2857142857142856,1.1538461538461537,,True
44,Kostroma Oblast,73,Advertising and market research,7,13,10.714285714285714,15.384615384615385,1.4358974358974361,False
44,Kostroma Oblast,74,"Other professional, scientific and technical activities",7,12,4.857142857142858,6.384615384615385,1.3144796380090498,False
44,Kostroma Oblast,75,Veterinary activities,2,1,1.2857142857142856,1.0769230769230769,,True
44,Kostroma Oblast,77,Rental and leasing activities,4,9,2.0,2.3846153846153846,1.1923076923076923,False
44,Kostroma Oblast,78,Employment activities,6,8,2.142857142857143,2.3846153846153846,1.1128205128205129,False
44,Kostroma Oblast,79,Travel agency and reservation services,5,11,2.142857142857143,2.6153846153846154,1.2205128205128206,False
44,Kostroma Oblast,80,Security and investigation activities,2,3,1.25,1.142857142857143,,True
44,Kostroma Oblast,81,Services to buildings and landscape activities,6,12,2.857142857142857,4.2666666666666675,1.4933333333333336,False
44,Kostroma Oblast,82,Office administrative and business support activities,7,13,3.0,10.0,3.3333333333333335,False
44,Kostroma Oblast,84,Public administration and defence; compulsory social security,0,1,1.0,1.0769230769230769,,True
44,Kostroma Oblast,85,Education,6,13,5.142857142857143,5.538461538461538,1.0769230769230769,False
44,Kostroma Oblast,86,Human health activities,4,9,2.857142857142857,2.230769230769231,0.7807692307692308,False
44,Kostroma Oblast,87,Residential care activities,4,4,1.5714285714285714,1.3846153846153846,0.8811188811188811,False
44,Kostroma Oblast,88,Social work activities without accommodation,3,6,1.8571428571428572,1.5384615384615383,0.8284023668639052,False
44,Kostroma Oblast,90,"Creative, arts and entertainment activities",6,12,3.2857142857142856,3.8461538461538463,1.1705685618729098,False
44,Kostroma Oblast,91,"Libraries, archives, museums and other cultural activities",0,3,1.0,1.2307692307692308,,True
44,Kostroma Oblast,93,Sports activities and amusement and recreation,7,11,4.857142857142858,5.153846153846154,1.0610859728506787,False
44,Kostroma Oblast,94,Activities of membership organisations,0,1,1.0,1.0769230769230769,,True
44,Kostroma Oblast,95,"Repair of computers, personal and household goods",4,12,3.0,3.230769230769231,1.0769230769230769,False
44,Kostroma Oblast,96,Other personal service activities,7,13,10.714285714285714,12.142857142857142,1.1333333333333333,False
44,Kostroma Oblast,97,Activities of households as employers,0,2,1.0,1.1538461538461537,,True
45,Kurgan Oblast,01,Crop and animal production,7,13,8.875,10.428571428571429,1.1750503018108651,False
45,Kurgan Oblast,02,Forestry and logging,5,12,3.142857142857143,3.642857142857143,1.1590909090909092,False
45,Kurgan Oblast,03,Fishing and aquaculture,5,10,2.0,2.1538461538461537,1.0769230769230769,False
45,Kurgan Oblast,06,Extraction of crude petroleum and natural gas,0,0,1.0,1.0,,True
45,Kurgan Oblast,07,OKVED 07,0,0,1.0,1.0,,True
45,Kurgan Oblast,08,Other mining and quarrying,1,2,1.1428571428571428,1.1538461538461537,,True
45,Kurgan Oblast,09,Mining support services,0,1,1.0,1.0769230769230769,,True
45,Kurgan Oblast,10,Manufacture of food products,7,12,4.142857142857142,4.076923076923077,0.9840848806366048,False
45,Kurgan Oblast,11,Manufacture of beverages,1,3,1.1428571428571428,1.3076923076923077,,True
45,Kurgan Oblast,12,Manufacture of tobacco products,0,1,1.0,1.0769230769230769,,True
45,Kurgan Oblast,13,Manufacture of textiles,1,8,1.2857142857142856,1.6153846153846154,,True
45,Kurgan Oblast,14,Manufacture of wearing apparel,3,11,1.7142857142857144,2.5000000000000004,1.4583333333333335,False
45,Kurgan Oblast,15,Manufacture of leather and related products,1,1,1.1428571428571428,1.0769230769230769,,True
45,Kurgan Oblast,16,Wood processing,6,12,3.5714285714285716,3.928571428571429,1.1,False
45,Kurgan Oblast,17,Manufacture of paper and paper products,0,2,1.0,1.1538461538461537,,True
45,Kurgan Oblast,18,Printing and reproduction of recorded media,4,6,1.7142857142857144,2.0769230769230766,1.2115384615384612,False
45,Kurgan Oblast,19,Manufacture of coke and refined petroleum products,1,0,1.1428571428571428,1.0,,True
45,Kurgan Oblast,20,Manufacture of chemicals and chemical products,1,4,1.1428571428571428,1.3846153846153846,,True
45,Kurgan Oblast,21,Manufacture of pharmaceutical products,0,1,1.0,1.0769230769230769,,True
45,Kurgan Oblast,22,Manufacture of rubber and plastic products,5,7,1.8571428571428572,2.0,1.0769230769230769,False
45,Kurgan Oblast,23,Other non-metallic mineral products,3,7,2.142857142857143,1.9230769230769231,0.8974358974358975,False
45,Kurgan Oblast,24,Manufacture of basic metals,3,2,1.4285714285714286,1.1538461538461537,,True
45,Kurgan Oblast,25,Manufacture of fabricated metal products,7,13,3.857142857142857,5.538461538461538,1.435897435897436,False
45,Kurgan Oblast,26,"Manufacture of computer, electronic and optical products",1,3,1.1428571428571428,1.2307692307692308,,True
45,Kurgan Oblast,27,Manufacture of electrical equipment,4,2,1.5714285714285714,1.1538461538461537,,True
45,Kurgan Oblast,28,Manufacture of machinery and equipment n.e.c.,3,5,1.8571428571428572,1.6153846153846154,0.8698224852071006,False
45,Kurgan Oblast,29,Manufacture of motor vehicles and trailers,2,1,1.2857142857142856,1.0769230769230769,,True
45,Kurgan Oblast,30,Manufacture of other transport equipment,2,0,1.2857142857142856,1.0,,True
45,Kurgan Oblast,31,Manufacture of furniture,7,12,2.3750000000000004,3.6153846153846154,1.5222672064777325,False
45,Kurgan Oblast,32,Other manufacturing,5,12,2.0,2.3846153846153846,1.1923076923076923,False
45,Kurgan Oblast,33,Repair and installation of machinery and equipment,5,12,2.142857142857143,3.2142857142857144,1.5,False
45,Kurgan Oblast,35,"Electricity, gas, steam and air conditioning supply",3,8,1.5714285714285714,2.230769230769231,1.4195804195804196,False
45,Kurgan Oblast,36,"Water collection, treatment and supply",1,5,1.2857142857142856,1.3846153846153846,,True
45,Kurgan Oblast,37,Sewerage,5,5,1.8571428571428572,1.3846153846153846,0.7455621301775147,False
45,Kurgan Oblast,38,"Waste collection, treatment and disposal",4,4,1.8571428571428572,1.3076923076923077,0.7041420118343195,False
45,Kurgan Oblast,39,Remediation activities,0,0,1.0,1.0,,True
45,Kurgan Oblast,41,Construction of buildings,7,13,17.428571428571427,19.42857142857143,1.1147540983606559,False
45,Kurgan Oblast,42,Civil engineering,7,12,4.857142857142858,4.461538461538462,0.918552036199095,False
45,Kurgan Oblast,43,Specialised construction activities,7,13,29.857142857142858,31.923076923076923,1.0691939639308061,False
45,Kurgan Oblast,45,Sale and repair of motor vehicles and motorcycles,7,13,15.0,17.076923076923077,1.1384615384615384,False
45,Kurgan Oblast,46,Wholesale trade,7,13,19.285714285714285,17.125,0.8879629629629631,False
45,Kurgan Oblast,47,Retail trade,7,13,86.11111111111111,69.82608695652173,0.810883590462833,False
45,Kurgan Oblast,49,Land transport and pipeline transport,7,13,40.857142857142854,37.5625,0.9193618881118881,False
45,Kurgan Oblast,50,Water transport,0,0,1.0,1.0,,True
45,Kurgan Oblast,52,Warehousing and transport support activities,7,13,5.571428571428571,6.3076923076923075,1.1321499013806706,False
45,Kurgan Oblast,53,Postal and courier activities,6,11,3.2857142857142856,2.5384615384615383,0.7725752508361204,False
45,Kurgan Oblast,55,Accommodation,7,10,2.5,2.769230769230769,1.1076923076923078,False
45,Kurgan Oblast,56,Food and beverage service activities,7,13,10.5,14.8,1.4095238095238096,False
45,Kurgan Oblast,58,Publishing activities,3,3,1.4285714285714286,1.3076923076923077,0.9153846153846154,False
45,Kurgan Oblast,59,"Motion picture, video and television production",6,11,2.2857142857142856,2.6153846153846154,1.1442307692307694,False
45,Kurgan Oblast,60,Programming and broadcasting activities,0,2,1.0,1.2307692307692308,,True
45,Kurgan Oblast,61,Telecommunications,7,4,3.142857142857143,1.4615384615384617,0.4650349650349651,False
45,Kurgan Oblast,62,"Computer programming, consultancy and related activities",7,13,9.500000000000002,10.23076923076923,1.0769230769230766,False
45,Kurgan Oblast,63,Information service activities,7,13,6.142857142857143,7.230769230769231,1.1771019677996422,False
45,Kurgan Oblast,64,"Financial service activities, except insurance and pension funding",2,2,1.2857142857142856,1.2307692307692308,,True
45,Kurgan Oblast,66,Auxiliary financial services,4,12,2.142857142857143,2.6923076923076925,1.2564102564102566,False
45,Kurgan Oblast,68,Real estate activities,7,13,10.285714285714286,16.692307692307693,1.6228632478632479,False
45,Kurgan Oblast,69,Legal and accounting activities,6,12,4.714285714285714,7.538461538461538,1.599067599067599,False
45,Kurgan Oblast,70,Management consultancy activities,6,13,2.857142857142857,5.071428571428572,1.7750000000000001,False
45,Kurgan Oblast,71,Architectural and engineering activities,7,13,3.2857142857142856,5.538461538461538,1.68561872909699,False
45,Kurgan Oblast,72,Scientific research and development,3,2,1.5714285714285714,1.1538461538461537,,True
45,Kurgan Oblast,73,Advertising and market research,7,13,11.714285714285714,20.357142857142858,1.7378048780487807,False
45,Kurgan Oblast,74,"Other professional, scientific and technical activities",7,12,3.7142857142857144,5.923076923076923,1.5946745562130178,False
45,Kurgan Oblast,75,Veterinary activities,1,2,1.1428571428571428,1.2307692307692308,,True
45,Kurgan Oblast,77,Rental and leasing activities,7,11,2.875,3.0,1.0434782608695652,False
45,Kurgan Oblast,78,Employment activities,6,7,2.7142857142857144,2.0769230769230766,0.7651821862348177,False
45,Kurgan Oblast,79,Travel agency and reservation services,1,12,1.1428571428571428,2.6153846153846154,,True
45,Kurgan Oblast,80,Security and investigation activities,3,6,1.5714285714285714,2.0714285714285716,1.3181818181818183,False
45,Kurgan Oblast,81,Services to buildings and landscape activities,7,13,3.2857142857142856,5.230769230769231,1.5919732441471572,False
45,Kurgan Oblast,82,Office administrative and business support activities,7,13,8.571428571428571,14.705882352941176,1.7156862745098038,False
45,Kurgan Oblast,84,Public administration and defence; compulsory social security,0,0,1.0,1.0,,True
45,Kurgan Oblast,85,Education,7,12,6.714285714285714,6.6923076923076925,0.9967266775777415,False
45,Kurgan Oblast,86,Human health activities,6,10,2.7142857142857144,5.230769230769231,1.9271255060728745,False
45,Kurgan Oblast,87,Residential care activities,0,1,1.0,1.0769230769230769,,True
45,Kurgan Oblast,88,Social work activities without accommodation,3,3,1.4285714285714286,1.3846153846153846,0.9692307692307692,False
45,Kurgan Oblast,90,"Creative, arts and entertainment activities",6,12,3.2857142857142856,2.5384615384615383,0.7725752508361204,False
45,Kurgan Oblast,91,"Libraries, archives, museums and other cultural activities",0,0,1.0,1.0,,True
45,Kurgan Oblast,92,Gambling and betting activities,0,0,1.0,1.0,,True
45,Kurgan Oblast,93,Sports activities and amusement and recreation,7,13,3.7142857142857144,6.538461538461538,1.7603550295857988,False
45,Kurgan Oblast,94,Activities of membership organisations,2,2,1.2857142857142856,1.1538461538461537,,True
45,Kurgan Oblast,95,"Repair of computers, personal and household goods",6,11,3.0,4.461538461538462,1.4871794871794872,False
45,Kurgan Oblast,96,Other personal service activities,7,13,18.0,15.285714285714285,0.8492063492063492,False
45,Kurgan Oblast,97,Activities of households as employers,0,1,1.0,1.0769230769230769,,True
46,Kursk Oblast,01,Crop and animal production,7,13,8.625000000000002,10.785714285714286,1.2505175983436851,False
46,Kursk Oblast,02,Forestry and logging,6,5,1.8571428571428572,1.5384615384615383,0.8284023668639052,False
46,Kursk Oblast,03,Fishing and aquaculture,4,7,2.0,1.8461538461538463,0.9230769230769231,False
46,Kursk Oblast,06,Extraction of crude petroleum and natural gas,0,0,1.0,1.0,,True
46,Kursk Oblast,07,OKVED 07,0,0,1.0,1.0,,True
46,Kursk Oblast,08,Other mining and quarrying,2,1,1.2857142857142856,1.0769230769230769,,True
46,Kursk Oblast,09,Mining support services,0,0,1.0,1.0,,True
46,Kursk Oblast,10,Manufacture of food products,7,13,4.714285714285714,5.3076923076923075,1.1258741258741258,False
46,Kursk Oblast,11,Manufacture of beverages,3,2,1.4285714285714286,1.1538461538461537,,True
46,Kursk Oblast,12,Manufacture of tobacco products,0,0,1.0,1.0,,True
46,Kursk Oblast,13,Manufacture of textiles,5,10,2.0,2.0769230769230766,1.0384615384615383,False
46,Kursk Oblast,14,Manufacture of wearing apparel,7,13,4.0,3.5714285714285716,0.8928571428571429,False
46,Kursk Oblast,15,Manufacture of leather and related products,2,4,1.2857142857142856,1.3846153846153846,,True
46,Kursk Oblast,16,Wood processing,6,9,2.7142857142857144,2.769230769230769,1.020242914979757,False
46,Kursk Oblast,17,Manufacture of paper and paper products,3,5,1.4285714285714286,1.4615384615384617,1.0230769230769232,False
46,Kursk Oblast,18,Printing and reproduction of recorded media,4,9,1.8571428571428572,2.1538461538461537,1.1597633136094674,False
46,Kursk Oblast,19,Manufacture of coke and refined petroleum products,0,0,1.0,1.0,,True
46,Kursk Oblast,20,Manufacture of chemicals and chemical products,3,5,1.5714285714285714,1.6153846153846154,1.027972027972028,False
46,Kursk Oblast,21,Manufacture of pharmaceutical products,1,0,1.1428571428571428,1.0,,True
46,Kursk Oblast,22,Manufacture of rubber and plastic products,3,7,1.7142857142857144,1.6428571428571428,0.9583333333333333,False
46,Kursk Oblast,23,Other non-metallic mineral products,5,9,2.2857142857142856,2.6923076923076925,1.1778846153846156,False
46,Kursk Oblast,24,Manufacture of basic metals,0,1,1.0,1.0769230769230769,,True
46,Kursk Oblast,25,Manufacture of fabricated metal products,7,13,5.142857142857143,5.428571428571429,1.0555555555555556,False
46,Kursk Oblast,26,"Manufacture of computer, electronic and optical products",1,5,1.1428571428571428,1.4615384615384617,,True
46,Kursk Oblast,27,Manufacture of electrical equipment,3,3,1.5714285714285714,1.2307692307692308,0.7832167832167832,False
46,Kursk Oblast,28,Manufacture of machinery and equipment n.e.c.,2,5,1.4285714285714286,1.3846153846153846,,True
46,Kursk Oblast,29,Manufacture of motor vehicles and trailers,0,0,1.0,1.0,,True
46,Kursk Oblast,30,Manufacture of other transport equipment,2,1,1.2857142857142856,1.0769230769230769,,True
46,Kursk Oblast,31,Manufacture of furniture,7,13,2.857142857142857,4.846153846153847,1.6961538461538463,False
46,Kursk Oblast,32,Other manufacturing,6,13,3.0,3.230769230769231,1.0769230769230769,False
46,Kursk Oblast,33,Repair and installation of machinery and equipment,7,13,3.5714285714285716,4.769230769230769,1.3353846153846154,False
46,Kursk Oblast,35,"Electricity, gas, steam and air conditioning supply",1,3,1.1428571428571428,1.2307692307692308,,True
46,Kursk Oblast,36,"Water collection, treatment and supply",0,0,1.0,1.0,,True
46,Kursk Oblast,37,Sewerage,3,4,1.7142857142857144,1.3076923076923077,0.7628205128205128,False
46,Kursk Oblast,38,"Waste collection, treatment and disposal",4,7,2.142857142857143,1.5,0.7000000000000001,False
46,Kursk Oblast,39,Remediation activities,1,0,1.1428571428571428,1.0,,True
46,Kursk Oblast,41,Construction of buildings,7,13,24.714285714285715,29.307692307692307,1.1858603823921743,False
46,Kursk Oblast,42,Civil engineering,7,13,3.857142857142857,5.153846153846154,1.3361823361823362,False
46,Kursk Oblast,43,Specialised construction activities,7,13,35.857142857142854,30.53333333333334,0.8515272244355911,False
46,Kursk Oblast,45,Sale and repair of motor vehicles and motorcycles,7,13,15.500000000000002,16.4375,1.0604838709677418,False
46,Kursk Oblast,46,Wholesale trade,7,13,30.571428571428573,14.08,0.4605607476635514,False
46,Kursk Oblast,47,Retail trade,7,13,94.54545454545456,135.88888888888889,1.4372863247863246,False
46,Kursk Oblast,49,Land transport and pipeline transport,7,13,79.85714285714286,63.06249999999999,0.7896914132379247,False
46,Kursk Oblast,50,Water transport,0,0,1.0,1.0,,True
46,Kursk Oblast,51,Air transport,0,0,1.0,1.0,,True
46,Kursk Oblast,52,Warehousing and transport support activities,7,13,4.714285714285714,5.846153846153846,1.24009324009324,False
46,Kursk Oblast,53,Postal and courier activities,6,10,3.142857142857143,3.3076923076923075,1.0524475524475525,False
46,Kursk Oblast,55,Accommodation,5,10,1.8571428571428572,2.3846153846153846,1.2840236686390532,False
46,Kursk Oblast,56,Food and beverage service activities,7,13,16.250000000000004,22.6875,1.3961538461538459,False
46,Kursk Oblast,58,Publishing activities,1,1,1.1428571428571428,1.0769230769230769,,True
46,Kursk Oblast,59,"Motion picture, video and television production",7,11,3.0,2.785714285714286,0.9285714285714287,False
46,Kursk Oblast,60,Programming and broadcasting activities,1,2,1.1428571428571428,1.1538461538461537,,True
46,Kursk Oblast,61,Telecommunications,2,3,1.4285714285714286,1.3076923076923077,,True
46,Kursk Oblast,62,"Computer programming, consultancy and related activities",7,13,18.285714285714285,16.076923076923077,0.8792067307692308,False
46,Kursk Oblast,63,Information service activities,7,13,6.142857142857143,9.153846153846153,1.4901610017889086,False
46,Kursk Oblast,64,"Financial service activities, except insurance and pension funding",4,3,1.8571428571428572,1.4615384615384617,0.7869822485207101,False
46,Kursk Oblast,65,"Insurance, reinsurance and pension funding",0,0,1.0,1.0,,True
46,Kursk Oblast,66,Auxiliary financial services,6,11,2.428571428571429,2.8461538461538463,1.171945701357466,False
46,Kursk Oblast,68,Real estate activities,7,13,14.750000000000002,22.85714285714286,1.5496368038740922,False
46,Kursk Oblast,69,Legal and accounting activities,7,13,7.285714285714286,8.0,1.0980392156862746,False
46,Kursk Oblast,70,Management consultancy activities,7,13,3.4285714285714284,5.615384615384615,1.6378205128205128,False
46,Kursk Oblast,71,Architectural and engineering activities,7,13,3.75,7.0,1.8666666666666667,False
46,Kursk Oblast,72,Scientific research and development,4,7,2.142857142857143,1.7692307692307692,0.8256410256410256,False
46,Kursk Oblast,73,Advertising and market research,7,13,15.0,19.153846153846153,1.2769230769230768,False
46,Kursk Oblast,74,"Other professional, scientific and technical activities",7,12,6.0,8.23076923076923,1.3717948717948716,False
46,Kursk Oblast,75,Veterinary activities,2,3,1.4285714285714286,1.3846153846153846,,True
46,Kursk Oblast,77,Rental and leasing activities,6,13,3.4285714285714284,4.153846153846153,1.2115384615384615,False
46,Kursk Oblast,78,Employment activities,3,9,2.857142857142857,3.5384615384615383,1.2384615384615383,False
46,Kursk Oblast,79,Travel agency and reservation services,3,9,1.4285714285714286,3.0,2.1,False
46,Kursk Oblast,80,Security and investigation activities,4,9,2.0,1.9230769230769231,0.9615384615384616,False
46,Kursk Oblast,81,Services to buildings and landscape activities,7,12,6.857142857142857,6.538461538461538,0.9535256410256411,False
46,Kursk Oblast,82,Office administrative and business support activities,7,13,6.285714285714286,11.23076923076923,1.7867132867132867,False
46,Kursk Oblast,84,Public administration and defence; compulsory social security,2,3,1.2857142857142856,1.3076923076923077,,True
46,Kursk Oblast,85,Education,7,13,5.428571428571429,10.846153846153847,1.9979757085020242,False
46,Kursk Oblast,86,Human health activities,7,10,3.7142857142857144,3.1538461538461537,0.8491124260355029,False
46,Kursk Oblast,87,Residential care activities,1,1,1.1428571428571428,1.0769230769230769,,True
46,Kursk Oblast,88,Social work activities without accommodation,3,5,1.5714285714285714,1.6153846153846154,1.027972027972028,False
46,Kursk Oblast,90,"Creative, arts and entertainment activities",7,10,3.7142857142857144,3.230769230769231,0.8698224852071006,False
46,Kursk Oblast,91,"Libraries, archives, museums and other cultural activities",0,0,1.0,1.0,,True
46,Kursk Oblast,92,Gambling and betting activities,1,1,1.1428571428571428,1.0769230769230769,,True
46,Kursk Oblast,93,Sports activities and amusement and recreation,7,13,4.714285714285714,5.538461538461538,1.1748251748251748,False
46,Kursk Oblast,94,Activities of membership organisations,0,2,1.0,1.1538461538461537,,True
46,Kursk Oblast,95,"Repair of computers, personal and household goods",7,13,5.142857142857143,5.230769230769231,1.017094017094017,False
46,Kursk Oblast,96,Other personal service activities,7,13,20.0,20.923076923076923,1.0461538461538462,False
46,Kursk Oblast,97,Activities of households as employers,0,0,1.0,1.0,,True
47,Leningrad Oblast,01,Crop and animal production,7,13,15.25,20.076923076923077,1.3165195460277428,False
47,Leningrad Oblast,02,Forestry and logging,7,13,4.142857142857142,5.000000000000001,1.2068965517241383,False
47,Leningrad Oblast,03,Fishing and aquaculture,7,12,3.4285714285714284,5.0,1.4583333333333335,False
47,Leningrad Oblast,06,Extraction of crude petroleum and natural gas,0,0,1.0,1.0,,True
47,Leningrad Oblast,07,OKVED 07,0,2,1.0,1.1538461538461537,,True
47,Leningrad Oblast,08,Other mining and quarrying,3,9,1.5714285714285714,2.230769230769231,1.4195804195804196,False
47,Leningrad Oblast,09,Mining support services,1,3,1.1428571428571428,1.2307692307692308,,True
47,Leningrad Oblast,10,Manufacture of food products,7,13,10.142857142857142,12.5625,1.238556338028169,False
47,Leningrad Oblast,11,Manufacture of beverages,4,4,1.8571428571428572,1.3076923076923077,0.7041420118343195,False
47,Leningrad Oblast,12,Manufacture of tobacco products,1,0,1.1428571428571428,1.0,,True
47,Leningrad Oblast,13,Manufacture of textiles,7,11,4.714285714285714,4.615384615384615,0.979020979020979,False
47,Leningrad Oblast,14,Manufacture of wearing apparel,7,13,8.428571428571429,8.312499999999998,0.9862288135593218,False
47,Leningrad Oblast,15,Manufacture of leather and related products,4,7,2.0,1.7692307692307692,0.8846153846153846,False
47,Leningrad Oblast,16,Wood processing,7,13,11.0,9.133333333333335,0.8303030303030304,False
47,Leningrad Oblast,17,Manufacture of paper and paper products,4,9,1.7142857142857144,1.9285714285714284,1.1249999999999998,False
47,Leningrad Oblast,18,Printing and reproduction of recorded media,7,11,5.142857142857143,3.6923076923076925,0.717948717948718,False
47,Leningrad Oblast,19,Manufacture of coke and refined petroleum products,0,2,1.0,1.1538461538461537,,True
47,Leningrad Oblast,20,Manufacture of chemicals and chemical products,7,13,3.6249999999999996,4.214285714285714,1.16256157635468,False
47,Leningrad Oblast,21,Manufacture of pharmaceutical products,0,2,1.0,1.1538461538461537,,True
47,Leningrad Oblast,22,Manufacture of rubber and plastic products,7,13,5.142857142857143,4.153846153846153,0.8076923076923075,False
47,Leningrad Oblast,23,Other non-metallic mineral products,7,13,6.428571428571429,4.933333333333334,0.7674074074074074,False
47,Leningrad Oblast,24,Manufacture of basic metals,2,4,1.2857142857142856,1.3846153846153846,,True
47,Leningrad Oblast,25,Manufacture of fabricated metal products,7,13,16.125,20.076923076923077,1.2450805008944543,False
47,Leningrad Oblast,26,"Manufacture of computer, electronic and optical products",5,10,2.142857142857143,1.9285714285714284,0.8999999999999999,False
47,Leningrad Oblast,27,Manufacture of electrical equipment,7,11,3.142857142857143,2.6153846153846154,0.8321678321678322,False
47,Leningrad Oblast,28,Manufacture of machinery and equipment n.e.c.,7,13,4.0,4.0,1.0,False
47,Leningrad Oblast,29,Manufacture of motor vehicles and trailers,6,4,2.142857142857143,1.4615384615384617,0.6820512820512822,False
47,Leningrad Oblast,30,Manufacture of other transport equipment,2,11,1.2857142857142856,2.357142857142857,,True
47,Leningrad Oblast,31,Manufacture of furniture,7,13,11.714285714285714,11.357142857142858,0.9695121951219513,False
47,Leningrad Oblast,32,Other manufacturing,7,13,7.142857142857143,9.307692307692308,1.303076923076923,False
47,Leningrad Oblast,33,Repair and installation of machinery and equipment,7,13,11.0,12.714285714285714,1.1558441558441557,False
47,Leningrad Oblast,35,"Electricity, gas, steam and air conditioning supply",5,6,2.428571428571429,2.1538461538461537,0.8868778280542985,False
47,Leningrad Oblast,36,"Water collection, treatment and supply",4,5,1.7142857142857144,1.3846153846153846,0.8076923076923076,False
47,Leningrad Oblast,37,Sewerage,0,5,1.0,1.4615384615384617,,True
47,Leningrad Oblast,38,"Waste collection, treatment and disposal",5,10,3.0,2.6923076923076925,0.8974358974358975,False
47,Leningrad Oblast,39,Remediation activities,0,0,1.0,1.0,,True
47,Leningrad Oblast,41,Construction of buildings,7,13,80.57142857142857,55.99999999999999,0.6950354609929077,False
47,Leningrad Oblast,42,Civil engineering,7,13,13.25,16.076923076923077,1.2133526850507983,False
47,Leningrad Oblast,43,Specialised construction activities,7,13,105.5,83.78947368421052,0.7942130207034173,False
47,Leningrad Oblast,45,Sale and repair of motor vehicles and motorcycles,7,13,40.0,45.31249999999999,1.1328124999999998,False
47,Leningrad Oblast,46,Wholesale trade,7,13,52.727272727272734,37.96,0.7199310344827585,False
47,Leningrad Oblast,47,Retail trade,7,13,283.09090909090907,127.32558139534883,0.4497692342160685,False
47,Leningrad Oblast,49,Land transport and pipeline transport,7,13,153.375,239.0,1.5582722086389569,False
47,Leningrad Oblast,50,Water transport,3,9,1.5714285714285714,2.5714285714285716,1.6363636363636365,False
47,Leningrad Oblast,51,Air transport,1,3,1.1428571428571428,1.2307692307692308,,True
47,Leningrad Oblast,52,Warehousing and transport support activities,7,13,20.285714285714285,17.125,0.8441901408450705,False
47,Leningrad Oblast,53,Postal and courier activities,7,13,11.142857142857142,16.76923076923077,1.5049309664694281,False
47,Leningrad Oblast,55,Accommodation,7,13,7.125,6.749999999999999,0.9473684210526314,False
47,Leningrad Oblast,56,Food and beverage service activities,7,13,104.0,53.05882352941177,0.5101809954751132,False
47,Leningrad Oblast,58,Publishing activities,5,7,2.857142857142857,2.0769230769230766,0.7269230769230768,False
47,Leningrad Oblast,59,"Motion picture, video and television production",7,13,8.285714285714285,9.538461538461538,1.1511936339522548,False
47,Leningrad Oblast,60,Programming and broadcasting activities,2,2,1.2857142857142856,1.1538461538461537,,True
47,Leningrad Oblast,61,Telecommunications,4,8,1.8571428571428572,2.0,1.0769230769230769,False
47,Leningrad Oblast,62,"Computer programming, consultancy and related activities",7,13,51.142857142857146,52.46153846153846,1.0257842715943273,False
47,Leningrad Oblast,63,Information service activities,7,13,22.0,28.23076923076923,1.2832167832167831,False
47,Leningrad Oblast,64,"Financial service activities, except insurance and pension funding",7,5,2.857142857142857,1.6153846153846154,0.5653846153846154,False
47,Leningrad Oblast,65,"Insurance, reinsurance and pension funding",0,2,1.0,1.2307692307692308,,True
47,Leningrad Oblast,66,Auxiliary financial services,7,13,6.571428571428571,6.923076923076923,1.053511705685619,False
47,Leningrad Oblast,68,Real estate activities,7,13,73.75000000000001,59.90000000000001,0.8122033898305084,False
47,Leningrad Oblast,69,Legal and accounting activities,7,13,25.571428571428573,28.615384615384617,1.1190373871938117,False
47,Leningrad Oblast,70,Management consultancy activities,7,13,23.285714285714285,20.46153846153846,0.8787163756488909,False
47,Leningrad Oblast,71,Architectural and engineering activities,7,13,28.0,20.266666666666666,0.7238095238095238,False
47,Leningrad Oblast,72,Scientific research and development,6,12,2.2857142857142856,4.0,1.75,False
47,Leningrad Oblast,73,Advertising and market research,7,13,32.0,47.76923076923077,1.4927884615384615,False
47,Leningrad Oblast,74,"Other professional, scientific and technical activities",7,13,20.571428571428573,25.846153846153847,1.2564102564102564,False
47,Leningrad Oblast,75,Veterinary activities,3,9,1.5714285714285714,2.6923076923076925,1.7132867132867136,False
47,Leningrad Oblast,77,Rental and leasing activities,7,13,18.571428571428573,16.928571428571427,0.9115384615384614,False
47,Leningrad Oblast,78,Employment activities,7,13,6.142857142857143,7.928571428571429,1.2906976744186047,False
47,Leningrad Oblast,79,Travel agency and reservation services,7,13,10.142857142857142,10.923076923076923,1.076923076923077,False
47,Leningrad Oblast,80,Security and investigation activities,7,11,3.5714285714285716,2.2142857142857144,0.62,False
47,Leningrad Oblast,81,Services to buildings and landscape activities,7,13,25.428571428571427,24.615384615384617,0.9680207433016423,False
47,Leningrad Oblast,82,Office administrative and business support activities,7,13,23.142857142857142,22.875,0.9884259259259259,False
47,Leningrad Oblast,84,Public administration and defence; compulsory social security,2,2,1.2857142857142856,1.1538461538461537,,True
47,Leningrad Oblast,85,Education,7,13,29.714285714285715,29.692307692307693,0.9992603550295858,False
47,Leningrad Oblast,86,Human health activities,7,13,7.0,6.066666666666667,0.8666666666666668,False
47,Leningrad Oblast,87,Residential care activities,2,6,1.4285714285714286,1.8461538461538463,,True
47,Leningrad Oblast,88,Social work activities without accommodation,7,13,4.285714285714286,5.0,1.1666666666666667,False
47,Leningrad Oblast,90,"Creative, arts and entertainment activities",7,13,12.285714285714286,12.76923076923077,1.039355992844365,False
47,Leningrad Oblast,91,"Libraries, archives, museums and other cultural activities",2,4,1.4285714285714286,1.3846153846153846,,True
47,Leningrad Oblast,92,Gambling and betting activities,0,1,1.0,1.0769230769230769,,True
47,Leningrad Oblast,93,Sports activities and amusement and recreation,7,13,25.142857142857142,26.923076923076923,1.0708041958041958,False
47,Leningrad Oblast,94,Activities of membership organisations,3,6,1.5714285714285714,1.6923076923076923,1.0769230769230769,False
47,Leningrad Oblast,95,"Repair of computers, personal and household goods",7,13,15.285714285714286,16.846153846153847,1.1020848310567937,False
47,Leningrad Oblast,96,Other personal service activities,7,13,54.87500000000001,65.57142857142857,1.1949235274975591,False
47,Leningrad Oblast,97,Activities of households as employers,3,1,1.4285714285714286,1.0769230769230769,,True
47,Leningrad Oblast,98,OKVED 98,0,0,1.0,1.0,,True
48,Lipetsk Oblast,01,Crop and animal production,7,13,21.714285714285715,26.76923076923077,1.2327935222672064,False
48,Lipetsk Oblast,02,Forestry and logging,2,4,1.2857142857142856,1.4615384615384617,,True
48,Lipetsk Oblast,03,Fishing and aquaculture,1,9,1.1428571428571428,2.4615384615384617,,True
48,Lipetsk Oblast,05,Mining of coal and lignite,0,1,1.0,1.0769230769230769,,True
48,Lipetsk Oblast,06,Extraction of crude petroleum and natural gas,0,1,1.0,1.0769230769230769,,True
48,Lipetsk Oblast,08,Other mining and quarrying,0,2,1.0,1.3076923076923077,,True
48,Lipetsk Oblast,09,Mining support services,0,0,1.0,1.0,,True
48,Lipetsk Oblast,10,Manufacture of food products,7,13,6.285714285714286,6.571428571428571,1.0454545454545454,False
48,Lipetsk Oblast,11,Manufacture of beverages,2,3,1.2857142857142856,1.3846153846153846,,True
48,Lipetsk Oblast,12,Manufacture of tobacco products,0,0,1.0,1.0,,True
48,Lipetsk Oblast,13,Manufacture of textiles,6,9,2.2857142857142856,2.3076923076923075,1.0096153846153846,False
48,Lipetsk Oblast,14,Manufacture of wearing apparel,6,10,3.857142857142857,2.285714285714286,0.5925925925925927,False
48,Lipetsk Oblast,15,Manufacture of leather and related products,2,4,1.2857142857142856,1.3846153846153846,,True
48,Lipetsk Oblast,16,Wood processing,6,12,3.4285714285714284,4.3076923076923075,1.2564102564102564,False
48,Lipetsk Oblast,17,Manufacture of paper and paper products,2,4,1.2857142857142856,1.3076923076923077,,True
48,Lipetsk Oblast,18,Printing and reproduction of recorded media,4,7,1.8571428571428572,2.1538461538461537,1.1597633136094674,False
48,Lipetsk Oblast,19,Manufacture of coke and refined petroleum products,0,0,1.0,1.0,,True
48,Lipetsk Oblast,20,Manufacture of chemicals and chemical products,5,9,2.0,2.5384615384615383,1.2692307692307692,False
48,Lipetsk Oblast,21,Manufacture of pharmaceutical products,0,0,1.0,1.0,,True
48,Lipetsk Oblast,22,Manufacture of rubber and plastic products,6,7,2.428571428571429,2.230769230769231,0.918552036199095,False
48,Lipetsk Oblast,23,Other non-metallic mineral products,7,11,2.75,3.3076923076923075,1.2027972027972027,False
48,Lipetsk Oblast,24,Manufacture of basic metals,0,3,1.0,1.2307692307692308,,True
48,Lipetsk Oblast,25,Manufacture of fabricated metal products,7,13,7.857142857142857,10.153846153846153,1.2923076923076924,False
48,Lipetsk Oblast,26,"Manufacture of computer, electronic and optical products",2,6,1.7142857142857144,1.6153846153846154,,True
48,Lipetsk Oblast,27,Manufacture of electrical equipment,2,3,1.4285714285714286,1.6153846153846154,,True
48,Lipetsk Oblast,28,Manufacture of machinery and equipment n.e.c.,2,9,1.2857142857142856,2.8461538461538463,,True
48,Lipetsk Oblast,29,Manufacture of motor vehicles and trailers,1,2,1.1428571428571428,1.1538461538461537,,True
48,Lipetsk Oblast,30,Manufacture of other transport equipment,1,2,1.1428571428571428,1.2307692307692308,,True
48,Lipetsk Oblast,31,Manufacture of furniture,7,12,5.0,5.6923076923076925,1.1384615384615384,False
48,Lipetsk Oblast,32,Other manufacturing,7,12,2.7142857142857144,3.0,1.1052631578947367,False
48,Lipetsk Oblast,33,Repair and installation of machinery and equipment,7,13,5.875,6.666666666666668,1.1347517730496457,False
48,Lipetsk Oblast,35,"Electricity, gas, steam and air conditioning supply",1,5,1.1428571428571428,1.6923076923076923,,True
48,Lipetsk Oblast,36,"Water collection, treatment and supply",1,3,1.1428571428571428,1.2307692307692308,,True
48,Lipetsk Oblast,37,Sewerage,4,3,1.7142857142857144,1.4615384615384617,0.8525641025641025,False
48,Lipetsk Oblast,38,"Waste collection, treatment and disposal",4,9,1.7142857142857144,2.6153846153846154,1.5256410256410255,False
48,Lipetsk Oblast,39,Remediation activities,0,0,1.0,1.0,,True
48,Lipetsk Oblast,41,Construction of buildings,7,13,31.857142857142858,33.2,1.042152466367713,False
48,Lipetsk Oblast,42,Civil engineering,7,12,7.0,8.0,1.1428571428571428,False
48,Lipetsk Oblast,43,Specialised construction activities,7,13,69.85714285714286,67.76923076923077,0.970111687903099,False
48,Lipetsk Oblast,45,Sale and repair of motor vehicles and motorcycles,7,13,20.000000000000004,30.46153846153846,1.5230769230769228,False
48,Lipetsk Oblast,46,Wholesale trade,7,13,29.90909090909091,44.53333333333334,1.488956433637285,False
48,Lipetsk Oblast,47,Retail trade,7,13,111.75,111.88461538461539,1.001204611942867,False
48,Lipetsk Oblast,49,Land transport and pipeline transport,7,13,76.75,87.25,1.1368078175895766,False
48,Lipetsk Oblast,50,Water transport,2,1,1.2857142857142856,1.0769230769230769,,True
48,Lipetsk Oblast,51,Air transport,0,0,1.0,1.0,,True
48,Lipetsk Oblast,52,Warehousing and transport support activities,6,13,5.857142857142857,6.769230769230769,1.155722326454034,False
48,Lipetsk Oblast,53,Postal and courier activities,7,12,3.7142857142857144,4.0,1.0769230769230769,False
48,Lipetsk Oblast,55,Accommodation,6,11,4.142857142857142,2.6153846153846154,0.6312997347480107,False
48,Lipetsk Oblast,56,Food and beverage service activities,7,13,26.0,23.555555555555554,0.9059829059829059,False
48,Lipetsk Oblast,58,Publishing activities,0,6,1.0,1.4615384615384617,,True
48,Lipetsk Oblast,59,"Motion picture, video and television production",6,9,3.7142857142857144,2.8571428571428577,0.7692307692307694,False
48,Lipetsk Oblast,60,Programming and broadcasting activities,0,2,1.0,1.2307692307692308,,True
48,Lipetsk Oblast,61,Telecommunications,2,5,1.2857142857142856,1.3846153846153846,,True
48,Lipetsk Oblast,62,"Computer programming, consultancy and related activities",7,13,13.142857142857142,20.076923076923077,1.5275919732441472,False
48,Lipetsk Oblast,63,Information service activities,7,13,5.857142857142857,11.692307692307692,1.9962476547842403,False
48,Lipetsk Oblast,64,"Financial service activities, except insurance and pension funding",4,7,2.0,3.0,1.5,False
48,Lipetsk Oblast,65,"Insurance, reinsurance and pension funding",0,0,1.0,1.0,,True
48,Lipetsk Oblast,66,Auxiliary financial services,4,10,2.142857142857143,2.6923076923076925,1.2564102564102566,False
48,Lipetsk Oblast,68,Real estate activities,7,13,19.125,29.200000000000003,1.5267973856209152,False
48,Lipetsk Oblast,69,Legal and accounting activities,7,13,7.142857142857143,12.571428571428571,1.7599999999999998,False
48,Lipetsk Oblast,70,Management consultancy activities,7,12,8.285714285714285,7.153846153846154,0.8633952254641911,False
48,Lipetsk Oblast,71,Architectural and engineering activities,7,13,7.571428571428571,10.846153846153847,1.4325108853410742,False
48,Lipetsk Oblast,72,Scientific research and development,4,8,2.0,2.3076923076923075,1.1538461538461537,False
48,Lipetsk Oblast,73,Advertising and market research,7,13,17.428571428571427,23.46153846153846,1.3461538461538463,False
48,Lipetsk Oblast,74,"Other professional, scientific and technical activities",7,13,8.714285714285715,12.142857142857142,1.3934426229508194,False
48,Lipetsk Oblast,75,Veterinary activities,2,6,1.2857142857142856,1.7692307692307692,,True
48,Lipetsk Oblast,77,Rental and leasing activities,6,13,5.428571428571429,6.923076923076923,1.2753036437246963,False
48,Lipetsk Oblast,78,Employment activities,6,13,2.857142857142857,5.076923076923077,1.7769230769230768,False
48,Lipetsk Oblast,79,Travel agency and reservation services,6,9,2.7142857142857144,3.6923076923076925,1.360323886639676,False
48,Lipetsk Oblast,80,Security and investigation activities,7,11,2.0,2.9333333333333336,1.4666666666666668,False
48,Lipetsk Oblast,81,Services to buildings and landscape activities,7,13,7.0,11.642857142857144,1.6632653061224492,False
48,Lipetsk Oblast,82,Office administrative and business support activities,7,13,8.0,10.538461538461538,1.3173076923076923,False
48,Lipetsk Oblast,84,Public administration and defence; compulsory social security,2,1,1.2857142857142856,1.2307692307692308,,True
48,Lipetsk Oblast,85,Education,7,13,10.142857142857142,14.461538461538462,1.4257854821235103,False
48,Lipetsk Oblast,86,Human health activities,6,13,3.3750000000000004,6.3076923076923075,1.8689458689458687,False
48,Lipetsk Oblast,87,Residential care activities,0,0,1.0,1.0,,True
48,Lipetsk Oblast,88,Social work activities without accommodation,2,7,1.2857142857142856,1.6923076923076923,,True
48,Lipetsk Oblast,90,"Creative, arts and entertainment activities",4,11,2.2857142857142856,3.6923076923076925,1.6153846153846156,False
48,Lipetsk Oblast,91,"Libraries, archives, museums and other cultural activities",0,1,1.0,1.1538461538461537,,True
48,Lipetsk Oblast,93,Sports activities and amusement and recreation,7,13,7.428571428571429,12.538461538461538,1.6878698224852071,False
48,Lipetsk Oblast,94,Activities of membership organisations,2,1,1.2857142857142856,1.0769230769230769,,True
48,Lipetsk Oblast,95,"Repair of computers, personal and household goods",7,13,9.428571428571429,11.384615384615385,1.2074592074592074,False
48,Lipetsk Oblast,96,Other personal service activities,7,13,22.0,30.923076923076923,1.4055944055944056,False
48,Lipetsk Oblast,97,Activities of households as employers,0,0,1.0,1.0,,True
48,Lipetsk Oblast,98,OKVED 98,0,1,1.0,1.0769230769230769,,True
49,Magadan Oblast,01,Crop and animal production,4,9,2.2857142857142856,2.6923076923076925,1.1778846153846156,False
49,Magadan Oblast,02,Forestry and logging,4,4,1.5714285714285714,1.3846153846153846,0.8811188811188811,False
49,Magadan Oblast,03,Fishing and aquaculture,3,7,1.4285714285714286,1.6153846153846154,1.1307692307692307,False
49,Magadan Oblast,05,Mining of coal and lignite,0,0,1.0,1.0,,True
49,Magadan Oblast,07,OKVED 07,7,13,8.142857142857142,10.615384615384615,1.3036437246963564,False
49,Magadan Oblast,08,Other mining and quarrying,2,1,1.2857142857142856,1.0769230769230769,,True
49,Magadan Oblast,09,Mining support services,3,5,1.7142857142857144,1.7692307692307692,1.032051282051282,False
49,Magadan Oblast,10,Manufacture of food products,6,9,2.2857142857142856,2.6923076923076925,1.1778846153846156,False
49,Magadan Oblast,11,Manufacture of beverages,2,0,1.2857142857142856,1.0,,True
49,Magadan Oblast,13,Manufacture of textiles,0,1,1.0,1.0769230769230769,,True
49,Magadan Oblast,14,Manufacture of wearing apparel,3,6,1.4285714285714286,1.4615384615384617,1.0230769230769232,False
49,Magadan Oblast,16,Wood processing,1,0,1.1428571428571428,1.0,,True
49,Magadan Oblast,18,Printing and reproduction of recorded media,2,2,1.2857142857142856,1.2307692307692308,,True
49,Magadan Oblast,20,Manufacture of chemicals and chemical products,1,0,1.1428571428571428,1.0,,True
49,Magadan Oblast,22,Manufacture of rubber and plastic products,1,1,1.1428571428571428,1.0769230769230769,,True
49,Magadan Oblast,23,Other non-metallic mineral products,2,6,1.4285714285714286,1.5384615384615383,,True
49,Magadan Oblast,24,Manufacture of basic metals,0,1,1.0,1.0769230769230769,,True
49,Magadan Oblast,25,Manufacture of fabricated metal products,1,5,1.1428571428571428,1.4615384615384617,,True
49,Magadan Oblast,26,"Manufacture of computer, electronic and optical products",1,1,1.1428571428571428,1.0769230769230769,,True
49,Magadan Oblast,27,Manufacture of electrical equipment,0,0,1.0,1.0,,True
49,Magadan Oblast,28,Manufacture of machinery and equipment n.e.c.,2,1,1.2857142857142856,1.0769230769230769,,True
49,Magadan Oblast,29,Manufacture of motor vehicles and trailers,0,0,1.0,1.0,,True
49,Magadan Oblast,30,Manufacture of other transport equipment,0,0,1.0,1.0,,True
49,Magadan Oblast,31,Manufacture of furniture,2,3,1.2857142857142856,1.2307692307692308,,True
49,Magadan Oblast,32,Other manufacturing,1,3,1.1428571428571428,1.3846153846153846,,True
49,Magadan Oblast,33,Repair and installation of machinery and equipment,3,12,1.4285714285714286,2.3846153846153846,1.669230769230769,False
49,Magadan Oblast,35,"Electricity, gas, steam and air conditioning supply",0,1,1.0,1.1538461538461537,,True
49,Magadan Oblast,36,"Water collection, treatment and supply",0,0,1.0,1.0,,True
49,Magadan Oblast,37,Sewerage,0,0,1.0,1.0,,True
49,Magadan Oblast,38,"Waste collection, treatment and disposal",1,4,1.1428571428571428,1.5384615384615383,,True
49,Magadan Oblast,39,Remediation activities,0,0,1.0,1.0,,True
49,Magadan Oblast,41,Construction of buildings,7,13,7.428571428571429,8.384615384615385,1.128698224852071,False
49,Magadan Oblast,42,Civil engineering,1,3,1.1428571428571428,1.3076923076923077,,True
49,Magadan Oblast,43,Specialised construction activities,7,13,6.142857142857143,8.923076923076923,1.4525939177101967,False
49,Magadan Oblast,45,Sale and repair of motor vehicles and motorcycles,7,12,6.0,6.6923076923076925,1.1153846153846154,False
49,Magadan Oblast,46,Wholesale trade,6,12,4.714285714285714,6.714285714285714,1.4242424242424243,False
49,Magadan Oblast,47,Retail trade,7,13,25.142857142857142,15.206896551724135,0.6048197492163009,False
49,Magadan Oblast,49,Land transport and pipeline transport,7,13,17.142857142857142,29.153846153846153,1.7006410256410256,False
49,Magadan Oblast,50,Water transport,1,2,1.2857142857142856,1.3076923076923077,,True
49,Magadan Oblast,51,Air transport,0,1,1.0,1.0769230769230769,,True
49,Magadan Oblast,52,Warehousing and transport support activities,5,9,2.0,2.6923076923076925,1.3461538461538463,False
49,Magadan Oblast,53,Postal and courier activities,1,6,1.1428571428571428,1.6153846153846154,,True
49,Magadan Oblast,55,Accommodation,2,6,1.5714285714285714,2.0769230769230766,,True
49,Magadan Oblast,56,Food and beverage service activities,6,13,6.571428571428571,6.461538461538462,0.9832775919732442,False
49,Magadan Oblast,58,Publishing activities,1,0,1.1428571428571428,1.0,,True
49,Magadan Oblast,59,"Motion picture, video and television production",0,2,1.0,1.2307692307692308,,True
49,Magadan Oblast,60,Programming and broadcasting activities,0,0,1.0,1.0,,True
49,Magadan Oblast,61,Telecommunications,1,1,1.1428571428571428,1.1538461538461537,,True
49,Magadan Oblast,62,"Computer programming, consultancy and related activities",4,11,1.8571428571428572,3.1538461538461537,1.6982248520710057,False
49,Magadan Oblast,63,Information service activities,2,7,1.5714285714285714,1.6923076923076923,,True
49,Magadan Oblast,64,"Financial service activities, except insurance and pension funding",0,0,1.0,1.0,,True
49,Magadan Oblast,65,"Insurance, reinsurance and pension funding",1,0,1.1428571428571428,1.0,,True
49,Magadan Oblast,66,Auxiliary financial services,2,2,1.2857142857142856,1.1538461538461537,,True
49,Magadan Oblast,68,Real estate activities,7,13,5.285714285714286,7.214285714285714,1.364864864864865,False
49,Magadan Oblast,69,Legal and accounting activities,7,13,3.2857142857142856,4.538461538461538,1.3812709030100334,False
49,Magadan Oblast,70,Management consultancy activities,3,7,2.0,2.0,1.0,False
49,Magadan Oblast,71,Architectural and engineering activities,7,13,2.1250000000000004,5.0,2.352941176470588,False
49,Magadan Oblast,72,Scientific research and development,0,1,1.0,1.0769230769230769,,True
49,Magadan Oblast,73,Advertising and market research,5,12,2.0,4.384615384615385,2.1923076923076925,False
49,Magadan Oblast,74,"Other professional, scientific and technical activities",5,10,2.142857142857143,2.4615384615384617,1.1487179487179489,False
49,Magadan Oblast,75,Veterinary activities,1,1,1.1428571428571428,1.1538461538461537,,True
49,Magadan Oblast,77,Rental and leasing activities,5,9,2.142857142857143,3.3846153846153846,1.5794871794871794,False
49,Magadan Oblast,78,Employment activities,0,4,1.0,1.3846153846153846,,True
49,Magadan Oblast,79,Travel agency and reservation services,3,8,1.4285714285714286,1.9230769230769231,1.3461538461538463,False
49,Magadan Oblast,80,Security and investigation activities,2,1,1.0,1.0769230769230769,,True
49,Magadan Oblast,81,Services to buildings and landscape activities,4,10,1.8571428571428572,2.8461538461538463,1.532544378698225,False
49,Magadan Oblast,82,Office administrative and business support activities,5,11,2.2857142857142856,3.0,1.3125,False
49,Magadan Oblast,84,Public administration and defence; compulsory social security,0,1,1.0,1.0769230769230769,,True
49,Magadan Oblast,85,Education,4,11,2.571428571428571,2.5384615384615383,0.9871794871794872,False
49,Magadan Oblast,86,Human health activities,1,6,1.2857142857142856,1.6153846153846154,,True
49,Magadan Oblast,88,Social work activities without accommodation,0,1,1.0,1.0769230769230769,,True
49,Magadan Oblast,90,"Creative, arts and entertainment activities",2,7,1.2857142857142856,1.7692307692307692,,True
49,Magadan Oblast,91,"Libraries, archives, museums and other cultural activities",0,1,1.0,1.0769230769230769,,True
49,Magadan Oblast,93,Sports activities and amusement and recreation,3,8,1.8571428571428572,2.3076923076923075,1.242603550295858,False
49,Magadan Oblast,94,Activities of membership organisations,0,2,1.0,1.1538461538461537,,True
49,Magadan Oblast,95,"Repair of computers, personal and household goods",7,11,4.142857142857142,3.076923076923077,0.7427055702917773,False
49,Magadan Oblast,96,Other personal service activities,7,13,4.857142857142858,6.214285714285714,1.2794117647058822,False
49,Magadan Oblast,97,Activities of households as employers,0,0,1.0,1.0,,True
50,Moscow Oblast,01,Crop and animal production,7,13,47.125,47.6875,1.0119363395225465,False
50,Moscow Oblast,02,Forestry and logging,7,13,6.285714285714286,5.6923076923076925,0.9055944055944056,False
50,Moscow Oblast,03,Fishing and aquaculture,7,13,5.714285714285714,4.615384615384615,0.8076923076923076,False
50,Moscow Oblast,05,Mining of coal and lignite,0,1,1.0,1.0769230769230769,,True
50,Moscow Oblast,06,Extraction of crude petroleum and natural gas,1,1,1.1428571428571428,1.0769230769230769,,True
50,Moscow Oblast,07,OKVED 07,1,4,1.2857142857142856,1.4615384615384617,,True
50,Moscow Oblast,08,Other mining and quarrying,6,12,3.4285714285714284,3.3846153846153846,0.9871794871794872,False
50,Moscow Oblast,09,Mining support services,3,7,1.7142857142857144,1.6153846153846154,0.9423076923076923,False
50,Moscow Oblast,10,Manufacture of food products,7,13,32.09090909090909,39.27777777777778,1.2239534151715454,False
50,Moscow Oblast,11,Manufacture of beverages,7,10,3.857142857142857,2.4615384615384617,0.6381766381766382,False
50,Moscow Oblast,12,Manufacture of tobacco products,4,3,1.8571428571428572,1.2307692307692308,0.6627218934911243,False
50,Moscow Oblast,13,Manufacture of textiles,7,13,11.250000000000002,16.06666666666667,1.4281481481481482,False
50,Moscow Oblast,14,Manufacture of wearing apparel,7,13,36.111111111111114,29.368421052631575,0.8132793522267204,False
50,Moscow Oblast,15,Manufacture of leather and related products,7,13,6.142857142857143,4.615384615384615,0.7513416815742396,False
50,Moscow Oblast,16,Wood processing,7,13,15.3,18.07142857142857,1.1811391223155927,False
50,Moscow Oblast,17,Manufacture of paper and paper products,7,13,4.250000000000001,4.538461538461538,1.0678733031674206,False
50,Moscow Oblast,18,Printing and reproduction of recorded media,7,13,15.571428571428571,15.846153846153847,1.0176429075511644,False
50,Moscow Oblast,19,Manufacture of coke and refined petroleum products,2,1,1.4285714285714286,1.0769230769230769,,True
50,Moscow Oblast,20,Manufacture of chemicals and chemical products,7,13,11.444444444444445,13.666666666666668,1.1941747572815535,False
50,Moscow Oblast,21,Manufacture of pharmaceutical products,5,9,3.142857142857143,2.3076923076923075,0.7342657342657342,False
50,Moscow Oblast,22,Manufacture of rubber and plastic products,7,13,20.714285714285715,16.733333333333334,0.807816091954023,False
50,Moscow Oblast,23,Other non-metallic mineral products,7,13,23.857142857142858,19.058823529411764,0.7988728425501938,False
50,Moscow Oblast,24,Manufacture of basic metals,5,11,1.5000000000000002,3.1538461538461537,2.102564102564102,False
50,Moscow Oblast,25,Manufacture of fabricated metal products,7,13,57.5,37.36363636363637,0.649802371541502,False
50,Moscow Oblast,26,"Manufacture of computer, electronic and optical products",7,13,6.750000000000001,7.384615384615385,1.094017094017094,False
50,Moscow Oblast,27,Manufacture of electrical equipment,7,12,6.625,6.214285714285714,0.9380053908355795,False
50,Moscow Oblast,28,Manufacture of machinery and equipment n.e.c.,7,13,11.428571428571429,12.266666666666667,1.0733333333333335,False
50,Moscow Oblast,29,Manufacture of motor vehicles and trailers,7,8,3.4285714285714284,2.4615384615384617,0.7179487179487181,False
50,Moscow Oblast,30,Manufacture of other transport equipment,6,12,3.4285714285714284,4.076923076923077,1.189102564102564,False
50,Moscow Oblast,31,Manufacture of furniture,7,13,40.285714285714285,32.0,0.7943262411347518,False
50,Moscow Oblast,32,Other manufacturing,7,13,24.285714285714285,34.214285714285715,1.4088235294117648,False
50,Moscow Oblast,33,Repair and installation of machinery and equipment,7,13,43.125,43.07142857142858,0.9987577639751554,False
50,Moscow Oblast,35,"Electricity, gas, steam and air conditioning supply",7,13,4.500000000000001,5.428571428571429,1.206349206349206,False
50,Moscow Oblast,36,"Water collection, treatment and supply",7,10,2.7142857142857144,2.5384615384615383,0.9352226720647773,False
50,Moscow Oblast,37,Sewerage,7,11,3.4285714285714284,3.0,0.875,False
50,Moscow Oblast,38,"Waste collection, treatment and disposal",7,13,12.571428571428571,11.357142857142858,0.9034090909090909,False
50,Moscow Oblast,39,Remediation activities,5,3,1.7142857142857144,1.2307692307692308,0.717948717948718,False
50,Moscow Oblast,41,Construction of buildings,7,13,126.66666666666669,92.93023255813954,0.7336597307221542,False
50,Moscow Oblast,42,Civil engineering,7,13,61.285714285714285,51.28571428571429,0.8368298368298369,False
50,Moscow Oblast,43,Specialised construction activities,7,13,314.40000000000003,277.7727272727273,0.883501040943789,False
50,Moscow Oblast,45,Sale and repair of motor vehicles and motorcycles,7,13,86.77777777777779,31.366336633663366,0.36145586389624873,False
50,Moscow Oblast,46,Wholesale trade,7,13,115.57142857142857,71.3896103896104,0.6177098550398922,False
50,Moscow Oblast,47,Retail trade,7,13,431.45652173913044,315.34259259259267,0.7308791887569538,False
50,Moscow Oblast,49,Land transport and pipeline transport,7,13,617.6666666666667,737.2,1.1935240151106314,False
50,Moscow Oblast,50,Water transport,6,10,2.428571428571429,2.3846153846153846,0.9819004524886876,False
50,Moscow Oblast,51,Air transport,5,9,2.7142857142857144,2.1538461538461537,0.7935222672064777,False
50,Moscow Oblast,52,Warehousing and transport support activities,7,13,52.54545454545455,57.86363636363636,1.1012110726643598,False
50,Moscow Oblast,53,Postal and courier activities,7,13,56.0,74.42857142857144,1.3290816326530615,False
50,Moscow Oblast,55,Accommodation,7,13,23.125,18.11764705882353,0.7834658187599364,False
50,Moscow Oblast,56,Food and beverage service activities,7,13,152.83333333333331,146.07407407407408,0.9557736580637345,False
50,Moscow Oblast,58,Publishing activities,7,13,7.428571428571429,7.538461538461538,1.014792899408284,False
50,Moscow Oblast,59,"Motion picture, video and television production",7,13,72.14285714285714,58.92857142857143,0.8168316831683169,False
50,Moscow Oblast,60,Programming and broadcasting activities,7,12,4.857142857142858,4.153846153846153,0.8552036199095021,False
50,Moscow Oblast,61,Telecommunications,7,12,4.666666666666667,4.3500000000000005,0.9321428571428572,False
50,Moscow Oblast,62,"Computer programming, consultancy and related activities",7,13,195.8888888888889,186.73684210526312,0.9532793981550584,False
50,Moscow Oblast,63,Information service activities,7,13,97.25,150.21428571428572,1.5446199045170768,False
50,Moscow Oblast,64,"Financial service activities, except insurance and pension funding",7,13,11.714285714285714,8.866666666666667,0.7569105691056911,False
50,Moscow Oblast,65,"Insurance, reinsurance and pension funding",4,6,1.5714285714285714,1.5384615384615383,0.979020979020979,False
50,Moscow Oblast,66,Auxiliary financial services,7,13,28.444444444444446,39.0,1.37109375,False
50,Moscow Oblast,68,Real estate activities,7,13,135.68421052631578,129.0,0.9507370054305664,False
50,Moscow Oblast,69,Legal and accounting activities,7,13,173.0,156.87499999999997,0.9067919075144507,False
50,Moscow Oblast,70,Management consultancy activities,7,13,107.85714285714286,103.87499999999999,0.9630794701986753,False
50,Moscow Oblast,71,Architectural and engineering activities,7,13,90.37500000000001,86.6875,0.9591977869986167,False
50,Moscow Oblast,72,Scientific research and development,7,13,18.142857142857142,17.384615384615383,0.9582071471835251,False
50,Moscow Oblast,73,Advertising and market research,7,13,188.57142857142858,157.9473684210526,0.8375996810207335,False
50,Moscow Oblast,74,"Other professional, scientific and technical activities",7,13,105.71428571428571,116.14285714285715,1.0986486486486489,False
50,Moscow Oblast,75,Veterinary activities,7,13,8.285714285714285,9.071428571428573,1.0948275862068968,False
50,Moscow Oblast,77,Rental and leasing activities,7,13,55.555555555555564,67.71428571428571,1.2188571428571426,False
50,Moscow Oblast,78,Employment activities,7,13,28.72727272727273,35.333333333333336,1.229957805907173,False
50,Moscow Oblast,79,Travel agency and reservation services,7,13,38.857142857142854,47.42857142857143,1.2205882352941178,False
50,Moscow Oblast,80,Security and investigation activities,7,13,8.5,11.368421052631577,1.3374613003095972,False
50,Moscow Oblast,81,Services to buildings and landscape activities,7,13,45.285714285714285,45.51851851851852,1.0051407874751723,False
50,Moscow Oblast,82,Office administrative and business support activities,7,13,77.1,87.9047619047619,1.1401395837193502,False
50,Moscow Oblast,84,Public administration and defence; compulsory social security,6,11,2.7142857142857144,3.076923076923077,1.1336032388663968,False
50,Moscow Oblast,85,Education,7,13,137.0,147.85714285714286,1.0792492179353494,False
50,Moscow Oblast,86,Human health activities,7,13,38.57142857142857,44.92857142857143,1.164814814814815,False
50,Moscow Oblast,87,Residential care activities,5,12,3.0,4.615384615384615,1.5384615384615383,False
50,Moscow Oblast,88,Social work activities without accommodation,7,13,15.714285714285714,14.307692307692308,0.9104895104895105,False
50,Moscow Oblast,90,"Creative, arts and entertainment activities",7,13,67.85714285714286,66.46153846153847,0.9794331983805669,False
50,Moscow Oblast,91,"Libraries, archives, museums and other cultural activities",5,10,2.0,2.4615384615384617,1.2307692307692308,False
50,Moscow Oblast,92,Gambling and betting activities,2,2,1.2857142857142856,1.1538461538461537,,True
50,Moscow Oblast,93,Sports activities and amusement and recreation,7,13,98.5,104.35294117647058,1.0594207226037622,False
50,Moscow Oblast,94,Activities of membership organisations,6,12,2.428571428571429,2.9230769230769234,1.2036199095022624,False
50,Moscow Oblast,95,"Repair of computers, personal and household goods",7,13,73.71428571428571,83.07692307692308,1.1270125223613596,False
50,Moscow Oblast,96,Other personal service activities,7,13,224.00000000000003,283.53333333333336,1.2657738095238096,False
50,Moscow Oblast,97,Activities of households as employers,2,7,1.2857142857142856,1.5384615384615383,,True
50,Moscow Oblast,98,OKVED 98,1,0,1.4285714285714286,1.0,,True
50,Moscow Oblast,99,Activities of extraterritorial organisations and bodies,1,1,1.1428571428571428,1.0769230769230769,,True
51,Murmansk Oblast,01,Crop and animal production,6,10,2.142857142857143,2.6153846153846154,1.2205128205128206,False
51,Murmansk Oblast,02,Forestry and logging,0,1,1.0,1.1538461538461537,,True
51,Murmansk Oblast,03,Fishing and aquaculture,6,12,3.4285714285714284,2.6923076923076925,0.7852564102564104,False
51,Murmansk Oblast,07,OKVED 07,0,0,1.0,1.0,,True
51,Murmansk Oblast,08,Other mining and quarrying,3,1,1.5714285714285714,1.0769230769230769,,True
51,Murmansk Oblast,09,Mining support services,0,1,1.0,1.0769230769230769,,True
51,Murmansk Oblast,10,Manufacture of food products,7,12,5.428571428571429,5.384615384615385,0.9919028340080972,False
51,Murmansk Oblast,11,Manufacture of beverages,3,3,1.4285714285714286,1.2307692307692308,0.8615384615384616,False
51,Murmansk Oblast,13,Manufacture of textiles,6,6,1.8571428571428572,1.4615384615384617,0.7869822485207101,False
51,Murmansk Oblast,14,Manufacture of wearing apparel,4,9,2.428571428571429,2.230769230769231,0.918552036199095,False
51,Murmansk Oblast,15,Manufacture of leather and related products,1,0,1.1428571428571428,1.0,,True
51,Murmansk Oblast,16,Wood processing,3,5,1.5714285714285714,1.6923076923076923,1.0769230769230769,False
51,Murmansk Oblast,17,Manufacture of paper and paper products,0,0,1.0,1.0,,True
51,Murmansk Oblast,18,Printing and reproduction of recorded media,3,8,1.8571428571428572,2.1538461538461537,1.1597633136094674,False
51,Murmansk Oblast,19,Manufacture of coke and refined petroleum products,0,1,1.0,1.0769230769230769,,True
51,Murmansk Oblast,20,Manufacture of chemicals and chemical products,1,5,1.1428571428571428,1.6153846153846154,,True
51,Murmansk Oblast,21,Manufacture of pharmaceutical products,0,1,1.0,1.0769230769230769,,True
51,Murmansk Oblast,22,Manufacture of rubber and plastic products,0,4,1.0,1.6153846153846154,,True
51,Murmansk Oblast,23,Other non-metallic mineral products,4,5,2.2857142857142856,2.0,0.875,False
51,Murmansk Oblast,24,Manufacture of basic metals,1,0,1.1428571428571428,1.0,,True
51,Murmansk Oblast,25,Manufacture of fabricated metal products,6,10,3.4285714285714284,2.6153846153846154,0.7628205128205129,False
51,Murmansk Oblast,26,"Manufacture of computer, electronic and optical products",2,5,1.0,1.4615384615384617,,True
51,Murmansk Oblast,27,Manufacture of electrical equipment,0,0,1.0,1.0,,True
51,Murmansk Oblast,28,Manufacture of machinery and equipment n.e.c.,0,2,1.0,1.3076923076923077,,True
51,Murmansk Oblast,29,Manufacture of motor vehicles and trailers,1,1,1.1428571428571428,1.0769230769230769,,True
51,Murmansk Oblast,30,Manufacture of other transport equipment,3,3,1.4285714285714286,1.2307692307692308,0.8615384615384616,False
51,Murmansk Oblast,31,Manufacture of furniture,6,6,2.571428571428571,2.0769230769230766,0.8076923076923077,False
51,Murmansk Oblast,32,Other manufacturing,7,10,2.142857142857143,2.6153846153846154,1.2205128205128206,False
51,Murmansk Oblast,33,Repair and installation of machinery and equipment,7,13,6.0,5.571428571428572,0.9285714285714287,False
51,Murmansk Oblast,35,"Electricity, gas, steam and air conditioning supply",1,1,1.1428571428571428,1.0769230769230769,,True
51,Murmansk Oblast,36,"Water collection, treatment and supply",2,3,1.2857142857142856,1.3076923076923077,,True
51,Murmansk Oblast,37,Sewerage,1,1,0.875,1.0769230769230769,,True
51,Murmansk Oblast,38,"Waste collection, treatment and disposal",3,5,1.4285714285714286,1.5384615384615383,1.0769230769230769,False
51,Murmansk Oblast,39,Remediation activities,0,1,1.0,1.0769230769230769,,True
51,Murmansk Oblast,41,Construction of buildings,7,13,13.000000000000002,15.500000000000002,1.1923076923076923,False
51,Murmansk Oblast,42,Civil engineering,7,11,3.4285714285714284,3.3076923076923075,0.9647435897435898,False
51,Murmansk Oblast,43,Specialised construction activities,7,13,29.714285714285715,31.692307692307693,1.066568047337278,False
51,Murmansk Oblast,45,Sale and repair of motor vehicles and motorcycles,7,13,13.75,15.8,1.1490909090909092,False
51,Murmansk Oblast,46,Wholesale trade,7,13,22.571428571428573,14.529411764705882,0.6437081161578555,False
51,Murmansk Oblast,47,Retail trade,7,13,65.0,52.375,0.8057692307692308,False
51,Murmansk Oblast,49,Land transport and pipeline transport,7,13,24.0,29.071428571428573,1.211309523809524,False
51,Murmansk Oblast,50,Water transport,4,7,1.8571428571428572,2.0,1.0769230769230769,False
51,Murmansk Oblast,51,Air transport,1,0,1.1428571428571428,1.0,,True
51,Murmansk Oblast,52,Warehousing and transport support activities,6,13,3.2500000000000004,8.357142857142858,2.571428571428571,False
51,Murmansk Oblast,53,Postal and courier activities,6,9,2.857142857142857,3.230769230769231,1.1307692307692307,False
51,Murmansk Oblast,55,Accommodation,7,13,5.0,4.538461538461538,0.9076923076923077,False
51,Murmansk Oblast,56,Food and beverage service activities,7,13,16.444444444444446,16.22222222222222,0.9864864864864863,False
51,Murmansk Oblast,58,Publishing activities,4,6,1.7142857142857144,1.6923076923076923,0.9871794871794871,False
51,Murmansk Oblast,59,"Motion picture, video and television production",4,9,2.0,2.3846153846153846,1.1923076923076923,False
51,Murmansk Oblast,60,Programming and broadcasting activities,0,0,1.0,1.0,,True
51,Murmansk Oblast,61,Telecommunications,2,4,1.2857142857142856,1.5384615384615383,,True
51,Murmansk Oblast,62,"Computer programming, consultancy and related activities",7,13,9.857142857142858,10.428571428571429,1.0579710144927537,False
51,Murmansk Oblast,63,Information service activities,7,13,4.714285714285714,9.615384615384615,2.0396270396270393,False
51,Murmansk Oblast,64,"Financial service activities, except insurance and pension funding",4,3,1.7142857142857144,1.3076923076923077,0.7628205128205128,False
51,Murmansk Oblast,65,"Insurance, reinsurance and pension funding",1,0,1.1428571428571428,1.0,,True
51,Murmansk Oblast,66,Auxiliary financial services,5,9,2.428571428571429,2.142857142857143,0.8823529411764705,False
51,Murmansk Oblast,68,Real estate activities,7,13,28.428571428571427,26.714285714285715,0.9396984924623116,False
51,Murmansk Oblast,69,Legal and accounting activities,7,13,9.125,10.538461538461538,1.154899894625922,False
51,Murmansk Oblast,70,Management consultancy activities,7,13,5.714285714285714,6.153846153846154,1.0769230769230769,False
51,Murmansk Oblast,71,Architectural and engineering activities,6,13,6.142857142857143,5.6923076923076925,0.9266547406082289,False
51,Murmansk Oblast,72,Scientific research and development,3,5,1.4285714285714286,1.6153846153846154,1.1307692307692307,False
51,Murmansk Oblast,73,Advertising and market research,7,13,12.285714285714286,15.307692307692308,1.2459749552772807,False
51,Murmansk Oblast,74,"Other professional, scientific and technical activities",7,13,5.428571428571429,7.857142857142858,1.4473684210526316,False
51,Murmansk Oblast,75,Veterinary activities,1,6,1.1428571428571428,1.4615384615384617,,True
51,Murmansk Oblast,77,Rental and leasing activities,7,13,6.857142857142857,6.769230769230769,0.9871794871794872,False
51,Murmansk Oblast,78,Employment activities,5,8,1.8571428571428572,1.7692307692307692,0.9526627218934911,False
51,Murmansk Oblast,79,Travel agency and reservation services,7,13,7.428571428571429,8.846153846153847,1.190828402366864,False
51,Murmansk Oblast,80,Security and investigation activities,3,8,1.8571428571428572,2.3076923076923075,1.242603550295858,False
51,Murmansk Oblast,81,Services to buildings and landscape activities,7,13,5.625000000000001,7.133333333333333,1.2681481481481478,False
51,Murmansk Oblast,82,Office administrative and business support activities,7,13,6.428571428571429,10.923076923076923,1.699145299145299,False
51,Murmansk Oblast,84,Public administration and defence; compulsory social security,4,1,1.5714285714285714,1.0769230769230769,,True
51,Murmansk Oblast,85,Education,7,13,8.0,10.384615384615385,1.2980769230769231,False
51,Murmansk Oblast,86,Human health activities,5,13,3.142857142857143,4.076923076923077,1.297202797202797,False
51,Murmansk Oblast,87,Residential care activities,0,1,1.0,1.1538461538461537,,True
51,Murmansk Oblast,88,Social work activities without accommodation,1,7,1.2857142857142856,1.8461538461538463,,True
51,Murmansk Oblast,90,"Creative, arts and entertainment activities",5,9,2.428571428571429,2.6153846153846154,1.0769230769230769,False
51,Murmansk Oblast,91,"Libraries, archives, museums and other cultural activities",0,0,1.0,1.0,,True
51,Murmansk Oblast,92,Gambling and betting activities,0,0,1.0,1.0,,True
51,Murmansk Oblast,93,Sports activities and amusement and recreation,7,13,7.142857142857143,7.076923076923077,0.9907692307692306,False
51,Murmansk Oblast,94,Activities of membership organisations,0,2,1.0,1.1538461538461537,,True
51,Murmansk Oblast,95,"Repair of computers, personal and household goods",7,11,4.571428571428571,4.769230769230769,1.0432692307692308,False
51,Murmansk Oblast,96,Other personal service activities,7,13,20.0,23.76923076923077,1.1884615384615385,False
51,Murmansk Oblast,97,Activities of households as employers,0,2,1.0,1.1538461538461537,,True
52,Nizhny Novgorod Oblast,01,Crop and animal production,7,13,18.75,28.214285714285715,1.5047619047619047,False
52,Nizhny Novgorod Oblast,02,Forestry and logging,6,13,5.285714285714286,6.533333333333334,1.2360360360360363,False
52,Nizhny Novgorod Oblast,03,Fishing and aquaculture,5,9,1.8571428571428572,2.4615384615384617,1.3254437869822486,False
52,Nizhny Novgorod Oblast,05,Mining of coal and lignite,0,1,1.0,1.0769230769230769,,True
52,Nizhny Novgorod Oblast,06,Extraction of crude petroleum and natural gas,0,0,1.0,1.0,,True
52,Nizhny Novgorod Oblast,07,OKVED 07,0,1,1.0,1.0769230769230769,,True
52,Nizhny Novgorod Oblast,08,Other mining and quarrying,6,11,3.0,2.9230769230769234,0.9743589743589745,False
52,Nizhny Novgorod Oblast,09,Mining support services,0,1,1.0,1.0769230769230769,,True
52,Nizhny Novgorod Oblast,10,Manufacture of food products,7,13,13.500000000000002,16.615384615384613,1.2307692307692304,False
52,Nizhny Novgorod Oblast,11,Manufacture of beverages,5,5,1.8571428571428572,1.6153846153846154,0.8698224852071006,False
52,Nizhny Novgorod Oblast,12,Manufacture of tobacco products,0,0,1.0,1.0,,True
52,Nizhny Novgorod Oblast,13,Manufacture of textiles,7,12,5.142857142857143,5.714285714285715,1.1111111111111112,False
52,Nizhny Novgorod Oblast,14,Manufacture of wearing apparel,7,13,10.285714285714286,8.5,0.8263888888888888,False
52,Nizhny Novgorod Oblast,15,Manufacture of leather and related products,3,12,1.8571428571428572,2.5384615384615383,1.3668639053254437,False
52,Nizhny Novgorod Oblast,16,Wood processing,7,13,11.250000000000002,14.071428571428571,1.2507936507936506,False
52,Nizhny Novgorod Oblast,17,Manufacture of paper and paper products,5,7,2.142857142857143,1.6923076923076923,0.7897435897435897,False
52,Nizhny Novgorod Oblast,18,Printing and reproduction of recorded media,7,11,4.857142857142858,3.8000000000000007,0.7823529411764707,False
52,Nizhny Novgorod Oblast,19,Manufacture of coke and refined petroleum products,1,1,1.1428571428571428,1.0769230769230769,,True
52,Nizhny Novgorod Oblast,20,Manufacture of chemicals and chemical products,7,12,5.5,5.461538461538462,0.993006993006993,False
52,Nizhny Novgorod Oblast,21,Manufacture of pharmaceutical products,0,2,1.0,1.1538461538461537,,True
52,Nizhny Novgorod Oblast,22,Manufacture of rubber and plastic products,7,13,6.857142857142857,7.769230769230769,1.1330128205128205,False
52,Nizhny Novgorod Oblast,23,Other non-metallic mineral products,6,13,5.0,7.357142857142858,1.4714285714285715,False
52,Nizhny Novgorod Oblast,24,Manufacture of basic metals,3,6,1.5714285714285714,1.6923076923076923,1.0769230769230769,False
52,Nizhny Novgorod Oblast,25,Manufacture of fabricated metal products,7,13,23.714285714285715,29.714285714285715,1.2530120481927711,False
52,Nizhny Novgorod Oblast,26,"Manufacture of computer, electronic and optical products",7,7,3.0,2.1538461538461537,0.717948717948718,False
52,Nizhny Novgorod Oblast,27,Manufacture of electrical equipment,5,6,2.2857142857142856,1.6923076923076923,0.7403846153846154,False
52,Nizhny Novgorod Oblast,28,Manufacture of machinery and equipment n.e.c.,7,12,3.2500000000000004,3.6923076923076925,1.1360946745562128,False
52,Nizhny Novgorod Oblast,29,Manufacture of motor vehicles and trailers,7,12,3.5714285714285716,4.153846153846153,1.163076923076923,False
52,Nizhny Novgorod Oblast,30,Manufacture of other transport equipment,6,11,3.5714285714285716,3.2142857142857144,0.9,False
52,Nizhny Novgorod Oblast,31,Manufacture of furniture,7,13,12.375,10.470588235294118,0.8461081402257873,False
52,Nizhny Novgorod Oblast,32,Other manufacturing,7,13,7.571428571428571,10.153846153846153,1.3410740203193032,False
52,Nizhny Novgorod Oblast,33,Repair and installation of machinery and equipment,7,13,12.714285714285714,13.846153846153847,1.0890233362143475,False
52,Nizhny Novgorod Oblast,35,"Electricity, gas, steam and air conditioning supply",4,8,2.0,2.769230769230769,1.3846153846153846,False
52,Nizhny Novgorod Oblast,36,"Water collection, treatment and supply",3,3,1.5714285714285714,1.3846153846153846,0.8811188811188811,False
52,Nizhny Novgorod Oblast,37,Sewerage,3,7,1.7142857142857144,2.0769230769230766,1.2115384615384612,False
52,Nizhny Novgorod Oblast,38,"Waste collection, treatment and disposal",7,13,5.0,5.076923076923077,1.0153846153846153,False
52,Nizhny Novgorod Oblast,39,Remediation activities,0,0,1.0,1.0,,True
52,Nizhny Novgorod Oblast,41,Construction of buildings,7,13,67.25000000000001,50.047619047619044,0.7442025137192422,False
52,Nizhny Novgorod Oblast,42,Civil engineering,7,13,20.0,14.785714285714286,0.7392857142857143,False
52,Nizhny Novgorod Oblast,43,Specialised construction activities,7,13,110.62500000000001,95.29411764705883,0.8614157527417746,False
52,Nizhny Novgorod Oblast,45,Sale and repair of motor vehicles and motorcycles,7,13,37.42857142857143,47.08,1.2578625954198472,False
52,Nizhny Novgorod Oblast,46,Wholesale trade,7,13,63.15384615384615,51.60606060606061,0.8171483408998634,False
52,Nizhny Novgorod Oblast,47,Retail trade,7,13,194.8421052631579,100.06578947368422,0.5135737439222042,False
52,Nizhny Novgorod Oblast,49,Land transport and pipeline transport,7,13,149.37500000000003,180.375,1.2075313807531378,False
52,Nizhny Novgorod Oblast,50,Water transport,3,6,1.5714285714285714,1.6923076923076923,1.0769230769230769,False
52,Nizhny Novgorod Oblast,51,Air transport,1,1,1.1428571428571428,1.0769230769230769,,True
52,Nizhny Novgorod Oblast,52,Warehousing and transport support activities,7,13,13.299999999999999,22.142857142857146,1.6648764769065525,False
52,Nizhny Novgorod Oblast,53,Postal and courier activities,7,13,16.142857142857142,14.307692307692308,0.8863172226004085,False
52,Nizhny Novgorod Oblast,55,Accommodation,7,13,8.285714285714285,9.153846153846153,1.1047745358090186,False
52,Nizhny Novgorod Oblast,56,Food and beverage service activities,7,13,37.9,47.6,1.2559366754617416,False
52,Nizhny Novgorod Oblast,58,Publishing activities,5,10,1.8571428571428572,2.9230769230769234,1.5739644970414202,False
52,Nizhny Novgorod Oblast,59,"Motion picture, video and television production",7,13,8.857142857142858,8.692307692307693,0.9813895781637718,False
52,Nizhny Novgorod Oblast,60,Programming and broadcasting activities,3,4,1.4285714285714286,1.3846153846153846,0.9692307692307692,False
52,Nizhny Novgorod Oblast,61,Telecommunications,4,5,2.2857142857142856,2.1538461538461537,0.9423076923076923,False
52,Nizhny Novgorod Oblast,62,"Computer programming, consultancy and related activities",7,13,61.0,65.35714285714286,1.0714285714285714,False
52,Nizhny Novgorod Oblast,63,Information service activities,7,13,14.875,37.84615384615385,2.544279250161603,False
52,Nizhny Novgorod Oblast,64,"Financial service activities, except insurance and pension funding",5,8,2.7142857142857144,3.076923076923077,1.1336032388663968,False
52,Nizhny Novgorod Oblast,65,"Insurance, reinsurance and pension funding",1,3,1.1428571428571428,1.2307692307692308,,True
52,Nizhny Novgorod Oblast,66,Auxiliary financial services,7,13,8.428571428571429,8.466666666666669,1.0045197740112997,False
52,Nizhny Novgorod Oblast,68,Real estate activities,7,13,73.71428571428571,58.91304347826087,0.7992079541624537,False
52,Nizhny Novgorod Oblast,69,Legal and accounting activities,7,13,27.714285714285715,37.15384615384615,1.3406026962727993,False
52,Nizhny Novgorod Oblast,70,Management consultancy activities,7,13,21.714285714285715,26.733333333333338,1.2311403508771932,False
52,Nizhny Novgorod Oblast,71,Architectural and engineering activities,7,13,21.0,22.307692307692307,1.0622710622710623,False
52,Nizhny Novgorod Oblast,72,Scientific research and development,7,11,6.285714285714286,7.3076923076923075,1.1625874125874125,False
52,Nizhny Novgorod Oblast,73,Advertising and market research,7,13,47.714285714285715,70.15384615384616,1.4702901888530633,False
52,Nizhny Novgorod Oblast,74,"Other professional, scientific and technical activities",7,13,25.428571428571427,32.84615384615385,1.291702679343129,False
52,Nizhny Novgorod Oblast,75,Veterinary activities,3,11,1.7142857142857144,3.0,1.7499999999999998,False
52,Nizhny Novgorod Oblast,77,Rental and leasing activities,7,13,14.285714285714286,19.46153846153846,1.3623076923076922,False
52,Nizhny Novgorod Oblast,78,Employment activities,7,13,10.285714285714286,12.153846153846153,1.1816239316239314,False
52,Nizhny Novgorod Oblast,79,Travel agency and reservation services,7,13,6.857142857142857,12.76923076923077,1.8621794871794874,False
52,Nizhny Novgorod Oblast,80,Security and investigation activities,5,12,2.625,2.764705882352941,1.0532212885154062,False
52,Nizhny Novgorod Oblast,81,Services to buildings and landscape activities,7,13,21.285714285714285,20.5,0.9630872483221476,False
52,Nizhny Novgorod Oblast,82,Office administrative and business support activities,7,13,24.714285714285715,38.76923076923077,1.568697198755002,False
52,Nizhny Novgorod Oblast,84,Public administration and defence; compulsory social security,3,5,1.5714285714285714,1.5384615384615383,0.979020979020979,False
52,Nizhny Novgorod Oblast,85,Education,7,13,29.428571428571427,33.92307692307692,1.1527259148618372,False
52,Nizhny Novgorod Oblast,86,Human health activities,7,13,7.857142857142857,10.470588235294118,1.332620320855615,False
52,Nizhny Novgorod Oblast,87,Residential care activities,3,7,1.5714285714285714,1.6428571428571428,1.0454545454545454,False
52,Nizhny Novgorod Oblast,88,Social work activities without accommodation,7,13,4.714285714285714,4.230769230769231,0.8974358974358975,False
52,Nizhny Novgorod Oblast,90,"Creative, arts and entertainment activities",7,13,12.142857142857142,13.615384615384615,1.1212669683257919,False
52,Nizhny Novgorod Oblast,91,"Libraries, archives, museums and other cultural activities",2,6,1.2857142857142856,1.4615384615384617,,True
52,Nizhny Novgorod Oblast,92,Gambling and betting activities,0,2,1.0,1.1538461538461537,,True
52,Nizhny Novgorod Oblast,93,Sports activities and amusement and recreation,7,13,31.142857142857142,34.30769230769231,1.1016231474947071,False
52,Nizhny Novgorod Oblast,94,Activities of membership organisations,2,6,1.2857142857142856,1.6923076923076923,,True
52,Nizhny Novgorod Oblast,95,"Repair of computers, personal and household goods",7,13,15.857142857142858,19.928571428571427,1.2567567567567566,False
52,Nizhny Novgorod Oblast,96,Other personal service activities,7,13,71.71428571428571,83.23076923076923,1.1605884155684953,False
52,Nizhny Novgorod Oblast,97,Activities of households as employers,0,0,1.0,1.0,,True
53,Novgorod Oblast,01,Crop and animal production,7,13,9.142857142857142,9.153846153846153,1.0012019230769231,False
53,Novgorod Oblast,02,Forestry and logging,6,11,3.142857142857143,3.6153846153846154,1.1503496503496504,False
53,Novgorod Oblast,03,Fishing and aquaculture,3,5,2.0,1.9230769230769231,0.9615384615384616,False
53,Novgorod Oblast,06,Extraction of crude petroleum and natural gas,0,0,1.0,1.0,,True
53,Novgorod Oblast,07,OKVED 07,0,1,1.0,1.0769230769230769,,True
53,Novgorod Oblast,08,Other mining and quarrying,3,4,1.4285714285714286,1.4615384615384617,1.0230769230769232,False
53,Novgorod Oblast,09,Mining support services,0,0,1.0,1.0,,True
53,Novgorod Oblast,10,Manufacture of food products,7,13,4.714285714285714,4.230769230769231,0.8974358974358975,False
53,Novgorod Oblast,11,Manufacture of beverages,2,4,1.2857142857142856,1.3846153846153846,,True
53,Novgorod Oblast,13,Manufacture of textiles,4,5,2.2857142857142856,1.7692307692307692,0.7740384615384616,False
53,Novgorod Oblast,14,Manufacture of wearing apparel,6,12,3.4285714285714284,2.6923076923076925,0.7852564102564104,False
53,Novgorod Oblast,15,Manufacture of leather and related products,0,2,1.0,1.1538461538461537,,True
53,Novgorod Oblast,16,Wood processing,7,13,7.428571428571429,8.071428571428573,1.0865384615384617,False
53,Novgorod Oblast,17,Manufacture of paper and paper products,1,1,1.1428571428571428,1.0769230769230769,,True
53,Novgorod Oblast,18,Printing and reproduction of recorded media,2,7,1.5714285714285714,1.6923076923076923,,True
53,Novgorod Oblast,20,Manufacture of chemicals and chemical products,4,6,1.8571428571428572,1.5384615384615383,0.8284023668639052,False
53,Novgorod Oblast,21,Manufacture of pharmaceutical products,0,1,1.0,1.0769230769230769,,True
53,Novgorod Oblast,22,Manufacture of rubber and plastic products,5,7,1.8571428571428572,2.1538461538461537,1.1597633136094674,False
53,Novgorod Oblast,23,Other non-metallic mineral products,2,5,1.2857142857142856,1.4615384615384617,,True
53,Novgorod Oblast,24,Manufacture of basic metals,0,5,1.0,1.6153846153846154,,True
53,Novgorod Oblast,25,Manufacture of fabricated metal products,7,12,4.857142857142858,5.076923076923077,1.0452488687782804,False
53,Novgorod Oblast,26,"Manufacture of computer, electronic and optical products",2,5,1.2857142857142856,1.3846153846153846,,True
53,Novgorod Oblast,27,Manufacture of electrical equipment,1,1,1.2857142857142856,1.0769230769230769,,True
53,Novgorod Oblast,28,Manufacture of machinery and equipment n.e.c.,1,4,1.1428571428571428,1.4615384615384617,,True
53,Novgorod Oblast,29,Manufacture of motor vehicles and trailers,0,0,1.0,1.0,,True
53,Novgorod Oblast,30,Manufacture of other transport equipment,1,3,1.1428571428571428,1.2307692307692308,,True
53,Novgorod Oblast,31,Manufacture of furniture,5,10,2.0,2.5384615384615383,1.2692307692307692,False
53,Novgorod Oblast,32,Other manufacturing,6,9,2.2857142857142856,2.6153846153846154,1.1442307692307694,False
53,Novgorod Oblast,33,Repair and installation of machinery and equipment,6,10,3.2857142857142856,2.9230769230769234,0.8896321070234114,False
53,Novgorod Oblast,35,"Electricity, gas, steam and air conditioning supply",0,3,1.0,1.3076923076923077,,True
53,Novgorod Oblast,36,"Water collection, treatment and supply",0,2,1.0,1.1538461538461537,,True
53,Novgorod Oblast,37,Sewerage,0,2,1.0,1.2307692307692308,,True
53,Novgorod Oblast,38,"Waste collection, treatment and disposal",3,7,1.5714285714285714,1.8461538461538463,1.174825174825175,False
53,Novgorod Oblast,41,Construction of buildings,7,13,22.285714285714285,19.400000000000002,0.8705128205128206,False
53,Novgorod Oblast,42,Civil engineering,7,12,4.142857142857142,4.230769230769231,1.0212201591511938,False
53,Novgorod Oblast,43,Specialised construction activities,7,13,26.0,30.307692307692307,1.165680473372781,False
53,Novgorod Oblast,45,Sale and repair of motor vehicles and motorcycles,7,13,13.714285714285714,15.615384615384615,1.138621794871795,False
53,Novgorod Oblast,46,Wholesale trade,7,13,17.0,18.214285714285715,1.0714285714285714,False
53,Novgorod Oblast,47,Retail trade,7,13,58.18181818181819,77.125,1.3255859374999999,False
53,Novgorod Oblast,49,Land transport and pipeline transport,7,13,33.857142857142854,51.46153846153846,1.5199610516066213,False
53,Novgorod Oblast,50,Water transport,0,1,1.0,1.0769230769230769,,True
53,Novgorod Oblast,51,Air transport,0,0,1.0,1.0,,True
53,Novgorod Oblast,52,Warehousing and transport support activities,6,13,3.7142857142857144,4.615384615384615,1.242603550295858,False
53,Novgorod Oblast,53,Postal and courier activities,6,12,3.5714285714285716,3.4615384615384617,0.9692307692307692,False
53,Novgorod Oblast,55,Accommodation,7,8,3.4285714285714284,2.4615384615384617,0.7179487179487181,False
53,Novgorod Oblast,56,Food and beverage service activities,7,13,12.285714285714286,14.642857142857144,1.1918604651162792,False
53,Novgorod Oblast,58,Publishing activities,3,4,1.4285714285714286,1.4615384615384617,1.0230769230769232,False
53,Novgorod Oblast,59,"Motion picture, video and television production",6,9,2.571428571428571,2.3076923076923075,0.8974358974358975,False
53,Novgorod Oblast,60,Programming and broadcasting activities,0,1,1.0,1.0769230769230769,,True
53,Novgorod Oblast,61,Telecommunications,3,4,1.4285714285714286,1.4615384615384617,1.0230769230769232,False
53,Novgorod Oblast,62,"Computer programming, consultancy and related activities",7,13,10.571428571428571,10.384615384615385,0.9823284823284824,False
53,Novgorod Oblast,63,Information service activities,5,13,3.142857142857143,6.461538461538462,2.055944055944056,False
53,Novgorod Oblast,64,"Financial service activities, except insurance and pension funding",3,5,1.4285714285714286,1.5384615384615383,1.0769230769230769,False
53,Novgorod Oblast,66,Auxiliary financial services,4,7,1.8571428571428572,1.8461538461538463,0.9940828402366864,False
53,Novgorod Oblast,68,Real estate activities,7,13,14.142857142857142,18.846153846153847,1.3325563325563325,False
53,Novgorod Oblast,69,Legal and accounting activities,7,13,5.142857142857143,7.230769230769231,1.4059829059829059,False
53,Novgorod Oblast,70,Management consultancy activities,7,13,3.4285714285714284,4.923076923076923,1.4358974358974361,False
53,Novgorod Oblast,71,Architectural and engineering activities,7,11,3.3750000000000004,5.846153846153846,1.732193732193732,False
53,Novgorod Oblast,72,Scientific research and development,5,10,2.857142857142857,2.3846153846153846,0.8346153846153845,False
53,Novgorod Oblast,73,Advertising and market research,7,13,8.285714285714285,12.538461538461538,1.5132625994694962,False
53,Novgorod Oblast,74,"Other professional, scientific and technical activities",7,13,4.428571428571429,6.923076923076923,1.563275434243176,False
53,Novgorod Oblast,75,Veterinary activities,2,4,1.2857142857142856,1.3076923076923077,,True
53,Novgorod Oblast,77,Rental and leasing activities,5,13,3.2857142857142856,4.538461538461538,1.3812709030100334,False
53,Novgorod Oblast,78,Employment activities,5,8,2.0,1.9230769230769231,0.9615384615384616,False
53,Novgorod Oblast,79,Travel agency and reservation services,4,10,2.0,3.3846153846153846,1.6923076923076923,False
53,Novgorod Oblast,80,Security and investigation activities,3,3,1.5714285714285714,1.2142857142857144,0.7727272727272728,False
53,Novgorod Oblast,81,Services to buildings and landscape activities,7,13,5.142857142857143,5.923076923076923,1.1517094017094016,False
53,Novgorod Oblast,82,Office administrative and business support activities,7,13,6.571428571428571,6.333333333333334,0.9637681159420292,False
53,Novgorod Oblast,84,Public administration and defence; compulsory social security,0,1,1.0,1.0769230769230769,,True
53,Novgorod Oblast,85,Education,7,12,5.571428571428571,6.153846153846154,1.1045364891518739,False
53,Novgorod Oblast,86,Human health activities,6,8,2.428571428571429,2.3846153846153846,0.9819004524886876,False
53,Novgorod Oblast,87,Residential care activities,1,0,1.1428571428571428,1.0,,True
53,Novgorod Oblast,88,Social work activities without accommodation,2,6,1.5714285714285714,1.5384615384615383,,True
53,Novgorod Oblast,90,"Creative, arts and entertainment activities",7,12,3.0,2.769230769230769,0.923076923076923,False
53,Novgorod Oblast,91,"Libraries, archives, museums and other cultural activities",2,1,1.2857142857142856,1.0769230769230769,,True
53,Novgorod Oblast,92,Gambling and betting activities,0,0,1.0,1.0,,True
53,Novgorod Oblast,93,Sports activities and amusement and recreation,7,13,5.0,7.3076923076923075,1.4615384615384615,False
53,Novgorod Oblast,94,Activities of membership organisations,1,3,1.1428571428571428,1.3076923076923077,,True
53,Novgorod Oblast,95,"Repair of computers, personal and household goods",7,12,4.0,4.230769230769231,1.0576923076923077,False
53,Novgorod Oblast,96,Other personal service activities,7,13,14.285714285714286,13.384615384615385,0.9369230769230769,False
53,Novgorod Oblast,97,Activities of households as employers,1,1,1.1428571428571428,1.0769230769230769,,True
53,Novgorod Oblast,98,OKVED 98,0,2,1.0,1.1538461538461537,,True
54,Novosibirsk Oblast,01,Crop and animal production,7,13,21.285714285714285,20.133333333333333,0.9458612975391499,False
54,Novosibirsk Oblast,02,Forestry and logging,6,12,4.714285714285714,5.153846153846154,1.0932400932400932,False
54,Novosibirsk Oblast,03,Fishing and aquaculture,5,9,2.142857142857143,2.5384615384615383,1.1846153846153846,False
54,Novosibirsk Oblast,05,Mining of coal and lignite,1,0,1.1428571428571428,1.0,,True
54,Novosibirsk Oblast,06,Extraction of crude petroleum and natural gas,1,0,1.1428571428571428,1.0,,True
54,Novosibirsk Oblast,07,OKVED 07,4,3,2.0,1.3846153846153846,0.6923076923076923,False
54,Novosibirsk Oblast,08,Other mining and quarrying,1,4,1.1428571428571428,1.5384615384615383,,True
54,Novosibirsk Oblast,09,Mining support services,3,3,1.4285714285714286,1.2307692307692308,0.8615384615384616,False
54,Novosibirsk Oblast,10,Manufacture of food products,7,13,20.125,18.789473684210524,0.9336384439359267,False
54,Novosibirsk Oblast,11,Manufacture of beverages,4,6,2.142857142857143,1.6153846153846154,0.7538461538461538,False
54,Novosibirsk Oblast,12,Manufacture of tobacco products,2,2,1.2857142857142856,1.1538461538461537,,True
54,Novosibirsk Oblast,13,Manufacture of textiles,7,12,4.142857142857142,4.857142857142858,1.1724137931034486,False
54,Novosibirsk Oblast,14,Manufacture of wearing apparel,7,13,19.285714285714285,13.999999999999998,0.7259259259259259,False
54,Novosibirsk Oblast,15,Manufacture of leather and related products,5,7,1.8571428571428572,1.7692307692307692,0.9526627218934911,False
54,Novosibirsk Oblast,16,Wood processing,7,13,8.0,8.692307692307693,1.0865384615384617,False
54,Novosibirsk Oblast,17,Manufacture of paper and paper products,4,5,1.7142857142857144,1.2857142857142858,0.75,False
54,Novosibirsk Oblast,18,Printing and reproduction of recorded media,7,13,5.714285714285714,7.076923076923077,1.2384615384615383,False
54,Novosibirsk Oblast,19,Manufacture of coke and refined petroleum products,1,1,1.1428571428571428,1.0769230769230769,,True
54,Novosibirsk Oblast,20,Manufacture of chemicals and chemical products,7,13,6.714285714285714,6.3076923076923075,0.939443535188216,False
54,Novosibirsk Oblast,21,Manufacture of pharmaceutical products,5,5,1.8571428571428572,1.3846153846153846,0.7455621301775147,False
54,Novosibirsk Oblast,22,Manufacture of rubber and plastic products,7,13,6.0,6.214285714285714,1.0357142857142858,False
54,Novosibirsk Oblast,23,Other non-metallic mineral products,7,13,3.8000000000000003,6.0,1.5789473684210524,False
54,Novosibirsk Oblast,24,Manufacture of basic metals,4,5,1.7142857142857144,1.5384615384615383,0.8974358974358972,False
54,Novosibirsk Oblast,25,Manufacture of fabricated metal products,7,13,20.857142857142858,21.6,1.0356164383561643,False
54,Novosibirsk Oblast,26,"Manufacture of computer, electronic and optical products",6,9,3.5714285714285716,2.8000000000000003,0.784,False
54,Novosibirsk Oblast,27,Manufacture of electrical equipment,5,11,2.5,3.076923076923077,1.2307692307692308,False
54,Novosibirsk Oblast,28,Manufacture of machinery and equipment n.e.c.,7,12,4.142857142857142,4.923076923076923,1.1883289124668437,False
54,Novosibirsk Oblast,29,Manufacture of motor vehicles and trailers,3,6,1.4285714285714286,1.8461538461538463,1.2923076923076924,False
54,Novosibirsk Oblast,30,Manufacture of other transport equipment,5,8,2.428571428571429,1.8461538461538463,0.7601809954751131,False
54,Novosibirsk Oblast,31,Manufacture of furniture,7,13,18.0,17.076923076923077,0.9487179487179487,False
54,Novosibirsk Oblast,32,Other manufacturing,7,13,7.428571428571429,11.384615384615385,1.532544378698225,False
54,Novosibirsk Oblast,33,Repair and installation of machinery and equipment,7,13,15.428571428571429,15.714285714285715,1.0185185185185186,False
54,Novosibirsk Oblast,35,"Electricity, gas, steam and air conditioning supply",5,10,1.75,3.1538461538461537,1.8021978021978022,False
54,Novosibirsk Oblast,36,"Water collection, treatment and supply",2,4,1.4285714285714286,1.2142857142857144,,True
54,Novosibirsk Oblast,37,Sewerage,5,12,2.7142857142857144,3.6923076923076925,1.360323886639676,False
54,Novosibirsk Oblast,38,"Waste collection, treatment and disposal",7,11,4.428571428571429,3.357142857142857,0.7580645161290323,False
54,Novosibirsk Oblast,39,Remediation activities,0,2,1.0,1.1538461538461537,,True
54,Novosibirsk Oblast,41,Construction of buildings,7,13,76.1,73.33333333333333,0.9636443276390714,False
54,Novosibirsk Oblast,42,Civil engineering,7,13,15.11111111111111,14.857142857142858,0.9831932773109244,False
54,Novosibirsk Oblast,43,Specialised construction activities,7,13,116.1,120.66666666666666,1.0393339075509618,False
54,Novosibirsk Oblast,45,Sale and repair of motor vehicles and motorcycles,7,13,80.71428571428571,70.25,0.870353982300885,False
54,Novosibirsk Oblast,46,Wholesale trade,7,13,53.66666666666667,51.86363636363637,0.9664031620553359,False
54,Novosibirsk Oblast,47,Retail trade,7,13,195.47826086956525,115.02666666666667,0.5884371293001186,False
54,Novosibirsk Oblast,49,Land transport and pipeline transport,7,13,144.22222222222223,203.05882352941177,1.4079579443487718,False
54,Novosibirsk Oblast,50,Water transport,5,5,2.142857142857143,1.6153846153846154,0.7538461538461538,False
54,Novosibirsk Oblast,51,Air transport,0,2,1.0,1.1538461538461537,,True
54,Novosibirsk Oblast,52,Warehousing and transport support activities,7,13,31.285714285714285,25.444444444444446,0.8132927447995942,False
54,Novosibirsk Oblast,53,Postal and courier activities,7,13,8.857142857142858,10.142857142857144,1.1451612903225807,False
54,Novosibirsk Oblast,55,Accommodation,7,13,7.428571428571429,9.23076923076923,1.242603550295858,False
54,Novosibirsk Oblast,56,Food and beverage service activities,7,13,44.76923076923077,45.900000000000006,1.025257731958763,False
54,Novosibirsk Oblast,58,Publishing activities,5,11,2.0,2.769230769230769,1.3846153846153846,False
54,Novosibirsk Oblast,59,"Motion picture, video and television production",7,13,8.714285714285715,9.923076923076923,1.1387137452711222,False
54,Novosibirsk Oblast,60,Programming and broadcasting activities,0,2,1.0,1.1538461538461537,,True
54,Novosibirsk Oblast,61,Telecommunications,5,7,3.0,2.5384615384615383,0.8461538461538461,False
54,Novosibirsk Oblast,62,"Computer programming, consultancy and related activities",7,13,61.22222222222222,58.35000000000001,0.9530852994555356,False
54,Novosibirsk Oblast,63,Information service activities,7,13,32.14285714285714,49.76923076923077,1.5483760683760686,False
54,Novosibirsk Oblast,64,"Financial service activities, except insurance and pension funding",7,12,4.142857142857142,4.384615384615385,1.0583554376657827,False
54,Novosibirsk Oblast,65,"Insurance, reinsurance and pension funding",1,2,1.1428571428571428,1.1538461538461537,,True
54,Novosibirsk Oblast,66,Auxiliary financial services,7,13,8.285714285714285,8.333333333333334,1.0057471264367819,False
54,Novosibirsk Oblast,68,Real estate activities,7,13,108.37500000000001,107.27777777777779,0.9898756888376264,False
54,Novosibirsk Oblast,69,Legal and accounting activities,7,13,48.42857142857143,52.46153846153846,1.0832766054004992,False
54,Novosibirsk Oblast,70,Management consultancy activities,7,13,27.000000000000004,33.214285714285715,1.23015873015873,False
54,Novosibirsk Oblast,71,Architectural and engineering activities,7,13,24.111111111111114,27.533333333333335,1.1419354838709677,False
54,Novosibirsk Oblast,72,Scientific research and development,7,12,11.428571428571429,9.384615384615385,0.8211538461538461,False
54,Novosibirsk Oblast,73,Advertising and market research,7,13,51.857142857142854,78.33333333333334,1.5105601469237835,False
54,Novosibirsk Oblast,74,"Other professional, scientific and technical activities",7,13,28.714285714285715,37.61538461538461,1.3099885189437428,False
54,Novosibirsk Oblast,75,Veterinary activities,5,10,2.0,2.357142857142857,1.1785714285714286,False
54,Novosibirsk Oblast,77,Rental and leasing activities,7,13,20.875,20.0,0.9580838323353293,False
54,Novosibirsk Oblast,78,Employment activities,7,13,12.285714285714286,12.0,0.9767441860465116,False
54,Novosibirsk Oblast,79,Travel agency and reservation services,7,13,8.857142857142858,10.692307692307692,1.2071960297766748,False
54,Novosibirsk Oblast,80,Security and investigation activities,7,13,6.625,4.142857142857143,0.6253369272237197,False
54,Novosibirsk Oblast,81,Services to buildings and landscape activities,7,13,27.11111111111111,26.058823529411768,0.9611861137897784,False
54,Novosibirsk Oblast,82,Office administrative and business support activities,7,13,41.57142857142857,49.29411764705882,1.1857691530220336,False
54,Novosibirsk Oblast,84,Public administration and defence; compulsory social security,2,5,1.2857142857142856,1.4615384615384617,,True
54,Novosibirsk Oblast,85,Education,7,13,40.857142857142854,44.92307692307692,1.099515868746638,False
54,Novosibirsk Oblast,86,Human health activities,7,13,13.0,9.647058823529411,0.7420814479638008,False
54,Novosibirsk Oblast,87,Residential care activities,4,3,1.7142857142857144,1.3076923076923077,0.7628205128205128,False
54,Novosibirsk Oblast,88,Social work activities without accommodation,7,13,4.428571428571429,5.0,1.129032258064516,False
54,Novosibirsk Oblast,90,"Creative, arts and entertainment activities",7,13,10.0,12.615384615384615,1.2615384615384615,False
54,Novosibirsk Oblast,91,"Libraries, archives, museums and other cultural activities",1,2,1.1428571428571428,1.3076923076923077,,True
54,Novosibirsk Oblast,92,Gambling and betting activities,1,1,1.1428571428571428,1.1538461538461537,,True
54,Novosibirsk Oblast,93,Sports activities and amusement and recreation,7,13,39.57142857142857,40.15384615384615,1.014718133851708,False
54,Novosibirsk Oblast,94,Activities of membership organisations,1,4,1.1428571428571428,1.3846153846153846,,True
54,Novosibirsk Oblast,95,"Repair of computers, personal and household goods",7,13,23.0,23.923076923076923,1.040133779264214,False
54,Novosibirsk Oblast,96,Other personal service activities,7,13,88.14285714285714,96.5,1.0948136142625609,False
54,Novosibirsk Oblast,97,Activities of households as employers,0,4,1.0,1.3846153846153846,,True
54,Novosibirsk Oblast,98,OKVED 98,0,0,1.0,1.0,,True
55,Omsk Oblast,01,Crop and animal production,7,13,14.625000000000002,17.785714285714285,1.2161172161172158,False
55,Omsk Oblast,02,Forestry and logging,4,12,2.571428571428571,3.769230769230769,1.465811965811966,False
55,Omsk Oblast,03,Fishing and aquaculture,4,10,1.7142857142857144,2.0769230769230766,1.2115384615384612,False
55,Omsk Oblast,06,Extraction of crude petroleum and natural gas,1,0,1.1428571428571428,1.0,,True
55,Omsk Oblast,07,OKVED 07,1,1,1.1428571428571428,1.0769230769230769,,True
55,Omsk Oblast,08,Other mining and quarrying,1,2,1.1428571428571428,1.1538461538461537,,True
55,Omsk Oblast,09,Mining support services,1,1,1.1428571428571428,1.0769230769230769,,True
55,Omsk Oblast,10,Manufacture of food products,7,13,8.857142857142858,9.26315789473684,1.0458404074702885,False
55,Omsk Oblast,11,Manufacture of beverages,4,5,1.8571428571428572,1.4615384615384617,0.7869822485207101,False
55,Omsk Oblast,12,Manufacture of tobacco products,0,2,1.0,1.1538461538461537,,True
55,Omsk Oblast,13,Manufacture of textiles,7,12,4.0,3.6923076923076925,0.9230769230769231,False
55,Omsk Oblast,14,Manufacture of wearing apparel,7,13,5.25,7.076923076923077,1.3479853479853479,False
55,Omsk Oblast,15,Manufacture of leather and related products,4,5,1.5714285714285714,1.4615384615384617,0.9300699300699302,False
55,Omsk Oblast,16,Wood processing,7,13,5.142857142857143,4.923076923076923,0.9572649572649572,False
55,Omsk Oblast,17,Manufacture of paper and paper products,1,1,1.1428571428571428,1.0769230769230769,,True
55,Omsk Oblast,18,Printing and reproduction of recorded media,6,10,3.142857142857143,2.9230769230769234,0.9300699300699302,False
55,Omsk Oblast,19,Manufacture of coke and refined petroleum products,0,0,1.0,1.0,,True
55,Omsk Oblast,20,Manufacture of chemicals and chemical products,7,10,2.428571428571429,2.769230769230769,1.1402714932126696,False
55,Omsk Oblast,21,Manufacture of pharmaceutical products,1,0,1.1428571428571428,1.0,,True
55,Omsk Oblast,22,Manufacture of rubber and plastic products,7,13,3.857142857142857,3.142857142857143,0.8148148148148148,False
55,Omsk Oblast,23,Other non-metallic mineral products,6,10,2.875,3.5714285714285716,1.2422360248447206,False
55,Omsk Oblast,24,Manufacture of basic metals,3,3,1.7142857142857144,1.142857142857143,0.6666666666666667,False
55,Omsk Oblast,25,Manufacture of fabricated metal products,7,13,7.750000000000001,9.857142857142858,1.2718894009216588,False
55,Omsk Oblast,26,"Manufacture of computer, electronic and optical products",3,8,1.5714285714285714,2.0,1.2727272727272727,False
55,Omsk Oblast,27,Manufacture of electrical equipment,3,4,1.4285714285714286,1.4615384615384617,1.0230769230769232,False
55,Omsk Oblast,28,Manufacture of machinery and equipment n.e.c.,6,9,3.0,2.5384615384615383,0.8461538461538461,False
55,Omsk Oblast,29,Manufacture of motor vehicles and trailers,1,2,1.1428571428571428,1.1538461538461537,,True
55,Omsk Oblast,30,Manufacture of other transport equipment,4,2,1.7142857142857144,1.1538461538461537,,True
55,Omsk Oblast,31,Manufacture of furniture,7,13,6.500000000000001,7.6923076923076925,1.1834319526627217,False
55,Omsk Oblast,32,Other manufacturing,7,12,3.4285714285714284,5.0,1.4583333333333335,False
55,Omsk Oblast,33,Repair and installation of machinery and equipment,7,13,8.285714285714285,8.846153846153847,1.06763925729443,False
55,Omsk Oblast,35,"Electricity, gas, steam and air conditioning supply",0,3,1.0,1.5,,True
55,Omsk Oblast,36,"Water collection, treatment and supply",1,5,1.1428571428571428,1.3846153846153846,,True
55,Omsk Oblast,37,Sewerage,2,8,1.4285714285714286,2.6153846153846154,,True
55,Omsk Oblast,38,"Waste collection, treatment and disposal",6,11,2.2857142857142856,3.0,1.3125,False
55,Omsk Oblast,39,Remediation activities,1,2,1.1428571428571428,1.1538461538461537,,True
55,Omsk Oblast,41,Construction of buildings,7,13,57.57142857142857,50.53333333333334,0.877750206782465,False
55,Omsk Oblast,42,Civil engineering,7,13,10.125,11.642857142857144,1.1499118165784834,False
55,Omsk Oblast,43,Specialised construction activities,7,13,67.125,75.84615384615384,1.1299240796447498,False
55,Omsk Oblast,45,Sale and repair of motor vehicles and motorcycles,7,13,33.62500000000001,30.052631578947363,0.8937585599686946,False
55,Omsk Oblast,46,Wholesale trade,7,13,39.199999999999996,45.5625,1.162308673469388,False
55,Omsk Oblast,47,Retail trade,7,13,152.86666666666667,94.78846153846153,0.6200727968063335,False
55,Omsk Oblast,49,Land transport and pipeline transport,7,13,91.55555555555556,134.00000000000003,1.463592233009709,False
55,Omsk Oblast,50,Water transport,2,5,1.4285714285714286,1.3846153846153846,,True
55,Omsk Oblast,51,Air transport,0,1,1.0,1.0769230769230769,,True
55,Omsk Oblast,52,Warehousing and transport support activities,7,13,11.428571428571429,12.571428571428571,1.0999999999999999,False
55,Omsk Oblast,53,Postal and courier activities,7,13,4.714285714285714,8.0,1.696969696969697,False
55,Omsk Oblast,55,Accommodation,7,10,3.7142857142857144,3.230769230769231,0.8698224852071006,False
55,Omsk Oblast,56,Food and beverage service activities,7,13,39.25,22.142857142857146,0.5641492265696089,False
55,Omsk Oblast,58,Publishing activities,3,3,2.0,1.3846153846153846,0.6923076923076923,False
55,Omsk Oblast,59,"Motion picture, video and television production",7,12,4.714285714285714,5.230769230769231,1.1095571095571095,False
55,Omsk Oblast,60,Programming and broadcasting activities,0,0,1.0,1.0,,True
55,Omsk Oblast,61,Telecommunications,2,9,1.2857142857142856,2.1538461538461537,,True
55,Omsk Oblast,62,"Computer programming, consultancy and related activities",7,13,36.42857142857143,42.0,1.1529411764705881,False
55,Omsk Oblast,63,Information service activities,7,13,13.714285714285714,20.76923076923077,1.514423076923077,False
55,Omsk Oblast,64,"Financial service activities, except insurance and pension funding",3,9,1.5714285714285714,1.9230769230769231,1.2237762237762237,False
55,Omsk Oblast,65,"Insurance, reinsurance and pension funding",0,1,1.0,1.0769230769230769,,True
55,Omsk Oblast,66,Auxiliary financial services,7,13,3.857142857142857,4.230769230769231,1.0968660968660968,False
55,Omsk Oblast,68,Real estate activities,7,13,26.90909090909091,35.38888888888889,1.3151276276276278,False
55,Omsk Oblast,69,Legal and accounting activities,7,13,16.250000000000004,20.357142857142858,1.2527472527472525,False
55,Omsk Oblast,70,Management consultancy activities,7,13,11.428571428571429,12.214285714285714,1.0687499999999999,False
55,Omsk Oblast,71,Architectural and engineering activities,7,13,13.571428571428571,16.53846153846154,1.2186234817813766,False
55,Omsk Oblast,72,Scientific research and development,5,11,3.857142857142857,3.6153846153846154,0.9373219373219374,False
55,Omsk Oblast,73,Advertising and market research,7,13,27.714285714285715,43.92857142857143,1.5850515463917525,False
55,Omsk Oblast,74,"Other professional, scientific and technical activities",7,13,11.0,19.46153846153846,1.7692307692307692,False
55,Omsk Oblast,75,Veterinary activities,3,8,2.142857142857143,2.3076923076923075,1.0769230769230769,False
55,Omsk Oblast,77,Rental and leasing activities,7,13,9.142857142857142,7.571428571428571,0.828125,False
55,Omsk Oblast,78,Employment activities,7,13,6.857142857142857,7.384615384615385,1.076923076923077,False
55,Omsk Oblast,79,Travel agency and reservation services,7,12,3.2857142857142856,5.153846153846154,1.568561872909699,False
55,Omsk Oblast,80,Security and investigation activities,3,9,1.875,2.3076923076923075,1.2307692307692306,False
55,Omsk Oblast,81,Services to buildings and landscape activities,7,13,9.2,11.533333333333335,1.2536231884057973,False
55,Omsk Oblast,82,Office administrative and business support activities,7,13,15.571428571428571,30.153846153846153,1.936485532815808,False
55,Omsk Oblast,84,Public administration and defence; compulsory social security,1,0,1.1428571428571428,1.0,,True
55,Omsk Oblast,85,Education,7,13,22.875,22.92857142857143,1.0023419203747073,False
55,Omsk Oblast,86,Human health activities,7,13,7.0,6.714285714285714,0.9591836734693878,False
55,Omsk Oblast,87,Residential care activities,1,2,1.1428571428571428,1.3076923076923077,,True
55,Omsk Oblast,88,Social work activities without accommodation,4,10,2.142857142857143,2.0,0.9333333333333333,False
55,Omsk Oblast,90,"Creative, arts and entertainment activities",7,13,4.857142857142858,5.538461538461538,1.1402714932126696,False
55,Omsk Oblast,91,"Libraries, archives, museums and other cultural activities",0,2,1.0,1.1538461538461537,,True
55,Omsk Oblast,92,Gambling and betting activities,0,2,1.0,1.1538461538461537,,True
55,Omsk Oblast,93,Sports activities and amusement and recreation,7,13,16.285714285714285,12.625,0.7752192982456141,False
55,Omsk Oblast,94,Activities of membership organisations,2,5,1.2857142857142856,1.4615384615384617,,True
55,Omsk Oblast,95,"Repair of computers, personal and household goods",7,13,10.285714285714286,13.461538461538462,1.3087606837606838,False
55,Omsk Oblast,96,Other personal service activities,7,13,49.142857142857146,53.0,1.0784883720930232,False
55,Omsk Oblast,97,Activities of households as employers,0,0,1.0,1.0,,True
56,Orenburg Oblast,01,Crop and animal production,7,13,31.333333333333336,49.785714285714285,1.5889057750759876,False
56,Orenburg Oblast,02,Forestry and logging,3,5,1.5714285714285714,1.6153846153846154,1.027972027972028,False
56,Orenburg Oblast,03,Fishing and aquaculture,6,10,2.0,2.3846153846153846,1.1923076923076923,False
56,Orenburg Oblast,05,Mining of coal and lignite,0,1,1.0,1.0769230769230769,,True
56,Orenburg Oblast,06,Extraction of crude petroleum and natural gas,3,0,1.4285714285714286,1.0,,True
56,Orenburg Oblast,07,OKVED 07,1,2,1.1428571428571428,1.1538461538461537,,True
56,Orenburg Oblast,08,Other mining and quarrying,5,1,3.142857142857143,1.0769230769230769,,True
56,Orenburg Oblast,09,Mining support services,5,6,1.75,1.7692307692307692,1.010989010989011,False
56,Orenburg Oblast,10,Manufacture of food products,7,13,11.571428571428571,9.352941176470587,0.8082788671023964,False
56,Orenburg Oblast,11,Manufacture of beverages,2,7,1.2857142857142856,1.6923076923076923,,True
56,Orenburg Oblast,12,Manufacture of tobacco products,0,0,1.0,1.0,,True
56,Orenburg Oblast,13,Manufacture of textiles,3,9,2.2857142857142856,2.1538461538461537,0.9423076923076923,False
56,Orenburg Oblast,14,Manufacture of wearing apparel,7,13,5.285714285714286,5.733333333333333,1.0846846846846847,False
56,Orenburg Oblast,15,Manufacture of leather and related products,0,4,1.0,1.3076923076923077,,True
56,Orenburg Oblast,16,Wood processing,5,13,3.857142857142857,3.0,0.7777777777777778,False
56,Orenburg Oblast,17,Manufacture of paper and paper products,1,3,1.1428571428571428,1.3076923076923077,,True
56,Orenburg Oblast,18,Printing and reproduction of recorded media,5,7,2.571428571428571,2.5384615384615383,0.9871794871794872,False
56,Orenburg Oblast,19,Manufacture of coke and refined petroleum products,1,0,1.1428571428571428,1.0,,True
56,Orenburg Oblast,20,Manufacture of chemicals and chemical products,3,11,1.7142857142857144,2.6153846153846154,1.5256410256410255,False
56,Orenburg Oblast,21,Manufacture of pharmaceutical products,0,0,1.0,1.0,,True
56,Orenburg Oblast,22,Manufacture of rubber and plastic products,6,12,2.857142857142857,2.4615384615384617,0.8615384615384616,False
56,Orenburg Oblast,23,Other non-metallic mineral products,7,12,5.714285714285714,4.153846153846153,0.7269230769230768,False
56,Orenburg Oblast,24,Manufacture of basic metals,0,2,1.0,1.2307692307692308,,True
56,Orenburg Oblast,25,Manufacture of fabricated metal products,7,13,5.5,7.846153846153846,1.4265734265734265,False
56,Orenburg Oblast,26,"Manufacture of computer, electronic and optical products",0,3,1.0,1.3846153846153846,,True
56,Orenburg Oblast,27,Manufacture of electrical equipment,1,3,1.2857142857142856,1.2307692307692308,,True
56,Orenburg Oblast,28,Manufacture of machinery and equipment n.e.c.,4,7,2.142857142857143,1.9230769230769231,0.8974358974358975,False
56,Orenburg Oblast,29,Manufacture of motor vehicles and trailers,2,3,1.2857142857142856,1.2307692307692308,,True
56,Orenburg Oblast,30,Manufacture of other transport equipment,2,2,1.2857142857142856,1.1538461538461537,,True
56,Orenburg Oblast,31,Manufacture of furniture,7,13,5.428571428571429,5.714285714285715,1.0526315789473686,False
56,Orenburg Oblast,32,Other manufacturing,7,12,3.142857142857143,4.3076923076923075,1.3706293706293706,False
56,Orenburg Oblast,33,Repair and installation of machinery and equipment,7,13,5.0,7.3076923076923075,1.4615384615384615,False
56,Orenburg Oblast,35,"Electricity, gas, steam and air conditioning supply",6,5,1.8888888888888893,1.3846153846153846,0.7330316742081446,False
56,Orenburg Oblast,36,"Water collection, treatment and supply",4,7,1.5714285714285714,1.5,0.9545454545454546,False
56,Orenburg Oblast,37,Sewerage,1,5,1.1428571428571428,1.3846153846153846,,True
56,Orenburg Oblast,38,"Waste collection, treatment and disposal",7,9,3.0,2.5000000000000004,0.8333333333333335,False
56,Orenburg Oblast,39,Remediation activities,1,0,1.1428571428571428,1.0,,True
56,Orenburg Oblast,41,Construction of buildings,7,13,57.857142857142854,46.07142857142857,0.7962962962962963,False
56,Orenburg Oblast,42,Civil engineering,7,13,7.428571428571429,7.153846153846154,0.9630177514792899,False
56,Orenburg Oblast,43,Specialised construction activities,7,13,56.62500000000001,69.85714285714286,1.2336802270577105,False
56,Orenburg Oblast,45,Sale and repair of motor vehicles and motorcycles,7,13,44.42857142857143,45.07692307692308,1.0145931239178827,False
56,Orenburg Oblast,46,Wholesale trade,7,13,40.88888888888889,27.09523809523809,0.6626552795031054,False
56,Orenburg Oblast,47,Retail trade,7,13,289.0,175.21875,0.6062932525951558,False
56,Orenburg Oblast,49,Land transport and pipeline transport,7,13,81.66666666666667,104.73333333333333,1.2824489795918366,False
56,Orenburg Oblast,50,Water transport,0,0,1.0,1.0,,True
56,Orenburg Oblast,51,Air transport,0,0,1.0,1.0,,True
56,Orenburg Oblast,52,Warehousing and transport support activities,7,13,14.571428571428571,11.307692307692308,0.7760180995475113,False
56,Orenburg Oblast,53,Postal and courier activities,7,13,5.714285714285714,7.6923076923076925,1.3461538461538463,False
56,Orenburg Oblast,55,Accommodation,7,13,2.857142857142857,3.5,1.2249999999999999,False
56,Orenburg Oblast,56,Food and beverage service activities,7,13,41.0,40.43749999999999,0.9862804878048779,False
56,Orenburg Oblast,58,Publishing activities,5,3,2.571428571428571,1.2307692307692308,0.4786324786324787,False
56,Orenburg Oblast,59,"Motion picture, video and television production",6,11,3.2857142857142856,3.769230769230769,1.1471571906354516,False
56,Orenburg Oblast,60,Programming and broadcasting activities,0,0,1.0,1.0,,True
56,Orenburg Oblast,61,Telecommunications,3,5,1.5714285714285714,1.4615384615384617,0.9300699300699302,False
56,Orenburg Oblast,62,"Computer programming, consultancy and related activities",7,13,25.571428571428573,29.76923076923077,1.1641598624838847,False
56,Orenburg Oblast,63,Information service activities,7,13,14.428571428571429,22.357142857142858,1.5495049504950495,False
56,Orenburg Oblast,64,"Financial service activities, except insurance and pension funding",7,4,2.857142857142857,1.3846153846153846,0.4846153846153846,False
56,Orenburg Oblast,65,"Insurance, reinsurance and pension funding",0,1,1.0,1.0769230769230769,,True
56,Orenburg Oblast,66,Auxiliary financial services,7,13,6.714285714285714,6.3076923076923075,0.939443535188216,False
56,Orenburg Oblast,68,Real estate activities,7,13,40.285714285714285,42.07142857142857,1.0443262411347518,False
56,Orenburg Oblast,69,Legal and accounting activities,7,13,23.857142857142858,20.714285714285715,0.8682634730538923,False
56,Orenburg Oblast,70,Management consultancy activities,7,13,9.0,12.384615384615385,1.376068376068376,False
56,Orenburg Oblast,71,Architectural and engineering activities,7,13,11.142857142857142,10.923076923076923,0.9802761341222881,False
56,Orenburg Oblast,72,Scientific research and development,5,6,2.2857142857142856,1.7692307692307692,0.7740384615384616,False
56,Orenburg Oblast,73,Advertising and market research,7,13,35.42857142857143,53.38461538461539,1.5068238213399503,False
56,Orenburg Oblast,74,"Other professional, scientific and technical activities",7,13,17.857142857142858,21.153846153846153,1.1846153846153846,False
56,Orenburg Oblast,75,Veterinary activities,4,9,2.0,2.0769230769230766,1.0384615384615383,False
56,Orenburg Oblast,77,Rental and leasing activities,7,13,12.571428571428571,9.076923076923077,0.722027972027972,False
56,Orenburg Oblast,78,Employment activities,6,13,5.142857142857143,6.461538461538462,1.2564102564102564,False
56,Orenburg Oblast,79,Travel agency and reservation services,7,13,5.142857142857143,5.461538461538462,1.061965811965812,False
56,Orenburg Oblast,80,Security and investigation activities,4,9,1.875,2.0,1.0666666666666667,False
56,Orenburg Oblast,81,Services to buildings and landscape activities,7,13,11.125,9.411764705882353,0.8460013218770654,False
56,Orenburg Oblast,82,Office administrative and business support activities,7,13,17.714285714285715,38.23076923076923,2.1581885856079404,False
56,Orenburg Oblast,84,Public administration and defence; compulsory social security,0,7,1.0,1.6153846153846154,,True
56,Orenburg Oblast,85,Education,7,13,21.571428571428573,23.692307692307693,1.098318899643403,False
56,Orenburg Oblast,86,Human health activities,7,13,6.428571428571429,7.076923076923077,1.1008547008547007,False
56,Orenburg Oblast,87,Residential care activities,3,3,1.4285714285714286,1.3076923076923077,0.9153846153846154,False
56,Orenburg Oblast,88,Social work activities without accommodation,7,8,3.0,2.1538461538461537,0.717948717948718,False
56,Orenburg Oblast,90,"Creative, arts and entertainment activities",7,12,5.428571428571429,5.769230769230769,1.0627530364372468,False
56,Orenburg Oblast,91,"Libraries, archives, museums and other cultural activities",1,2,1.1428571428571428,1.1538461538461537,,True
56,Orenburg Oblast,92,Gambling and betting activities,1,2,1.1428571428571428,1.1538461538461537,,True
56,Orenburg Oblast,93,Sports activities and amusement and recreation,7,13,13.285714285714286,16.846153846153847,1.2679900744416872,False
56,Orenburg Oblast,94,Activities of membership organisations,2,3,1.2857142857142856,1.2307692307692308,,True
56,Orenburg Oblast,95,"Repair of computers, personal and household goods",7,13,12.571428571428571,13.76923076923077,1.0952797202797204,False
56,Orenburg Oblast,96,Other personal service activities,7,13,49.714285714285715,47.66666666666667,0.9588122605363986,False
56,Orenburg Oblast,97,Activities of households as employers,1,2,1.1428571428571428,1.1538461538461537,,True
57,Oryol Oblast,01,Crop and animal production,7,13,11.142857142857142,6.642857142857143,0.5961538461538463,False
57,Oryol Oblast,02,Forestry and logging,3,3,1.5714285714285714,1.2307692307692308,0.7832167832167832,False
57,Oryol Oblast,03,Fishing and aquaculture,3,1,1.7142857142857144,1.1538461538461537,,True
57,Oryol Oblast,07,OKVED 07,0,2,1.0,1.1538461538461537,,True
57,Oryol Oblast,08,Other mining and quarrying,2,1,1.4285714285714286,1.0769230769230769,,True
57,Oryol Oblast,10,Manufacture of food products,5,12,3.4285714285714284,3.8461538461538463,1.1217948717948718,False
57,Oryol Oblast,11,Manufacture of beverages,1,2,1.1428571428571428,1.1538461538461537,,True
57,Oryol Oblast,12,Manufacture of tobacco products,0,0,1.0,1.0,,True
57,Oryol Oblast,13,Manufacture of textiles,3,6,1.4285714285714286,1.6923076923076923,1.1846153846153846,False
57,Oryol Oblast,14,Manufacture of wearing apparel,7,13,3.4285714285714284,3.230769230769231,0.9423076923076924,False
57,Oryol Oblast,15,Manufacture of leather and related products,0,1,1.0,1.0769230769230769,,True
57,Oryol Oblast,16,Wood processing,4,7,2.142857142857143,1.9230769230769231,0.8974358974358975,False
57,Oryol Oblast,17,Manufacture of paper and paper products,1,1,0.875,1.0769230769230769,,True
57,Oryol Oblast,18,Printing and reproduction of recorded media,2,4,1.2857142857142856,1.3076923076923077,,True
57,Oryol Oblast,19,Manufacture of coke and refined petroleum products,0,0,1.0,1.0,,True
57,Oryol Oblast,20,Manufacture of chemicals and chemical products,1,5,1.1428571428571428,1.6923076923076923,,True
57,Oryol Oblast,21,Manufacture of pharmaceutical products,0,0,1.0,1.0,,True
57,Oryol Oblast,22,Manufacture of rubber and plastic products,4,5,1.8571428571428572,1.5384615384615383,0.8284023668639052,False
57,Oryol Oblast,23,Other non-metallic mineral products,5,10,2.142857142857143,2.0,0.9333333333333333,False
57,Oryol Oblast,24,Manufacture of basic metals,1,5,1.1428571428571428,1.2142857142857144,,True
57,Oryol Oblast,25,Manufacture of fabricated metal products,6,12,4.285714285714286,4.0,0.9333333333333333,False
57,Oryol Oblast,26,"Manufacture of computer, electronic and optical products",1,2,1.1428571428571428,1.1538461538461537,,True
57,Oryol Oblast,27,Manufacture of electrical equipment,4,4,1.5714285714285714,1.3076923076923077,0.8321678321678322,False
57,Oryol Oblast,28,Manufacture of machinery and equipment n.e.c.,5,7,2.0,1.6923076923076923,0.8461538461538461,False
57,Oryol Oblast,29,Manufacture of motor vehicles and trailers,0,0,1.0,1.0,,True
57,Oryol Oblast,30,Manufacture of other transport equipment,0,1,1.0,1.0769230769230769,,True
57,Oryol Oblast,31,Manufacture of furniture,6,12,2.2857142857142856,2.6153846153846154,1.1442307692307694,False
57,Oryol Oblast,32,Other manufacturing,3,11,2.142857142857143,2.230769230769231,1.041025641025641,False
57,Oryol Oblast,33,Repair and installation of machinery and equipment,7,9,3.2857142857142856,2.6153846153846154,0.7959866220735786,False
57,Oryol Oblast,35,"Electricity, gas, steam and air conditioning supply",1,2,1.1428571428571428,1.1538461538461537,,True
57,Oryol Oblast,36,"Water collection, treatment and supply",0,3,1.0,1.2307692307692308,,True
57,Oryol Oblast,37,Sewerage,2,3,1.4285714285714286,1.3076923076923077,,True
57,Oryol Oblast,38,"Waste collection, treatment and disposal",3,6,1.4285714285714286,1.5384615384615383,1.0769230769230769,False
57,Oryol Oblast,41,Construction of buildings,7,13,16.714285714285715,14.538461538461538,0.8698224852071005,False
57,Oryol Oblast,42,Civil engineering,7,10,4.285714285714286,3.076923076923077,0.7179487179487181,False
57,Oryol Oblast,43,Specialised construction activities,7,13,23.142857142857142,19.071428571428573,0.8240740740740742,False
57,Oryol Oblast,45,Sale and repair of motor vehicles and motorcycles,7,13,9.6,15.692307692307692,1.6346153846153846,False
57,Oryol Oblast,46,Wholesale trade,7,13,19.750000000000004,13.625,0.6898734177215189,False
57,Oryol Oblast,47,Retail trade,7,13,75.10000000000001,51.48,0.6854860186418108,False
57,Oryol Oblast,49,Land transport and pipeline transport,7,13,58.57142857142857,49.466666666666676,0.8445528455284554,False
57,Oryol Oblast,50,Water transport,0,0,1.0,1.0,,True
57,Oryol Oblast,51,Air transport,0,0,1.0,1.0,,True
57,Oryol Oblast,52,Warehousing and transport support activities,7,12,4.285714285714286,4.3076923076923075,1.005128205128205,False
57,Oryol Oblast,53,Postal and courier activities,6,10,2.428571428571429,3.6923076923076925,1.5203619909502262,False
57,Oryol Oblast,55,Accommodation,3,9,1.7142857142857144,2.230769230769231,1.3012820512820513,False
57,Oryol Oblast,56,Food and beverage service activities,7,13,13.857142857142858,13.285714285714286,0.9587628865979382,False
57,Oryol Oblast,58,Publishing activities,1,5,1.1428571428571428,1.4615384615384617,,True
57,Oryol Oblast,59,"Motion picture, video and television production",7,11,2.571428571428571,2.8461538461538463,1.106837606837607,False
57,Oryol Oblast,60,Programming and broadcasting activities,1,0,1.1428571428571428,1.0,,True
57,Oryol Oblast,61,Telecommunications,2,3,1.2857142857142856,1.2307692307692308,,True
57,Oryol Oblast,62,"Computer programming, consultancy and related activities",7,13,11.285714285714286,12.571428571428571,1.1139240506329113,False
57,Oryol Oblast,63,Information service activities,7,13,5.0,7.857142857142858,1.5714285714285716,False
57,Oryol Oblast,64,"Financial service activities, except insurance and pension funding",5,3,1.8571428571428572,1.3076923076923077,0.7041420118343195,False
57,Oryol Oblast,65,"Insurance, reinsurance and pension funding",0,0,1.0,1.0,,True
57,Oryol Oblast,66,Auxiliary financial services,5,6,1.8571428571428572,1.6923076923076923,0.9112426035502958,False
57,Oryol Oblast,68,Real estate activities,7,13,12.285714285714286,12.285714285714285,0.9999999999999999,False
57,Oryol Oblast,69,Legal and accounting activities,7,13,5.285714285714286,4.6923076923076925,0.8877338877338878,False
57,Oryol Oblast,70,Management consultancy activities,6,12,4.428571428571429,4.076923076923077,0.9205955334987592,False
57,Oryol Oblast,71,Architectural and engineering activities,7,13,4.500000000000001,4.230769230769231,0.94017094017094,False
57,Oryol Oblast,72,Scientific research and development,5,10,2.857142857142857,3.076923076923077,1.0769230769230769,False
57,Oryol Oblast,73,Advertising and market research,7,13,9.571428571428571,16.0,1.671641791044776,False
57,Oryol Oblast,74,"Other professional, scientific and technical activities",7,13,4.571428571428571,5.7857142857142865,1.2656250000000002,False
57,Oryol Oblast,75,Veterinary activities,2,4,1.2857142857142856,1.3076923076923077,,True
57,Oryol Oblast,77,Rental and leasing activities,7,10,2.857142857142857,2.8461538461538463,0.9961538461538462,False
57,Oryol Oblast,78,Employment activities,6,13,2.571428571428571,2.9230769230769234,1.136752136752137,False
57,Oryol Oblast,79,Travel agency and reservation services,5,9,2.0,2.1538461538461537,1.0769230769230769,False
57,Oryol Oblast,80,Security and investigation activities,5,2,2.2857142857142856,1.1538461538461537,,True
57,Oryol Oblast,81,Services to buildings and landscape activities,6,13,3.2857142857142856,4.3076923076923075,1.3110367892976589,False
57,Oryol Oblast,82,Office administrative and business support activities,7,13,4.857142857142858,10.692307692307692,2.201357466063348,False
57,Oryol Oblast,84,Public administration and defence; compulsory social security,0,2,1.0,1.2307692307692308,,True
57,Oryol Oblast,85,Education,7,13,5.571428571428571,6.153846153846154,1.1045364891518739,False
57,Oryol Oblast,86,Human health activities,5,12,1.8571428571428572,3.3076923076923075,1.7810650887573962,False
57,Oryol Oblast,87,Residential care activities,0,1,1.0,1.0769230769230769,,True
57,Oryol Oblast,88,Social work activities without accommodation,2,4,1.2857142857142856,1.3076923076923077,,True
57,Oryol Oblast,90,"Creative, arts and entertainment activities",3,10,2.0,2.769230769230769,1.3846153846153846,False
57,Oryol Oblast,91,"Libraries, archives, museums and other cultural activities",1,2,1.1428571428571428,1.1538461538461537,,True
57,Oryol Oblast,92,Gambling and betting activities,0,0,1.0,1.0,,True
57,Oryol Oblast,93,Sports activities and amusement and recreation,7,13,3.142857142857143,6.153846153846154,1.9580419580419581,False
57,Oryol Oblast,94,Activities of membership organisations,1,1,1.1428571428571428,1.0769230769230769,,True
57,Oryol Oblast,95,"Repair of computers, personal and household goods",7,13,3.857142857142857,4.153846153846153,1.0769230769230769,False
57,Oryol Oblast,96,Other personal service activities,7,13,12.0,16.46153846153846,1.3717948717948716,False
57,Oryol Oblast,97,Activities of households as employers,0,0,1.0,1.0,,True
58,Penza Oblast,01,Crop and animal production,7,13,20.142857142857142,15.600000000000001,0.7744680851063831,False
58,Penza Oblast,02,Forestry and logging,5,8,2.142857142857143,2.5384615384615383,1.1846153846153846,False
58,Penza Oblast,03,Fishing and aquaculture,7,8,2.571428571428571,2.230769230769231,0.8675213675213677,False
58,Penza Oblast,08,Other mining and quarrying,4,5,1.5714285714285714,1.8461538461538463,1.174825174825175,False
58,Penza Oblast,09,Mining support services,0,2,1.0,1.1538461538461537,,True
58,Penza Oblast,10,Manufacture of food products,7,13,5.428571428571429,6.200000000000001,1.142105263157895,False
58,Penza Oblast,11,Manufacture of beverages,0,3,1.0,1.2307692307692308,,True
58,Penza Oblast,12,Manufacture of tobacco products,0,0,1.0,1.0,,True
58,Penza Oblast,13,Manufacture of textiles,5,10,2.2857142857142856,2.3846153846153846,1.0432692307692308,False
58,Penza Oblast,14,Manufacture of wearing apparel,6,13,3.8750000000000004,3.7857142857142856,0.976958525345622,False
58,Penza Oblast,15,Manufacture of leather and related products,3,6,1.5714285714285714,1.4285714285714286,0.9090909090909092,False
58,Penza Oblast,16,Wood processing,7,12,5.142857142857143,4.461538461538462,0.8675213675213674,False
58,Penza Oblast,17,Manufacture of paper and paper products,1,2,1.1428571428571428,1.0714285714285714,,True
58,Penza Oblast,18,Printing and reproduction of recorded media,4,5,1.8571428571428572,1.3846153846153846,0.7455621301775147,False
58,Penza Oblast,19,Manufacture of coke and refined petroleum products,0,0,1.0,1.0,,True
58,Penza Oblast,20,Manufacture of chemicals and chemical products,4,9,2.0,2.1538461538461537,1.0769230769230769,False
58,Penza Oblast,21,Manufacture of pharmaceutical products,1,1,1.1428571428571428,1.0769230769230769,,True
58,Penza Oblast,22,Manufacture of rubber and plastic products,6,11,3.4285714285714284,2.769230769230769,0.8076923076923077,False
58,Penza Oblast,23,Other non-metallic mineral products,7,10,3.7142857142857144,3.1538461538461537,0.8491124260355029,False
58,Penza Oblast,24,Manufacture of basic metals,1,2,1.1428571428571428,1.0,,True
58,Penza Oblast,25,Manufacture of fabricated metal products,7,13,8.428571428571429,8.0,0.9491525423728814,False
58,Penza Oblast,26,"Manufacture of computer, electronic and optical products",3,4,1.4285714285714286,1.3571428571428574,0.9500000000000002,False
58,Penza Oblast,27,Manufacture of electrical equipment,2,5,1.7142857142857144,1.3846153846153846,,True
58,Penza Oblast,28,Manufacture of machinery and equipment n.e.c.,5,10,1.875,1.9333333333333336,1.0311111111111113,False
58,Penza Oblast,29,Manufacture of motor vehicles and trailers,1,1,1.1428571428571428,1.0769230769230769,,True
58,Penza Oblast,30,Manufacture of other transport equipment,1,4,1.1428571428571428,1.3076923076923077,,True
58,Penza Oblast,31,Manufacture of furniture,7,13,9.5,7.874999999999999,0.8289473684210525,False
58,Penza Oblast,32,Other manufacturing,4,13,2.7142857142857144,3.1538461538461537,1.1619433198380567,False
58,Penza Oblast,33,Repair and installation of machinery and equipment,7,13,4.571428571428571,4.428571428571429,0.9687500000000001,False
58,Penza Oblast,35,"Electricity, gas, steam and air conditioning supply",3,7,1.5714285714285714,1.8461538461538463,1.174825174825175,False
58,Penza Oblast,36,"Water collection, treatment and supply",1,6,1.1428571428571428,1.4615384615384617,,True
58,Penza Oblast,37,Sewerage,3,1,1.4285714285714286,1.0769230769230769,,True
58,Penza Oblast,38,"Waste collection, treatment and disposal",5,8,2.571428571428571,2.0769230769230766,0.8076923076923077,False
58,Penza Oblast,39,Remediation activities,0,1,1.0,1.0769230769230769,,True
58,Penza Oblast,41,Construction of buildings,7,13,23.428571428571427,27.53846153846154,1.1754221388367732,False
58,Penza Oblast,42,Civil engineering,7,13,6.0,5.6923076923076925,0.9487179487179488,False
58,Penza Oblast,43,Specialised construction activities,7,13,35.875,37.714285714285715,1.051269288203086,False
58,Penza Oblast,45,Sale and repair of motor vehicles and motorcycles,7,13,16.875,19.26666666666667,1.1417283950617285,False
58,Penza Oblast,46,Wholesale trade,7,13,22.416666666666668,17.5,0.7806691449814126,False
58,Penza Oblast,47,Retail trade,7,13,93.05263157894737,74.17948717948718,0.7971777468383804,False
58,Penza Oblast,49,Land transport and pipeline transport,7,13,62.22222222222223,80.07692307692308,1.2869505494505493,False
58,Penza Oblast,50,Water transport,0,0,1.0,1.0,,True
58,Penza Oblast,51,Air transport,2,1,1.2857142857142856,1.0769230769230769,,True
58,Penza Oblast,52,Warehousing and transport support activities,7,13,6.625,7.142857142857143,1.078167115902965,False
58,Penza Oblast,53,Postal and courier activities,5,11,2.428571428571429,3.4615384615384617,1.425339366515837,False
58,Penza Oblast,55,Accommodation,4,12,2.2857142857142856,2.6923076923076925,1.1778846153846156,False
58,Penza Oblast,56,Food and beverage service activities,7,13,16.5,16.391304347826086,0.9934123847167324,False
58,Penza Oblast,58,Publishing activities,1,7,1.1428571428571428,1.6153846153846154,,True
58,Penza Oblast,59,"Motion picture, video and television production",7,12,2.7142857142857144,3.3846153846153846,1.2469635627530364,False
58,Penza Oblast,60,Programming and broadcasting activities,2,0,1.2857142857142856,1.0,,True
58,Penza Oblast,61,Telecommunications,2,2,1.2857142857142856,1.1538461538461537,,True
58,Penza Oblast,62,"Computer programming, consultancy and related activities",7,13,18.0,20.714285714285715,1.150793650793651,False
58,Penza Oblast,63,Information service activities,7,13,7.428571428571429,13.0,1.75,False
58,Penza Oblast,64,"Financial service activities, except insurance and pension funding",2,3,1.2857142857142856,1.3846153846153846,,True
58,Penza Oblast,65,"Insurance, reinsurance and pension funding",0,0,1.0,1.0,,True
58,Penza Oblast,66,Auxiliary financial services,7,12,3.0,2.6923076923076925,0.8974358974358975,False
58,Penza Oblast,68,Real estate activities,7,13,21.75,16.950000000000003,0.7793103448275863,False
58,Penza Oblast,69,Legal and accounting activities,7,13,11.142857142857142,11.461538461538462,1.0285996055226825,False
58,Penza Oblast,70,Management consultancy activities,7,13,4.857142857142858,5.6875,1.1709558823529411,False
58,Penza Oblast,71,Architectural and engineering activities,7,13,7.0,7.076923076923077,1.010989010989011,False
58,Penza Oblast,72,Scientific research and development,5,11,2.428571428571429,3.3076923076923075,1.3619909502262442,False
58,Penza Oblast,73,Advertising and market research,7,13,18.571428571428573,19.42857142857143,1.0461538461538462,False
58,Penza Oblast,74,"Other professional, scientific and technical activities",7,13,8.142857142857142,10.846153846153847,1.3319838056680164,False
58,Penza Oblast,75,Veterinary activities,3,4,1.4285714285714286,1.3846153846153846,0.9692307692307692,False
58,Penza Oblast,77,Rental and leasing activities,7,13,5.285714285714286,5.461538461538462,1.0332640332640333,False
58,Penza Oblast,78,Employment activities,7,12,3.5714285714285716,3.923076923076923,1.0984615384615384,False
58,Penza Oblast,79,Travel agency and reservation services,7,12,2.857142857142857,2.8461538461538463,0.9961538461538462,False
58,Penza Oblast,80,Security and investigation activities,4,6,1.5714285714285714,1.6923076923076923,1.0769230769230769,False
58,Penza Oblast,81,Services to buildings and landscape activities,7,12,6.428571428571429,5.857142857142858,0.9111111111111112,False
58,Penza Oblast,82,Office administrative and business support activities,7,13,22.625,32.53846153846154,1.4381640458988525,False
58,Penza Oblast,84,Public administration and defence; compulsory social security,0,3,1.0,1.2307692307692308,,True
58,Penza Oblast,85,Education,7,13,12.0,10.538461538461538,0.8782051282051282,False
58,Penza Oblast,86,Human health activities,7,12,4.142857142857142,4.923076923076923,1.1883289124668437,False
58,Penza Oblast,87,Residential care activities,0,1,1.0,1.0769230769230769,,True
58,Penza Oblast,88,Social work activities without accommodation,7,7,3.0,1.8461538461538463,0.6153846153846154,False
58,Penza Oblast,90,"Creative, arts and entertainment activities",7,13,4.714285714285714,4.3076923076923075,0.9137529137529137,False
58,Penza Oblast,91,"Libraries, archives, museums and other cultural activities",0,0,1.0,1.0,,True
58,Penza Oblast,92,Gambling and betting activities,2,1,1.2857142857142856,1.0769230769230769,,True
58,Penza Oblast,93,Sports activities and amusement and recreation,7,13,8.0,8.76923076923077,1.0961538461538463,False
58,Penza Oblast,94,Activities of membership organisations,1,2,1.1428571428571428,1.1538461538461537,,True
58,Penza Oblast,95,"Repair of computers, personal and household goods",7,13,5.714285714285714,7.3076923076923075,1.2788461538461537,False
58,Penza Oblast,96,Other personal service activities,7,13,22.857142857142858,26.53846153846154,1.1610576923076923,False
58,Penza Oblast,97,Activities of households as employers,0,0,1.0,1.0,,True
59,Perm Krai,01,Crop and animal production,7,13,19.428571428571427,15.25,0.7849264705882354,False
59,Perm Krai,02,Forestry and logging,7,13,7.714285714285714,7.923076923076923,1.0270655270655271,False
59,Perm Krai,03,Fishing and aquaculture,4,8,2.142857142857143,2.0769230769230766,0.9692307692307691,False
59,Perm Krai,05,Mining of coal and lignite,0,0,1.0,1.0,,True
59,Perm Krai,06,Extraction of crude petroleum and natural gas,0,3,1.0,1.3846153846153846,,True
59,Perm Krai,07,OKVED 07,0,2,1.0,1.1538461538461537,,True
59,Perm Krai,08,Other mining and quarrying,3,9,1.5714285714285714,1.9230769230769231,1.2237762237762237,False
59,Perm Krai,09,Mining support services,4,5,1.8571428571428572,1.4615384615384617,0.7869822485207101,False
59,Perm Krai,10,Manufacture of food products,7,13,12.666666666666668,10.666666666666668,0.8421052631578948,False
59,Perm Krai,11,Manufacture of beverages,3,6,1.7142857142857144,1.6923076923076923,0.9871794871794871,False
59,Perm Krai,12,Manufacture of tobacco products,0,0,1.0,1.0,,True
59,Perm Krai,13,Manufacture of textiles,5,12,3.857142857142857,3.0,0.7777777777777778,False
59,Perm Krai,14,Manufacture of wearing apparel,7,13,7.249999999999999,6.733333333333334,0.9287356321839083,False
59,Perm Krai,15,Manufacture of leather and related products,4,5,1.5714285714285714,1.6153846153846154,1.027972027972028,False
59,Perm Krai,16,Wood processing,7,13,11.857142857142858,17.923076923076923,1.5115848007414272,False
59,Perm Krai,17,Manufacture of paper and paper products,2,4,1.7142857142857144,1.4615384615384617,,True
59,Perm Krai,18,Printing and reproduction of recorded media,7,12,3.5714285714285716,4.461538461538462,1.2492307692307691,False
59,Perm Krai,19,Manufacture of coke and refined petroleum products,0,0,1.0,1.0,,True
59,Perm Krai,20,Manufacture of chemicals and chemical products,4,13,2.571428571428571,4.461538461538462,1.7350427350427353,False
59,Perm Krai,21,Manufacture of pharmaceutical products,0,1,1.0,1.0769230769230769,,True
59,Perm Krai,22,Manufacture of rubber and plastic products,6,12,4.285714285714286,3.6923076923076925,0.8615384615384616,False
59,Perm Krai,23,Other non-metallic mineral products,7,13,4.857142857142858,4.357142857142858,0.8970588235294118,False
59,Perm Krai,24,Manufacture of basic metals,1,5,1.1428571428571428,1.6923076923076923,,True
59,Perm Krai,25,Manufacture of fabricated metal products,7,13,16.57142857142857,21.615384615384617,1.3043766578249338,False
59,Perm Krai,26,"Manufacture of computer, electronic and optical products",2,8,1.2857142857142856,2.1538461538461537,,True
59,Perm Krai,27,Manufacture of electrical equipment,4,7,1.8571428571428572,2.0714285714285716,1.1153846153846154,False
59,Perm Krai,28,Manufacture of machinery and equipment n.e.c.,6,11,2.3750000000000004,4.153846153846153,1.7489878542510116,False
59,Perm Krai,29,Manufacture of motor vehicles and trailers,2,6,1.4285714285714286,1.5384615384615383,,True
59,Perm Krai,30,Manufacture of other transport equipment,2,6,1.2857142857142856,1.6153846153846154,,True
59,Perm Krai,31,Manufacture of furniture,7,13,8.25,8.461538461538462,1.0256410256410255,False
59,Perm Krai,32,Other manufacturing,7,13,5.428571428571429,6.538461538461538,1.2044534412955465,False
59,Perm Krai,33,Repair and installation of machinery and equipment,7,13,10.428571428571429,12.0,1.1506849315068493,False
59,Perm Krai,35,"Electricity, gas, steam and air conditioning supply",6,10,2.4444444444444446,1.9333333333333336,0.7909090909090909,False
59,Perm Krai,36,"Water collection, treatment and supply",4,5,1.8571428571428572,1.6923076923076923,0.9112426035502958,False
59,Perm Krai,37,Sewerage,2,5,1.2857142857142856,1.5384615384615383,,True
59,Perm Krai,38,"Waste collection, treatment and disposal",7,13,3.75,3.4615384615384617,0.9230769230769231,False
59,Perm Krai,39,Remediation activities,1,1,1.1428571428571428,1.0769230769230769,,True
59,Perm Krai,41,Construction of buildings,7,13,90.14285714285714,78.375,0.8694532488114105,False
59,Perm Krai,42,Civil engineering,7,13,13.571428571428571,13.615384615384615,1.003238866396761,False
59,Perm Krai,43,Specialised construction activities,7,13,99.12500000000001,118.14285714285714,1.1918573230048637,False
59,Perm Krai,45,Sale and repair of motor vehicles and motorcycles,7,13,37.66666666666667,40.666666666666664,1.079646017699115,False
59,Perm Krai,46,Wholesale trade,7,13,68.8,50.40909090909091,0.7326902748414377,False
59,Perm Krai,47,Retail trade,7,13,207.0,150.95,0.7292270531400966,False
59,Perm Krai,49,Land transport and pipeline transport,7,13,89.22222222222223,170.0,1.905354919053549,False
59,Perm Krai,50,Water transport,2,4,1.4285714285714286,1.3846153846153846,,True
59,Perm Krai,51,Air transport,0,0,1.0,1.0,,True
59,Perm Krai,52,Warehousing and transport support activities,7,13,14.625000000000002,16.153846153846153,1.1045364891518736,False
59,Perm Krai,53,Postal and courier activities,7,13,7.714285714285714,10.692307692307692,1.386039886039886,False
59,Perm Krai,55,Accommodation,7,13,7.285714285714286,7.7142857142857135,1.0588235294117647,False
59,Perm Krai,56,Food and beverage service activities,7,13,49.11111111111112,43.59090909090909,0.8875976964212257,False
59,Perm Krai,58,Publishing activities,3,9,1.5714285714285714,2.4615384615384617,1.5664335664335665,False
59,Perm Krai,59,"Motion picture, video and television production",7,13,7.0,6.615384615384615,0.945054945054945,False
59,Perm Krai,60,Programming and broadcasting activities,1,1,1.1428571428571428,1.1538461538461537,,True
59,Perm Krai,61,Telecommunications,3,5,1.4285714285714286,1.9230769230769231,1.3461538461538463,False
59,Perm Krai,62,"Computer programming, consultancy and related activities",7,13,40.714285714285715,54.42857142857143,1.3368421052631578,False
59,Perm Krai,63,Information service activities,7,13,23.571428571428573,37.07692307692308,1.572960372960373,False
59,Perm Krai,64,"Financial service activities, except insurance and pension funding",6,12,2.7142857142857144,3.230769230769231,1.1902834008097165,False
59,Perm Krai,65,"Insurance, reinsurance and pension funding",0,1,1.0,1.0769230769230769,,True
59,Perm Krai,66,Auxiliary financial services,7,12,6.428571428571429,8.153846153846153,1.2683760683760683,False
59,Perm Krai,68,Real estate activities,7,13,66.0,84.46666666666668,1.27979797979798,False
59,Perm Krai,69,Legal and accounting activities,7,13,24.0,36.785714285714285,1.5327380952380951,False
59,Perm Krai,70,Management consultancy activities,7,13,14.125,25.46153846153846,1.8025867937372362,False
59,Perm Krai,71,Architectural and engineering activities,7,13,24.714285714285715,25.46153846153846,1.0302356602934637,False
59,Perm Krai,72,Scientific research and development,7,13,8.142857142857142,6.769230769230769,0.8313090418353577,False
59,Perm Krai,73,Advertising and market research,7,13,46.42857142857143,65.42857142857143,1.4092307692307693,False
59,Perm Krai,74,"Other professional, scientific and technical activities",7,13,16.42857142857143,26.384615384615383,1.6060200668896318,False
59,Perm Krai,75,Veterinary activities,3,9,1.7142857142857144,2.769230769230769,1.6153846153846152,False
59,Perm Krai,77,Rental and leasing activities,7,13,12.0,13.933333333333334,1.1611111111111112,False
59,Perm Krai,78,Employment activities,7,13,9.285714285714286,14.153846153846153,1.5242603550295857,False
59,Perm Krai,79,Travel agency and reservation services,7,13,7.428571428571429,11.153846153846153,1.5014792899408282,False
59,Perm Krai,80,Security and investigation activities,6,12,3.7142857142857144,4.071428571428572,1.0961538461538463,False
59,Perm Krai,81,Services to buildings and landscape activities,7,13,11.777777777777779,20.5,1.740566037735849,False
59,Perm Krai,82,Office administrative and business support activities,7,13,48.375,124.07692307692308,2.5648976346650767,False
59,Perm Krai,84,Public administration and defence; compulsory social security,1,4,1.1428571428571428,1.3846153846153846,,True
59,Perm Krai,85,Education,7,13,26.714285714285715,33.15384615384615,1.2410530645824762,False
59,Perm Krai,86,Human health activities,7,13,9.428571428571429,9.266666666666667,0.9828282828282829,False
59,Perm Krai,87,Residential care activities,1,2,1.1428571428571428,1.1538461538461537,,True
59,Perm Krai,88,Social work activities without accommodation,5,12,2.857142857142857,3.5384615384615383,1.2384615384615383,False
59,Perm Krai,90,"Creative, arts and entertainment activities",7,13,8.142857142857142,9.23076923076923,1.1336032388663968,False
59,Perm Krai,91,"Libraries, archives, museums and other cultural activities",2,1,1.2857142857142856,1.0769230769230769,,True
59,Perm Krai,92,Gambling and betting activities,0,3,1.0,1.2307692307692308,,True
59,Perm Krai,93,Sports activities and amusement and recreation,7,13,22.142857142857142,30.0,1.3548387096774195,False
59,Perm Krai,94,Activities of membership organisations,2,6,1.5714285714285714,1.6153846153846154,,True
59,Perm Krai,95,"Repair of computers, personal and household goods",7,13,15.285714285714286,17.846153846153847,1.1675053918044571,False
59,Perm Krai,96,Other personal service activities,7,13,64.85714285714286,73.71428571428572,1.1365638766519823,False
59,Perm Krai,97,Activities of households as employers,2,2,1.2857142857142856,1.2307692307692308,,True
59,Perm Krai,99,Activities of extraterritorial organisations and bodies,0,0,1.0,1.0,,True
60,Pskov Oblast,01,Crop and animal production,7,12,8.714285714285715,6.133333333333334,0.7038251366120218,False
60,Pskov Oblast,02,Forestry and logging,7,12,3.2857142857142856,2.9230769230769234,0.8896321070234114,False
60,Pskov Oblast,03,Fishing and aquaculture,6,9,2.7142857142857144,2.769230769230769,1.020242914979757,False
60,Pskov Oblast,07,OKVED 07,1,0,1.1428571428571428,1.0,,True
60,Pskov Oblast,08,Other mining and quarrying,2,2,1.2857142857142856,1.1538461538461537,,True
60,Pskov Oblast,09,Mining support services,1,0,1.1428571428571428,1.0,,True
60,Pskov Oblast,10,Manufacture of food products,7,12,5.142857142857143,3.3846153846153846,0.6581196581196581,False
60,Pskov Oblast,11,Manufacture of beverages,2,1,1.2857142857142856,1.0769230769230769,,True
60,Pskov Oblast,12,Manufacture of tobacco products,0,0,1.0,1.0,,True
60,Pskov Oblast,13,Manufacture of textiles,5,5,2.2857142857142856,1.4615384615384617,0.639423076923077,False
60,Pskov Oblast,14,Manufacture of wearing apparel,6,9,2.571428571428571,2.142857142857143,0.8333333333333334,False
60,Pskov Oblast,15,Manufacture of leather and related products,0,7,1.0,1.4285714285714286,,True
60,Pskov Oblast,16,Wood processing,7,13,3.7142857142857144,4.923076923076923,1.3254437869822486,False
60,Pskov Oblast,17,Manufacture of paper and paper products,0,0,1.0,1.0,,True
60,Pskov Oblast,18,Printing and reproduction of recorded media,4,1,1.7142857142857144,1.0769230769230769,,True
60,Pskov Oblast,19,Manufacture of coke and refined petroleum products,0,0,1.0,1.0,,True
60,Pskov Oblast,20,Manufacture of chemicals and chemical products,4,4,1.5714285714285714,1.3846153846153846,0.8811188811188811,False
60,Pskov Oblast,21,Manufacture of pharmaceutical products,1,0,1.1428571428571428,1.0,,True
60,Pskov Oblast,22,Manufacture of rubber and plastic products,3,4,1.5714285714285714,1.3076923076923077,0.8321678321678322,False
60,Pskov Oblast,23,Other non-metallic mineral products,4,9,1.8571428571428572,1.8461538461538463,0.9940828402366864,False
60,Pskov Oblast,24,Manufacture of basic metals,2,2,1.2857142857142856,1.1538461538461537,,True
60,Pskov Oblast,25,Manufacture of fabricated metal products,7,12,3.857142857142857,2.6923076923076925,0.698005698005698,False
60,Pskov Oblast,26,"Manufacture of computer, electronic and optical products",0,2,1.0,1.1538461538461537,,True
60,Pskov Oblast,27,Manufacture of electrical equipment,4,2,1.5714285714285714,1.1538461538461537,,True
60,Pskov Oblast,28,Manufacture of machinery and equipment n.e.c.,0,4,1.0,1.3846153846153846,,True
60,Pskov Oblast,29,Manufacture of motor vehicles and trailers,1,2,1.1428571428571428,1.1538461538461537,,True
60,Pskov Oblast,30,Manufacture of other transport equipment,1,2,1.1428571428571428,1.1538461538461537,,True
60,Pskov Oblast,31,Manufacture of furniture,5,9,2.0,2.230769230769231,1.1153846153846154,False
60,Pskov Oblast,32,Other manufacturing,5,8,2.0,2.0769230769230766,1.0384615384615383,False
60,Pskov Oblast,33,Repair and installation of machinery and equipment,6,12,2.428571428571429,2.9230769230769234,1.2036199095022624,False
60,Pskov Oblast,35,"Electricity, gas, steam and air conditioning supply",0,1,1.0,1.0769230769230769,,True
60,Pskov Oblast,36,"Water collection, treatment and supply",1,0,1.1428571428571428,1.0,,True
60,Pskov Oblast,37,Sewerage,2,0,1.2857142857142856,1.0,,True
60,Pskov Oblast,38,"Waste collection, treatment and disposal",3,5,1.5714285714285714,1.3846153846153846,0.8811188811188811,False
60,Pskov Oblast,39,Remediation activities,0,0,1.0,1.0,,True
60,Pskov Oblast,41,Construction of buildings,7,13,18.714285714285715,15.153846153846153,0.8097475044039929,False
60,Pskov Oblast,42,Civil engineering,7,10,3.5714285714285716,2.6,0.728,False
60,Pskov Oblast,43,Specialised construction activities,7,13,19.142857142857142,20.214285714285715,1.0559701492537314,False
60,Pskov Oblast,45,Sale and repair of motor vehicles and motorcycles,7,13,8.142857142857142,12.461538461538462,1.5303643724696356,False
60,Pskov Oblast,46,Wholesale trade,7,13,14.0,13.615384615384615,0.9725274725274725,False
60,Pskov Oblast,47,Retail trade,7,13,63.00000000000001,68.75,1.0912698412698412,False
60,Pskov Oblast,49,Land transport and pipeline transport,7,13,25.000000000000004,31.571428571428573,1.2628571428571427,False
60,Pskov Oblast,50,Water transport,0,2,1.0,1.1538461538461537,,True
60,Pskov Oblast,51,Air transport,1,0,1.1428571428571428,1.0,,True
60,Pskov Oblast,52,Warehousing and transport support activities,6,13,4.0,3.2000000000000006,0.8000000000000002,False
60,Pskov Oblast,53,Postal and courier activities,5,12,2.571428571428571,4.230769230769231,1.6452991452991454,False
60,Pskov Oblast,55,Accommodation,7,10,2.625,2.6923076923076925,1.0256410256410258,False
60,Pskov Oblast,56,Food and beverage service activities,7,13,13.000000000000002,12.384615384615385,0.952662721893491,False
60,Pskov Oblast,58,Publishing activities,1,2,1.1428571428571428,1.1538461538461537,,True
60,Pskov Oblast,59,"Motion picture, video and television production",3,8,1.4285714285714286,1.6923076923076923,1.1846153846153846,False
60,Pskov Oblast,60,Programming and broadcasting activities,0,1,1.0,1.0769230769230769,,True
60,Pskov Oblast,61,Telecommunications,1,2,1.1428571428571428,1.1538461538461537,,True
60,Pskov Oblast,62,"Computer programming, consultancy and related activities",7,13,6.857142857142857,9.615384615384615,1.4022435897435899,False
60,Pskov Oblast,63,Information service activities,6,13,3.142857142857143,7.230769230769231,2.300699300699301,False
60,Pskov Oblast,64,"Financial service activities, except insurance and pension funding",1,0,1.1428571428571428,1.0,,True
60,Pskov Oblast,65,"Insurance, reinsurance and pension funding",0,0,1.0,1.0,,True
60,Pskov Oblast,66,Auxiliary financial services,4,9,1.7142857142857144,2.0769230769230766,1.2115384615384612,False
60,Pskov Oblast,68,Real estate activities,7,13,12.285714285714286,11.538461538461538,0.9391771019677996,False
60,Pskov Oblast,69,Legal and accounting activities,7,12,5.0,5.230769230769231,1.0461538461538462,False
60,Pskov Oblast,70,Management consultancy activities,6,13,3.857142857142857,5.384615384615385,1.396011396011396,False
60,Pskov Oblast,71,Architectural and engineering activities,7,12,3.857142857142857,4.076923076923077,1.056980056980057,False
60,Pskov Oblast,72,Scientific research and development,0,4,1.0,1.3076923076923077,,True
60,Pskov Oblast,73,Advertising and market research,7,13,12.285714285714286,11.615384615384615,0.9454382826475849,False
60,Pskov Oblast,74,"Other professional, scientific and technical activities",6,13,3.142857142857143,5.0,1.590909090909091,False
60,Pskov Oblast,75,Veterinary activities,3,2,1.4285714285714286,1.1538461538461537,,True
60,Pskov Oblast,77,Rental and leasing activities,5,10,2.428571428571429,2.4615384615384617,1.0135746606334841,False
60,Pskov Oblast,78,Employment activities,4,7,2.7142857142857144,2.5384615384615383,0.9352226720647773,False
60,Pskov Oblast,79,Travel agency and reservation services,5,9,2.0,2.0769230769230766,1.0384615384615383,False
60,Pskov Oblast,80,Security and investigation activities,1,4,1.1428571428571428,1.3076923076923077,,True
60,Pskov Oblast,81,Services to buildings and landscape activities,7,13,3.857142857142857,3.8461538461538463,0.9971509971509972,False
60,Pskov Oblast,82,Office administrative and business support activities,7,13,4.125,5.230769230769231,1.268065268065268,False
60,Pskov Oblast,84,Public administration and defence; compulsory social security,0,0,1.0,1.0,,True
60,Pskov Oblast,85,Education,6,13,4.571428571428571,4.928571428571429,1.0781250000000002,False
60,Pskov Oblast,86,Human health activities,4,6,1.8571428571428572,1.5384615384615383,0.8284023668639052,False
60,Pskov Oblast,87,Residential care activities,1,4,1.1428571428571428,1.3076923076923077,,True
60,Pskov Oblast,88,Social work activities without accommodation,2,3,1.4285714285714286,1.2307692307692308,,True
60,Pskov Oblast,90,"Creative, arts and entertainment activities",5,11,2.428571428571429,2.5384615384615383,1.0452488687782804,False
60,Pskov Oblast,91,"Libraries, archives, museums and other cultural activities",0,0,1.0,1.0,,True
60,Pskov Oblast,93,Sports activities and amusement and recreation,7,13,3.7142857142857144,4.846153846153847,1.304733727810651,False
60,Pskov Oblast,94,Activities of membership organisations,0,1,1.0,1.0769230769230769,,True
60,Pskov Oblast,95,"Repair of computers, personal and household goods",7,11,4.142857142857142,4.3076923076923075,1.0397877984084882,False
60,Pskov Oblast,96,Other personal service activities,7,13,11.428571428571429,12.923076923076923,1.1307692307692307,False
60,Pskov Oblast,97,Activities of households as employers,0,1,1.0,1.0769230769230769,,True
60,Pskov Oblast,98,OKVED 98,0,1,1.0,1.0769230769230769,,True
60,Pskov Oblast,99,Activities of extraterritorial organisations and bodies,0,0,1.0,1.0,,True
61,Rostov Oblast,01,Crop and animal production,7,13,54.3,62.22222222222223,1.1458972784939638,False
61,Rostov Oblast,02,Forestry and logging,6,7,2.0,1.8461538461538463,0.9230769230769231,False
61,Rostov Oblast,03,Fishing and aquaculture,7,13,5.285714285714286,5.615384615384615,1.0623700623700623,False
61,Rostov Oblast,05,Mining of coal and lignite,0,1,1.0,1.0769230769230769,,True
61,Rostov Oblast,06,Extraction of crude petroleum and natural gas,0,1,1.0,1.0769230769230769,,True
61,Rostov Oblast,07,OKVED 07,1,1,1.1428571428571428,1.0769230769230769,,True
61,Rostov Oblast,08,Other mining and quarrying,5,10,2.7142857142857144,2.6153846153846154,0.9635627530364372,False
61,Rostov Oblast,09,Mining support services,3,2,1.4285714285714286,1.3076923076923077,,True
61,Rostov Oblast,10,Manufacture of food products,7,13,16.0,18.6,1.1625,False
61,Rostov Oblast,11,Manufacture of beverages,5,11,2.142857142857143,2.6153846153846154,1.2205128205128206,False
61,Rostov Oblast,12,Manufacture of tobacco products,0,1,1.0,1.1538461538461537,,True
61,Rostov Oblast,13,Manufacture of textiles,7,12,5.142857142857143,5.714285714285715,1.1111111111111112,False
61,Rostov Oblast,14,Manufacture of wearing apparel,7,13,9.444444444444445,11.76923076923077,1.2461538461538462,False
61,Rostov Oblast,15,Manufacture of leather and related products,7,12,4.0,3.666666666666667,0.9166666666666667,False
61,Rostov Oblast,16,Wood processing,7,13,5.142857142857143,6.230769230769231,1.2115384615384615,False
61,Rostov Oblast,17,Manufacture of paper and paper products,4,11,1.8571428571428572,2.6923076923076925,1.4497041420118344,False
61,Rostov Oblast,18,Printing and reproduction of recorded media,7,13,3.3750000000000004,5.076923076923077,1.504273504273504,False
61,Rostov Oblast,19,Manufacture of coke and refined petroleum products,3,1,1.4285714285714286,1.0769230769230769,,True
61,Rostov Oblast,20,Manufacture of chemicals and chemical products,7,13,4.571428571428571,6.769230769230769,1.4807692307692308,False
61,Rostov Oblast,21,Manufacture of pharmaceutical products,1,2,1.1428571428571428,1.1538461538461537,,True
61,Rostov Oblast,22,Manufacture of rubber and plastic products,7,13,6.375,7.384615384615385,1.158371040723982,False
61,Rostov Oblast,23,Other non-metallic mineral products,7,13,8.125000000000002,8.333333333333334,1.0256410256410255,False
61,Rostov Oblast,24,Manufacture of basic metals,4,4,2.0,1.3846153846153846,0.6923076923076923,False
61,Rostov Oblast,25,Manufacture of fabricated metal products,7,13,25.875000000000004,31.23076923076923,1.2069862504645112,False
61,Rostov Oblast,26,"Manufacture of computer, electronic and optical products",7,9,3.2857142857142856,2.8461538461538463,0.8662207357859533,False
61,Rostov Oblast,27,Manufacture of electrical equipment,5,9,2.7142857142857144,2.428571428571429,0.8947368421052632,False
61,Rostov Oblast,28,Manufacture of machinery and equipment n.e.c.,7,13,4.571428571428571,4.933333333333334,1.0791666666666668,False
61,Rostov Oblast,29,Manufacture of motor vehicles and trailers,2,5,1.4285714285714286,1.6923076923076923,,True
61,Rostov Oblast,30,Manufacture of other transport equipment,5,9,2.571428571428571,2.4615384615384617,0.9572649572649574,False
61,Rostov Oblast,31,Manufacture of furniture,7,13,16.57142857142857,15.461538461538462,0.9330238726790452,False
61,Rostov Oblast,32,Other manufacturing,7,13,6.714285714285714,10.076923076923077,1.5008183306055647,False
61,Rostov Oblast,33,Repair and installation of machinery and equipment,7,13,20.571428571428573,17.333333333333336,0.8425925925925927,False
61,Rostov Oblast,35,"Electricity, gas, steam and air conditioning supply",5,8,2.142857142857143,1.8571428571428572,0.8666666666666667,False
61,Rostov Oblast,36,"Water collection, treatment and supply",4,7,1.7142857142857144,1.7692307692307692,1.032051282051282,False
61,Rostov Oblast,37,Sewerage,5,8,2.2857142857142856,1.8461538461538463,0.8076923076923078,False
61,Rostov Oblast,38,"Waste collection, treatment and disposal",7,12,2.3750000000000004,4.857142857142858,2.045112781954887,False
61,Rostov Oblast,39,Remediation activities,1,3,1.1428571428571428,1.2307692307692308,,True
61,Rostov Oblast,41,Construction of buildings,7,13,95.77777777777779,98.33333333333334,1.0266821345707657,False
61,Rostov Oblast,42,Civil engineering,7,13,15.333333333333336,20.076923076923077,1.309364548494983,False
61,Rostov Oblast,43,Specialised construction activities,7,13,143.85714285714286,112.27777777777777,0.7804810769061017,False
61,Rostov Oblast,45,Sale and repair of motor vehicles and motorcycles,7,13,78.11111111111111,65.2,0.8347083926031295,False
61,Rostov Oblast,46,Wholesale trade,7,13,66.94444444444444,47.276595744680854,0.7062064094641124,False
61,Rostov Oblast,47,Retail trade,7,13,414.625,204.33333333333331,0.49281479248316745,False
61,Rostov Oblast,49,Land transport and pipeline transport,7,13,172.6,260.93749999999994,1.511804750869061,False
61,Rostov Oblast,50,Water transport,5,7,1.6250000000000002,2.230769230769231,1.3727810650887573,False
61,Rostov Oblast,51,Air transport,0,0,1.0,1.0,,True
61,Rostov Oblast,52,Warehousing and transport support activities,7,13,33.857142857142854,26.411764705882355,0.7800943162074958,False
61,Rostov Oblast,53,Postal and courier activities,7,13,16.857142857142858,21.307692307692307,1.2640156453715774,False
61,Rostov Oblast,55,Accommodation,7,13,10.571428571428571,13.0,1.2297297297297298,False
61,Rostov Oblast,56,Food and beverage service activities,7,13,64.53846153846153,81.6190476190476,1.2646574720472217,False
61,Rostov Oblast,58,Publishing activities,6,12,2.7142857142857144,2.714285714285715,1.0000000000000002,False
61,Rostov Oblast,59,"Motion picture, video and television production",7,13,9.0,9.615384615384615,1.0683760683760684,False
61,Rostov Oblast,60,Programming and broadcasting activities,2,5,1.2857142857142856,1.6923076923076923,,True
61,Rostov Oblast,61,Telecommunications,6,11,2.1250000000000004,2.2142857142857144,1.042016806722689,False
61,Rostov Oblast,62,"Computer programming, consultancy and related activities",7,13,55.11111111111112,77.50000000000001,1.40625,False
61,Rostov Oblast,63,Information service activities,7,13,22.375000000000004,47.714285714285715,2.132482043096568,False
61,Rostov Oblast,64,"Financial service activities, except insurance and pension funding",7,10,4.500000000000001,4.153846153846153,0.9230769230769228,False
61,Rostov Oblast,65,"Insurance, reinsurance and pension funding",1,1,1.1428571428571428,1.0769230769230769,,True
61,Rostov Oblast,66,Auxiliary financial services,7,13,9.428571428571429,10.615384615384615,1.1258741258741258,False
61,Rostov Oblast,68,Real estate activities,7,13,142.0,74.37931034482759,0.5237979601748421,False
61,Rostov Oblast,69,Legal and accounting activities,7,13,43.285714285714285,48.0,1.108910891089109,False
61,Rostov Oblast,70,Management consultancy activities,7,13,20.714285714285715,22.733333333333334,1.0974712643678162,False
61,Rostov Oblast,71,Architectural and engineering activities,7,13,33.0,30.0,0.9090909090909091,False
61,Rostov Oblast,72,Scientific research and development,7,13,5.571428571428571,5.384615384615385,0.9664694280078897,False
61,Rostov Oblast,73,Advertising and market research,7,13,64.57142857142857,100.84615384615384,1.561776718856365,False
61,Rostov Oblast,74,"Other professional, scientific and technical activities",7,13,26.714285714285715,40.15384615384615,1.5030851501439737,False
61,Rostov Oblast,75,Veterinary activities,5,11,2.428571428571429,3.0,1.2352941176470587,False
61,Rostov Oblast,77,Rental and leasing activities,7,13,17.250000000000004,19.785714285714285,1.146997929606625,False
61,Rostov Oblast,78,Employment activities,7,13,11.285714285714286,12.923076923076923,1.14508276533593,False
61,Rostov Oblast,79,Travel agency and reservation services,7,13,7.571428571428571,15.071428571428571,1.9905660377358492,False
61,Rostov Oblast,80,Security and investigation activities,7,13,4.3999999999999995,4.0625,0.9232954545454547,False
61,Rostov Oblast,81,Services to buildings and landscape activities,7,13,19.625,21.666666666666668,1.1040339702760085,False
61,Rostov Oblast,82,Office administrative and business support activities,7,13,25.222222222222225,52.866666666666674,2.096035242290749,False
61,Rostov Oblast,84,Public administration and defence; compulsory social security,3,5,1.5714285714285714,1.6923076923076923,1.0769230769230769,False
61,Rostov Oblast,85,Education,7,13,34.857142857142854,35.35714285714286,1.0143442622950822,False
61,Rostov Oblast,86,Human health activities,7,13,12.857142857142858,19.923076923076923,1.5495726495726496,False
61,Rostov Oblast,87,Residential care activities,3,9,1.5714285714285714,2.1538461538461537,1.3706293706293706,False
61,Rostov Oblast,88,Social work activities without accommodation,6,12,4.857142857142858,4.769230769230769,0.9819004524886876,False
61,Rostov Oblast,90,"Creative, arts and entertainment activities",7,13,12.285714285714286,14.076923076923077,1.1457960644007155,False
61,Rostov Oblast,91,"Libraries, archives, museums and other cultural activities",1,7,1.1428571428571428,1.6153846153846154,,True
61,Rostov Oblast,92,Gambling and betting activities,0,1,1.0,1.0769230769230769,,True
61,Rostov Oblast,93,Sports activities and amusement and recreation,7,13,29.714285714285715,29.071428571428573,0.9783653846153846,False
61,Rostov Oblast,94,Activities of membership organisations,1,7,1.1428571428571428,1.6153846153846154,,True
61,Rostov Oblast,95,"Repair of computers, personal and household goods",7,13,23.0,36.0,1.565217391304348,False
61,Rostov Oblast,96,Other personal service activities,7,13,89.14285714285714,108.14285714285715,1.2131410256410258,False
61,Rostov Oblast,97,Activities of households as employers,2,0,1.2857142857142856,1.0,,True
61,Rostov Oblast,98,OKVED 98,0,2,1.0,1.1538461538461537,,True
61,Rostov Oblast,99,Activities of extraterritorial organisations and bodies,0,0,1.0,1.0,,True
62,Ryazan Oblast,01,Crop and animal production,7,13,10.0,12.538461538461538,1.2538461538461538,False
62,Ryazan Oblast,02,Forestry and logging,5,11,2.2857142857142856,3.076923076923077,1.3461538461538463,False
62,Ryazan Oblast,03,Fishing and aquaculture,3,4,1.5714285714285714,1.6923076923076923,1.0769230769230769,False
62,Ryazan Oblast,07,OKVED 07,0,0,1.0,1.0,,True
62,Ryazan Oblast,08,Other mining and quarrying,0,5,1.0,1.5384615384615383,,True
62,Ryazan Oblast,09,Mining support services,0,0,1.0,1.0,,True
62,Ryazan Oblast,10,Manufacture of food products,7,13,4.714285714285714,5.0,1.0606060606060606,False
62,Ryazan Oblast,11,Manufacture of beverages,0,2,1.0,1.2307692307692308,,True
62,Ryazan Oblast,12,Manufacture of tobacco products,0,0,1.0,1.0,,True
62,Ryazan Oblast,13,Manufacture of textiles,5,8,2.428571428571429,2.0,0.8235294117647058,False
62,Ryazan Oblast,14,Manufacture of wearing apparel,7,12,4.142857142857142,3.642857142857143,0.8793103448275863,False
62,Ryazan Oblast,15,Manufacture of leather and related products,3,3,1.4285714285714286,1.2307692307692308,0.8615384615384616,False
62,Ryazan Oblast,16,Wood processing,7,12,3.2500000000000004,4.066666666666667,1.2512820512820513,False
62,Ryazan Oblast,17,Manufacture of paper and paper products,2,1,1.2857142857142856,1.0769230769230769,,True
62,Ryazan Oblast,18,Printing and reproduction of recorded media,3,11,1.8571428571428572,2.6153846153846154,1.408284023668639,False
62,Ryazan Oblast,19,Manufacture of coke and refined petroleum products,0,1,1.0,1.0769230769230769,,True
62,Ryazan Oblast,20,Manufacture of chemicals and chemical products,4,6,2.142857142857143,1.6923076923076923,0.7897435897435897,False
62,Ryazan Oblast,21,Manufacture of pharmaceutical products,0,2,1.0,1.1538461538461537,,True
62,Ryazan Oblast,22,Manufacture of rubber and plastic products,5,8,2.0,2.285714285714286,1.142857142857143,False
62,Ryazan Oblast,23,Other non-metallic mineral products,5,12,2.428571428571429,3.357142857142857,1.3823529411764706,False
62,Ryazan Oblast,24,Manufacture of basic metals,1,2,1.1428571428571428,1.1538461538461537,,True
62,Ryazan Oblast,25,Manufacture of fabricated metal products,7,13,6.142857142857143,9.076923076923077,1.477638640429338,False
62,Ryazan Oblast,26,"Manufacture of computer, electronic and optical products",2,7,1.2857142857142856,1.8461538461538463,,True
62,Ryazan Oblast,27,Manufacture of electrical equipment,3,5,1.8571428571428572,1.5384615384615383,0.8284023668639052,False
62,Ryazan Oblast,28,Manufacture of machinery and equipment n.e.c.,2,10,1.2857142857142856,2.4615384615384617,,True
62,Ryazan Oblast,29,Manufacture of motor vehicles and trailers,0,4,1.0,1.3076923076923077,,True
62,Ryazan Oblast,30,Manufacture of other transport equipment,2,2,1.2857142857142856,1.1538461538461537,,True
62,Ryazan Oblast,31,Manufacture of furniture,6,13,3.75,4.846153846153847,1.2923076923076924,False
62,Ryazan Oblast,32,Other manufacturing,6,12,2.571428571428571,3.0,1.1666666666666667,False
62,Ryazan Oblast,33,Repair and installation of machinery and equipment,7,13,4.571428571428571,5.769230769230769,1.2620192307692308,False
62,Ryazan Oblast,35,"Electricity, gas, steam and air conditioning supply",3,3,1.5714285714285714,1.5384615384615383,0.979020979020979,False
62,Ryazan Oblast,36,"Water collection, treatment and supply",1,6,1.1428571428571428,1.4615384615384617,,True
62,Ryazan Oblast,37,Sewerage,2,3,1.2857142857142856,1.2307692307692308,,True
62,Ryazan Oblast,38,"Waste collection, treatment and disposal",5,8,2.142857142857143,1.9285714285714284,0.8999999999999999,False
62,Ryazan Oblast,39,Remediation activities,1,0,1.1428571428571428,1.0,,True
62,Ryazan Oblast,41,Construction of buildings,7,13,30.285714285714285,33.76923076923077,1.115021770682148,False
62,Ryazan Oblast,42,Civil engineering,7,13,4.428571428571429,5.0,1.129032258064516,False
62,Ryazan Oblast,43,Specialised construction activities,7,13,45.0,52.61538461538461,1.169230769230769,False
62,Ryazan Oblast,45,Sale and repair of motor vehicles and motorcycles,7,13,17.625,21.76923076923077,1.2351336606655756,False
62,Ryazan Oblast,46,Wholesale trade,7,13,31.555555555555557,32.31578947368421,1.0240919199406968,False
62,Ryazan Oblast,47,Retail trade,7,13,99.16666666666666,92.57692307692308,0.9335488041370396,False
62,Ryazan Oblast,49,Land transport and pipeline transport,7,13,69.42857142857143,73.14285714285715,1.0534979423868314,False
62,Ryazan Oblast,50,Water transport,0,1,1.0,1.0769230769230769,,True
62,Ryazan Oblast,51,Air transport,1,0,1.1428571428571428,1.0,,True
62,Ryazan Oblast,52,Warehousing and transport support activities,7,13,6.857142857142857,6.3076923076923075,0.9198717948717949,False
62,Ryazan Oblast,53,Postal and courier activities,5,10,3.2857142857142856,4.153846153846153,1.2642140468227423,False
62,Ryazan Oblast,55,Accommodation,7,13,2.142857142857143,3.4615384615384617,1.6153846153846154,False
62,Ryazan Oblast,56,Food and beverage service activities,7,13,25.142857142857142,26.466666666666672,1.0526515151515154,False
62,Ryazan Oblast,58,Publishing activities,2,2,1.2857142857142856,1.3076923076923077,,True
62,Ryazan Oblast,59,"Motion picture, video and television production",5,10,4.428571428571429,3.076923076923077,0.6947890818858561,False
62,Ryazan Oblast,60,Programming and broadcasting activities,0,2,1.0,1.1538461538461537,,True
62,Ryazan Oblast,61,Telecommunications,3,3,1.4285714285714286,1.2307692307692308,0.8615384615384616,False
62,Ryazan Oblast,62,"Computer programming, consultancy and related activities",7,13,14.428571428571429,17.571428571428573,1.217821782178218,False
62,Ryazan Oblast,63,Information service activities,7,13,5.875,13.5,2.297872340425532,False
62,Ryazan Oblast,64,"Financial service activities, except insurance and pension funding",3,6,1.5714285714285714,1.7692307692307692,1.1258741258741258,False
62,Ryazan Oblast,65,"Insurance, reinsurance and pension funding",0,0,1.0,1.0,,True
62,Ryazan Oblast,66,Auxiliary financial services,6,9,4.857142857142858,2.3846153846153846,0.4909502262443438,False
62,Ryazan Oblast,68,Real estate activities,7,13,25.142857142857142,28.23076923076923,1.1228146853146852,False
62,Ryazan Oblast,69,Legal and accounting activities,7,13,10.0,11.23076923076923,1.123076923076923,False
62,Ryazan Oblast,70,Management consultancy activities,7,13,6.571428571428571,7.076923076923077,1.0769230769230769,False
62,Ryazan Oblast,71,Architectural and engineering activities,7,13,7.428571428571429,7.769230769230769,1.0458579881656804,False
62,Ryazan Oblast,72,Scientific research and development,5,12,2.0,3.230769230769231,1.6153846153846154,False
62,Ryazan Oblast,73,Advertising and market research,7,13,15.714285714285714,17.615384615384617,1.1209790209790211,False
62,Ryazan Oblast,74,"Other professional, scientific and technical activities",7,13,6.428571428571429,9.923076923076923,1.5435897435897437,False
62,Ryazan Oblast,75,Veterinary activities,2,5,1.2857142857142856,1.6153846153846154,,True
62,Ryazan Oblast,77,Rental and leasing activities,7,12,6.142857142857143,5.153846153846154,0.8389982110912344,False
62,Ryazan Oblast,78,Employment activities,5,11,3.2857142857142856,3.0,0.9130434782608696,False
62,Ryazan Oblast,79,Travel agency and reservation services,7,13,5.571428571428571,3.5384615384615383,0.6351084812623274,False
62,Ryazan Oblast,80,Security and investigation activities,5,9,2.428571428571429,2.1538461538461537,0.8868778280542985,False
62,Ryazan Oblast,81,Services to buildings and landscape activities,7,13,10.375000000000002,10.846153846153847,1.0454124189063947,False
62,Ryazan Oblast,82,Office administrative and business support activities,7,13,6.142857142857143,9.615384615384615,1.5652951699463327,False
62,Ryazan Oblast,84,Public administration and defence; compulsory social security,1,2,1.1428571428571428,1.4615384615384617,,True
62,Ryazan Oblast,85,Education,7,13,9.571428571428571,11.615384615384615,1.2135476463834673,False
62,Ryazan Oblast,86,Human health activities,7,13,3.142857142857143,5.428571428571429,1.7272727272727273,False
62,Ryazan Oblast,87,Residential care activities,0,3,1.0,1.3076923076923077,,True
62,Ryazan Oblast,88,Social work activities without accommodation,4,8,1.7142857142857144,1.8461538461538463,1.0769230769230769,False
62,Ryazan Oblast,90,"Creative, arts and entertainment activities",5,12,3.142857142857143,4.076923076923077,1.297202797202797,False
62,Ryazan Oblast,91,"Libraries, archives, museums and other cultural activities",3,4,1.4285714285714286,1.3076923076923077,0.9153846153846154,False
62,Ryazan Oblast,92,Gambling and betting activities,0,0,1.0,1.0,,True
62,Ryazan Oblast,93,Sports activities and amusement and recreation,7,13,5.857142857142857,8.785714285714286,1.5000000000000002,False
62,Ryazan Oblast,94,Activities of membership organisations,1,0,1.1428571428571428,1.0,,True
62,Ryazan Oblast,95,"Repair of computers, personal and household goods",7,13,6.714285714285714,6.769230769230769,1.0081833060556464,False
62,Ryazan Oblast,96,Other personal service activities,7,13,17.857142857142858,22.153846153846153,1.2406153846153845,False
62,Ryazan Oblast,97,Activities of households as employers,1,2,1.1428571428571428,1.0,,True
62,Ryazan Oblast,98,OKVED 98,0,0,1.0,1.0,,True
63,Samara Oblast,01,Crop and animal production,7,13,24.375000000000004,31.28571428571429,1.2835164835164834,False
63,Samara Oblast,02,Forestry and logging,4,7,1.7142857142857144,1.6923076923076923,0.9871794871794871,False
63,Samara Oblast,03,Fishing and aquaculture,6,13,4.714285714285714,3.769230769230769,0.7995337995337995,False
63,Samara Oblast,05,Mining of coal and lignite,0,0,1.0,1.0,,True
63,Samara Oblast,06,Extraction of crude petroleum and natural gas,2,3,1.2857142857142856,1.0714285714285714,,True
63,Samara Oblast,07,OKVED 07,0,0,1.0,1.0,,True
63,Samara Oblast,08,Other mining and quarrying,3,5,1.7142857142857144,1.5384615384615383,0.8974358974358972,False
63,Samara Oblast,09,Mining support services,4,6,1.7142857142857144,1.5384615384615383,0.8974358974358972,False
63,Samara Oblast,10,Manufacture of food products,7,13,15.125,11.600000000000001,0.7669421487603306,False
63,Samara Oblast,11,Manufacture of beverages,4,8,1.8571428571428572,2.1538461538461537,1.1597633136094674,False
63,Samara Oblast,12,Manufacture of tobacco products,3,1,1.4285714285714286,1.0769230769230769,,True
63,Samara Oblast,13,Manufacture of textiles,7,13,4.714285714285714,4.714285714285714,1.0,False
63,Samara Oblast,14,Manufacture of wearing apparel,7,13,11.285714285714286,9.307692307692308,0.824732229795521,False
63,Samara Oblast,15,Manufacture of leather and related products,4,6,1.5714285714285714,1.8461538461538463,1.174825174825175,False
63,Samara Oblast,16,Wood processing,7,13,6.125,5.266666666666667,0.8598639455782313,False
63,Samara Oblast,17,Manufacture of paper and paper products,4,4,1.7142857142857144,1.5384615384615383,0.8974358974358972,False
63,Samara Oblast,18,Printing and reproduction of recorded media,7,13,4.750000000000001,5.538461538461538,1.1659919028340078,False
63,Samara Oblast,19,Manufacture of coke and refined petroleum products,1,4,1.1428571428571428,1.3076923076923077,,True
63,Samara Oblast,20,Manufacture of chemicals and chemical products,7,13,4.571428571428571,4.230769230769231,0.9254807692307693,False
63,Samara Oblast,21,Manufacture of pharmaceutical products,2,6,1.2857142857142856,1.2857142857142858,,True
63,Samara Oblast,22,Manufacture of rubber and plastic products,7,13,6.500000000000001,5.6000000000000005,0.8615384615384615,False
63,Samara Oblast,23,Other non-metallic mineral products,7,13,7.249999999999999,5.3125,0.7327586206896552,False
63,Samara Oblast,24,Manufacture of basic metals,3,6,1.5714285714285714,1.5384615384615383,0.979020979020979,False
63,Samara Oblast,25,Manufacture of fabricated metal products,7,13,17.555555555555557,18.0,1.0253164556962024,False
63,Samara Oblast,26,"Manufacture of computer, electronic and optical products",5,7,2.0,2.3076923076923075,1.1538461538461537,False
63,Samara Oblast,27,Manufacture of electrical equipment,7,12,3.142857142857143,2.6923076923076925,0.8566433566433568,False
63,Samara Oblast,28,Manufacture of machinery and equipment n.e.c.,7,13,4.714285714285714,4.230769230769231,0.8974358974358975,False
63,Samara Oblast,29,Manufacture of motor vehicles and trailers,4,9,2.0,2.7333333333333334,1.3666666666666667,False
63,Samara Oblast,30,Manufacture of other transport equipment,5,12,2.571428571428571,3.2142857142857144,1.2500000000000002,False
63,Samara Oblast,31,Manufacture of furniture,7,13,12.142857142857142,12.23076923076923,1.0072398190045249,False
63,Samara Oblast,32,Other manufacturing,7,13,5.0,7.384615384615385,1.476923076923077,False
63,Samara Oblast,33,Repair and installation of machinery and equipment,7,13,11.375,15.615384615384615,1.3727810650887573,False
63,Samara Oblast,35,"Electricity, gas, steam and air conditioning supply",5,6,2.2857142857142856,1.6153846153846154,0.7067307692307693,False
63,Samara Oblast,36,"Water collection, treatment and supply",3,6,1.5714285714285714,1.4615384615384617,0.9300699300699302,False
63,Samara Oblast,37,Sewerage,3,8,1.8571428571428572,1.8461538461538463,0.9940828402366864,False
63,Samara Oblast,38,"Waste collection, treatment and disposal",7,13,4.142857142857142,4.461538461538462,1.076923076923077,False
63,Samara Oblast,39,Remediation activities,0,2,1.0,1.1538461538461537,,True
63,Samara Oblast,41,Construction of buildings,7,13,67.33333333333334,70.06249999999999,1.0405321782178214,False
63,Samara Oblast,42,Civil engineering,7,13,20.285714285714285,19.076923076923077,0.9404117009750813,False
63,Samara Oblast,43,Specialised construction activities,7,13,155.14285714285714,103.4375,0.6667242173112339,False
63,Samara Oblast,45,Sale and repair of motor vehicles and motorcycles,7,13,39.05882352941176,53.31818181818181,1.3650739320920044,False
63,Samara Oblast,46,Wholesale trade,7,13,60.466666666666676,27.64,0.45711135611907383,False
63,Samara Oblast,47,Retail trade,7,13,338.2,146.65,0.4336191602602011,False
63,Samara Oblast,49,Land transport and pipeline transport,7,13,224.42857142857142,183.37499999999997,0.8170751113940165,False
63,Samara Oblast,50,Water transport,4,3,1.5714285714285714,1.3076923076923077,0.8321678321678322,False
63,Samara Oblast,51,Air transport,0,1,1.0,1.0769230769230769,,True
63,Samara Oblast,52,Warehousing and transport support activities,7,13,30.5,29.923076923076923,0.9810844892812106,False
63,Samara Oblast,53,Postal and courier activities,7,13,11.142857142857142,15.692307692307692,1.4082840236686391,False
63,Samara Oblast,55,Accommodation,7,13,8.142857142857142,8.071428571428573,0.9912280701754388,False
63,Samara Oblast,56,Food and beverage service activities,7,13,56.222222222222236,70.80000000000001,1.259288537549407,False
63,Samara Oblast,58,Publishing activities,5,10,2.571428571428571,2.230769230769231,0.8675213675213677,False
63,Samara Oblast,59,"Motion picture, video and television production",7,13,7.0,9.538461538461538,1.3626373626373627,False
63,Samara Oblast,60,Programming and broadcasting activities,1,1,1.1428571428571428,1.0769230769230769,,True
63,Samara Oblast,61,Telecommunications,2,8,1.7142857142857144,2.0,,True
63,Samara Oblast,62,"Computer programming, consultancy and related activities",7,13,75.14285714285714,65.06666666666668,0.8659062103929026,False
63,Samara Oblast,63,Information service activities,7,13,28.142857142857142,41.285714285714285,1.467005076142132,False
63,Samara Oblast,64,"Financial service activities, except insurance and pension funding",7,10,4.428571428571429,3.071428571428571,0.6935483870967741,False
63,Samara Oblast,65,"Insurance, reinsurance and pension funding",2,1,1.2857142857142856,1.0769230769230769,,True
63,Samara Oblast,66,Auxiliary financial services,7,13,8.714285714285715,8.571428571428571,0.983606557377049,False
63,Samara Oblast,68,Real estate activities,7,13,69.27272727272728,65.0,0.9383202099737532,False
63,Samara Oblast,69,Legal and accounting activities,7,13,35.57142857142857,37.53333333333334,1.055153949129853,False
63,Samara Oblast,70,Management consultancy activities,7,13,26.285714285714285,25.46666666666667,0.968840579710145,False
63,Samara Oblast,71,Architectural and engineering activities,7,13,26.285714285714285,21.071428571428573,0.8016304347826088,False
63,Samara Oblast,72,Scientific research and development,7,13,6.625,6.6923076923076925,1.0101596516690856,False
63,Samara Oblast,73,Advertising and market research,7,13,58.285714285714285,88.76923076923077,1.523001508295626,False
63,Samara Oblast,74,"Other professional, scientific and technical activities",7,13,23.875,35.38461538461539,1.482078131292791,False
63,Samara Oblast,75,Veterinary activities,5,8,2.142857142857143,2.3846153846153846,1.1128205128205129,False
63,Samara Oblast,77,Rental and leasing activities,7,13,16.555555555555557,21.23076923076923,1.282395456892101,False
63,Samara Oblast,78,Employment activities,7,13,11.0,10.92857142857143,0.9935064935064937,False
63,Samara Oblast,79,Travel agency and reservation services,7,13,11.714285714285714,10.214285714285715,0.8719512195121952,False
63,Samara Oblast,80,Security and investigation activities,5,12,1.5555555555555558,2.777777777777778,1.7857142857142856,False
63,Samara Oblast,81,Services to buildings and landscape activities,7,13,27.571428571428573,26.714285714285715,0.9689119170984456,False
63,Samara Oblast,82,Office administrative and business support activities,7,13,33.285714285714285,78.5,2.3583690987124464,False
63,Samara Oblast,84,Public administration and defence; compulsory social security,2,2,1.2857142857142856,1.2307692307692308,,True
63,Samara Oblast,85,Education,7,13,33.0,35.61538461538461,1.0792540792540792,False
63,Samara Oblast,86,Human health activities,7,13,8.857142857142858,11.142857142857144,1.2580645161290323,False
63,Samara Oblast,87,Residential care activities,3,8,1.4285714285714286,1.6923076923076923,1.1846153846153846,False
63,Samara Oblast,88,Social work activities without accommodation,7,13,3.857142857142857,4.0,1.037037037037037,False
63,Samara Oblast,90,"Creative, arts and entertainment activities",7,13,10.857142857142858,10.384615384615385,0.9564777327935222,False
63,Samara Oblast,91,"Libraries, archives, museums and other cultural activities",2,4,1.2857142857142856,1.3846153846153846,,True
63,Samara Oblast,92,Gambling and betting activities,0,1,1.0,1.0769230769230769,,True
63,Samara Oblast,93,Sports activities and amusement and recreation,7,13,28.0,29.307692307692307,1.0467032967032968,False
63,Samara Oblast,94,Activities of membership organisations,2,6,1.2857142857142856,1.5384615384615383,,True
63,Samara Oblast,95,"Repair of computers, personal and household goods",7,13,18.714285714285715,19.307692307692307,1.031708749266001,False
63,Samara Oblast,96,Other personal service activities,7,13,82.71428571428571,95.6923076923077,1.1569018201142554,False
63,Samara Oblast,97,Activities of households as employers,1,0,1.1428571428571428,1.0,,True
63,Samara Oblast,98,OKVED 98,1,0,1.1428571428571428,1.0,,True
63,Samara Oblast,99,Activities of extraterritorial organisations and bodies,0,0,1.0,1.0,,True
64,Saratov Oblast,01,Crop and animal production,7,13,29.75,29.187499999999996,0.9810924369747898,False
64,Saratov Oblast,02,Forestry and logging,3,6,1.5714285714285714,1.6153846153846154,1.027972027972028,False
64,Saratov Oblast,03,Fishing and aquaculture,6,12,3.0,2.8571428571428577,0.9523809523809526,False
64,Saratov Oblast,05,Mining of coal and lignite,0,0,1.0,1.0,,True
64,Saratov Oblast,06,Extraction of crude petroleum and natural gas,1,7,1.1428571428571428,1.8571428571428572,,True
64,Saratov Oblast,07,OKVED 07,0,0,1.0,1.0,,True
64,Saratov Oblast,08,Other mining and quarrying,3,4,1.7142857142857144,1.3571428571428574,0.7916666666666667,False
64,Saratov Oblast,09,Mining support services,3,3,1.7142857142857144,1.2307692307692308,0.717948717948718,False
64,Saratov Oblast,10,Manufacture of food products,7,13,8.111111111111112,10.933333333333334,1.3479452054794518,False
64,Saratov Oblast,11,Manufacture of beverages,2,5,1.2857142857142856,1.3846153846153846,,True
64,Saratov Oblast,12,Manufacture of tobacco products,1,0,1.1428571428571428,1.0,,True
64,Saratov Oblast,13,Manufacture of textiles,4,10,1.8571428571428572,2.6153846153846154,1.408284023668639,False
64,Saratov Oblast,14,Manufacture of wearing apparel,6,13,4.0,5.2,1.3,False
64,Saratov Oblast,15,Manufacture of leather and related products,1,2,1.1428571428571428,1.1538461538461537,,True
64,Saratov Oblast,16,Wood processing,7,9,3.2857142857142856,3.4615384615384617,1.053511705685619,False
64,Saratov Oblast,17,Manufacture of paper and paper products,3,2,1.4285714285714286,1.1538461538461537,,True
64,Saratov Oblast,18,Printing and reproduction of recorded media,6,11,2.7142857142857144,2.6923076923076925,0.9919028340080972,False
64,Saratov Oblast,19,Manufacture of coke and refined petroleum products,0,0,1.0,1.0,,True
64,Saratov Oblast,20,Manufacture of chemicals and chemical products,7,11,4.0,2.6153846153846154,0.6538461538461539,False
64,Saratov Oblast,21,Manufacture of pharmaceutical products,0,2,1.0,1.1538461538461537,,True
64,Saratov Oblast,22,Manufacture of rubber and plastic products,7,13,4.142857142857142,4.285714285714286,1.0344827586206897,False
64,Saratov Oblast,23,Other non-metallic mineral products,6,13,5.0,3.8571428571428568,0.7714285714285714,False
64,Saratov Oblast,24,Manufacture of basic metals,0,0,1.0,1.0,,True
64,Saratov Oblast,25,Manufacture of fabricated metal products,7,13,13.142857142857142,10.142857142857144,0.7717391304347827,False
64,Saratov Oblast,26,"Manufacture of computer, electronic and optical products",5,5,2.1250000000000004,1.6153846153846154,0.760180995475113,False
64,Saratov Oblast,27,Manufacture of electrical equipment,3,8,1.5714285714285714,1.7692307692307692,1.1258741258741258,False
64,Saratov Oblast,28,Manufacture of machinery and equipment n.e.c.,6,9,2.428571428571429,2.6153846153846154,1.0769230769230769,False
64,Saratov Oblast,29,Manufacture of motor vehicles and trailers,3,4,1.4285714285714286,1.3076923076923077,0.9153846153846154,False
64,Saratov Oblast,30,Manufacture of other transport equipment,2,3,1.2857142857142856,1.3076923076923077,,True
64,Saratov Oblast,31,Manufacture of furniture,7,13,7.857142857142857,6.076923076923077,0.7734265734265734,False
64,Saratov Oblast,32,Other manufacturing,6,12,2.857142857142857,5.461538461538462,1.9115384615384616,False
64,Saratov Oblast,33,Repair and installation of machinery and equipment,7,13,8.857142857142858,9.23076923076923,1.042183622828784,False
64,Saratov Oblast,35,"Electricity, gas, steam and air conditioning supply",2,9,1.2857142857142856,1.8235294117647058,,True
64,Saratov Oblast,36,"Water collection, treatment and supply",4,5,1.7142857142857144,1.5384615384615383,0.8974358974358972,False
64,Saratov Oblast,37,Sewerage,3,4,1.5714285714285714,1.3846153846153846,0.8811188811188811,False
64,Saratov Oblast,38,"Waste collection, treatment and disposal",7,9,3.1250000000000004,2.6923076923076925,0.8615384615384615,False
64,Saratov Oblast,39,Remediation activities,1,2,1.1428571428571428,1.1538461538461537,,True
64,Saratov Oblast,41,Construction of buildings,7,13,38.66666666666667,56.5,1.461206896551724,False
64,Saratov Oblast,42,Civil engineering,7,13,12.571428571428571,11.000000000000002,0.8750000000000001,False
64,Saratov Oblast,43,Specialised construction activities,7,13,72.125,81.71428571428572,1.1329537014112405,False
64,Saratov Oblast,45,Sale and repair of motor vehicles and motorcycles,7,13,36.0,41.333333333333336,1.1481481481481481,False
64,Saratov Oblast,46,Wholesale trade,7,13,52.33333333333334,43.60000000000001,0.8331210191082803,False
64,Saratov Oblast,47,Retail trade,7,13,281.0,166.54285714285712,0.5926792069140823,False
64,Saratov Oblast,49,Land transport and pipeline transport,7,13,105.77777777777779,131.93333333333334,1.2472689075630252,False
64,Saratov Oblast,50,Water transport,2,2,1.2857142857142856,1.1538461538461537,,True
64,Saratov Oblast,51,Air transport,0,1,1.0,1.0769230769230769,,True
64,Saratov Oblast,52,Warehousing and transport support activities,7,13,11.250000000000002,14.142857142857142,1.257142857142857,False
64,Saratov Oblast,53,Postal and courier activities,7,13,5.428571428571429,9.846153846153847,1.8137651821862348,False
64,Saratov Oblast,55,Accommodation,7,13,5.571428571428571,5.214285714285714,0.935897435897436,False
64,Saratov Oblast,56,Food and beverage service activities,7,13,41.25000000000001,38.73684210526315,0.9390749601275914,False
64,Saratov Oblast,58,Publishing activities,6,9,2.571428571428571,2.9230769230769234,1.136752136752137,False
64,Saratov Oblast,59,"Motion picture, video and television production",7,13,5.142857142857143,5.153846153846154,1.0021367521367521,False
64,Saratov Oblast,60,Programming and broadcasting activities,0,3,1.0,1.2307692307692308,,True
64,Saratov Oblast,61,Telecommunications,3,7,1.4285714285714286,1.9285714285714284,1.3499999999999999,False
64,Saratov Oblast,62,"Computer programming, consultancy and related activities",7,13,29.625,42.46153846153846,1.433300876338851,False
64,Saratov Oblast,63,Information service activities,7,13,16.714285714285715,26.0,1.5555555555555554,False
64,Saratov Oblast,64,"Financial service activities, except insurance and pension funding",6,9,2.857142857142857,2.5384615384615383,0.8884615384615384,False
64,Saratov Oblast,65,"Insurance, reinsurance and pension funding",0,2,1.0,1.1538461538461537,,True
64,Saratov Oblast,66,Auxiliary financial services,6,13,4.142857142857142,5.714285714285715,1.3793103448275865,False
64,Saratov Oblast,68,Real estate activities,7,13,46.42857142857143,58.5625,1.261346153846154,False
64,Saratov Oblast,69,Legal and accounting activities,7,13,18.428571428571427,25.357142857142858,1.3759689922480622,False
64,Saratov Oblast,70,Management consultancy activities,7,13,8.857142857142858,13.294117647058822,1.5009487666034154,False
64,Saratov Oblast,71,Architectural and engineering activities,7,13,13.125,14.214285714285715,1.0829931972789117,False
64,Saratov Oblast,72,Scientific research and development,6,11,3.5714285714285716,4.3076923076923075,1.2061538461538461,False
64,Saratov Oblast,73,Advertising and market research,7,13,32.0,59.38461538461539,1.8557692307692308,False
64,Saratov Oblast,74,"Other professional, scientific and technical activities",7,13,9.714285714285714,16.23076923076923,1.670814479638009,False
64,Saratov Oblast,75,Veterinary activities,4,7,1.8571428571428572,1.6923076923076923,0.9112426035502958,False
64,Saratov Oblast,77,Rental and leasing activities,7,13,9.125,12.846153846153847,1.4077976817702846,False
64,Saratov Oblast,78,Employment activities,7,13,7.142857142857143,9.0,1.26,False
64,Saratov Oblast,79,Travel agency and reservation services,6,13,3.857142857142857,4.615384615384615,1.1965811965811965,False
64,Saratov Oblast,80,Security and investigation activities,5,11,2.25,3.1538461538461537,1.4017094017094016,False
64,Saratov Oblast,81,Services to buildings and landscape activities,7,13,13.571428571428571,8.4,0.6189473684210527,False
64,Saratov Oblast,82,Office administrative and business support activities,7,13,17.714285714285715,22.714285714285715,1.282258064516129,False
64,Saratov Oblast,84,Public administration and defence; compulsory social security,2,6,1.2857142857142856,1.6923076923076923,,True
64,Saratov Oblast,85,Education,7,13,14.571428571428571,17.857142857142858,1.2254901960784315,False
64,Saratov Oblast,86,Human health activities,7,13,5.714285714285714,6.124999999999999,1.071875,False
64,Saratov Oblast,87,Residential care activities,0,5,1.0,1.3846153846153846,,True
64,Saratov Oblast,88,Social work activities without accommodation,6,9,2.7142857142857144,2.6923076923076925,0.9919028340080972,False
64,Saratov Oblast,90,"Creative, arts and entertainment activities",7,13,6.571428571428571,6.384615384615385,0.9715719063545152,False
64,Saratov Oblast,91,"Libraries, archives, museums and other cultural activities",1,0,1.1428571428571428,1.0,,True
64,Saratov Oblast,92,Gambling and betting activities,0,0,1.0,1.0,,True
64,Saratov Oblast,93,Sports activities and amusement and recreation,7,13,14.857142857142858,16.384615384615387,1.1028106508875741,False
64,Saratov Oblast,94,Activities of membership organisations,2,8,1.4285714285714286,1.7692307692307692,,True
64,Saratov Oblast,95,"Repair of computers, personal and household goods",7,13,13.571428571428571,13.692307692307692,1.0089068825910932,False
64,Saratov Oblast,96,Other personal service activities,7,13,53.142857142857146,47.400000000000006,0.8919354838709678,False
64,Saratov Oblast,97,Activities of households as employers,1,1,1.1428571428571428,1.0769230769230769,,True
64,Saratov Oblast,98,OKVED 98,0,0,1.0,1.0,,True
64,Saratov Oblast,99,Activities of extraterritorial organisations and bodies,0,0,1.0,1.0,,True
65,Sakhalin Oblast,01,Crop and animal production,7,13,6.142857142857143,7.769230769230769,1.2647584973166368,False
65,Sakhalin Oblast,02,Forestry and logging,6,10,2.7142857142857144,1.8461538461538463,0.680161943319838,False
65,Sakhalin Oblast,03,Fishing and aquaculture,7,12,6.714285714285714,4.200000000000001,0.6255319148936171,False
65,Sakhalin Oblast,05,Mining of coal and lignite,3,2,1.4285714285714286,1.1538461538461537,,True
65,Sakhalin Oblast,06,Extraction of crude petroleum and natural gas,0,0,1.0,1.0,,True
65,Sakhalin Oblast,07,OKVED 07,0,2,1.0,1.1538461538461537,,True
65,Sakhalin Oblast,08,Other mining and quarrying,4,3,1.8571428571428572,1.3076923076923077,0.7041420118343195,False
65,Sakhalin Oblast,09,Mining support services,1,1,1.1428571428571428,1.0769230769230769,,True
65,Sakhalin Oblast,10,Manufacture of food products,7,13,6.857142857142857,6.928571428571429,1.0104166666666667,False
65,Sakhalin Oblast,11,Manufacture of beverages,1,5,1.1428571428571428,1.4615384615384617,,True
65,Sakhalin Oblast,12,Manufacture of tobacco products,0,1,1.0,1.0769230769230769,,True
65,Sakhalin Oblast,13,Manufacture of textiles,3,5,1.4285714285714286,1.4615384615384617,1.0230769230769232,False
65,Sakhalin Oblast,14,Manufacture of wearing apparel,2,5,1.7142857142857144,1.7692307692307692,,True
65,Sakhalin Oblast,15,Manufacture of leather and related products,0,0,1.0,1.0,,True
65,Sakhalin Oblast,16,Wood processing,4,10,2.2857142857142856,1.9230769230769231,0.841346153846154,False
65,Sakhalin Oblast,17,Manufacture of paper and paper products,0,0,1.0,1.0,,True
65,Sakhalin Oblast,18,Printing and reproduction of recorded media,4,4,1.7142857142857144,1.6923076923076923,0.9871794871794871,False
65,Sakhalin Oblast,19,Manufacture of coke and refined petroleum products,0,0,1.0,1.0,,True
65,Sakhalin Oblast,20,Manufacture of chemicals and chemical products,3,3,1.4285714285714286,1.3076923076923077,0.9153846153846154,False
65,Sakhalin Oblast,21,Manufacture of pharmaceutical products,0,0,1.0,1.0,,True
65,Sakhalin Oblast,22,Manufacture of rubber and plastic products,4,8,1.5714285714285714,2.0,1.2727272727272727,False
65,Sakhalin Oblast,23,Other non-metallic mineral products,6,11,3.5714285714285716,2.5384615384615383,0.7107692307692307,False
65,Sakhalin Oblast,24,Manufacture of basic metals,0,1,1.0,1.0769230769230769,,True
65,Sakhalin Oblast,25,Manufacture of fabricated metal products,5,10,2.571428571428571,3.1538461538461537,1.2264957264957266,False
65,Sakhalin Oblast,26,"Manufacture of computer, electronic and optical products",2,1,1.2857142857142856,1.0769230769230769,,True
65,Sakhalin Oblast,27,Manufacture of electrical equipment,1,2,1.1428571428571428,1.1538461538461537,,True
65,Sakhalin Oblast,28,Manufacture of machinery and equipment n.e.c.,0,2,1.0,1.2307692307692308,,True
65,Sakhalin Oblast,29,Manufacture of motor vehicles and trailers,1,1,1.2857142857142856,1.0769230769230769,,True
65,Sakhalin Oblast,30,Manufacture of other transport equipment,1,1,1.1428571428571428,1.0769230769230769,,True
65,Sakhalin Oblast,31,Manufacture of furniture,3,10,2.0,2.0769230769230766,1.0384615384615383,False
65,Sakhalin Oblast,32,Other manufacturing,3,10,1.5714285714285714,2.1538461538461537,1.3706293706293706,False
65,Sakhalin Oblast,33,Repair and installation of machinery and equipment,7,13,3.7142857142857144,3.3846153846153846,0.9112426035502958,False
65,Sakhalin Oblast,35,"Electricity, gas, steam and air conditioning supply",2,9,1.2857142857142856,1.9230769230769231,,True
65,Sakhalin Oblast,36,"Water collection, treatment and supply",0,0,1.0,1.0,,True
65,Sakhalin Oblast,37,Sewerage,3,1,1.4285714285714286,1.0769230769230769,,True
65,Sakhalin Oblast,38,"Waste collection, treatment and disposal",3,3,1.4285714285714286,1.2307692307692308,0.8615384615384616,False
65,Sakhalin Oblast,41,Construction of buildings,7,13,35.285714285714285,27.714285714285715,0.785425101214575,False
65,Sakhalin Oblast,42,Civil engineering,7,12,5.0,4.769230769230769,0.9538461538461538,False
65,Sakhalin Oblast,43,Specialised construction activities,7,13,28.142857142857142,26.92857142857143,0.9568527918781726,False
65,Sakhalin Oblast,45,Sale and repair of motor vehicles and motorcycles,7,13,15.500000000000002,22.153846153846153,1.4292803970223322,False
65,Sakhalin Oblast,46,Wholesale trade,7,13,16.125,19.46153846153846,1.206917113893858,False
65,Sakhalin Oblast,47,Retail trade,7,13,70.0,46.27272727272728,0.6610389610389612,False
65,Sakhalin Oblast,49,Land transport and pipeline transport,7,13,25.125000000000004,37.53333333333334,1.4938640132669982,False
65,Sakhalin Oblast,50,Water transport,2,6,1.4285714285714286,1.8461538461538463,,True
65,Sakhalin Oblast,51,Air transport,0,0,1.0,1.0,,True
65,Sakhalin Oblast,52,Warehousing and transport support activities,7,12,7.142857142857143,5.2857142857142865,0.7400000000000001,False
65,Sakhalin Oblast,53,Postal and courier activities,6,10,3.0,2.6923076923076925,0.8974358974358975,False
65,Sakhalin Oblast,55,Accommodation,6,13,3.4285714285714284,5.0,1.4583333333333335,False
65,Sakhalin Oblast,56,Food and beverage service activities,7,13,16.625,21.533333333333335,1.2952380952380953,False
65,Sakhalin Oblast,58,Publishing activities,0,3,1.0,1.2307692307692308,,True
65,Sakhalin Oblast,59,"Motion picture, video and television production",5,5,1.8571428571428572,1.3846153846153846,0.7455621301775147,False
65,Sakhalin Oblast,60,Programming and broadcasting activities,2,2,1.2857142857142856,1.1538461538461537,,True
65,Sakhalin Oblast,61,Telecommunications,2,2,1.2857142857142856,1.2307692307692308,,True
65,Sakhalin Oblast,62,"Computer programming, consultancy and related activities",7,13,5.857142857142857,9.384615384615385,1.602251407129456,False
65,Sakhalin Oblast,63,Information service activities,6,13,3.7142857142857144,6.076923076923077,1.6360946745562128,False
65,Sakhalin Oblast,64,"Financial service activities, except insurance and pension funding",1,2,1.1428571428571428,1.1538461538461537,,True
65,Sakhalin Oblast,65,"Insurance, reinsurance and pension funding",0,0,1.0,1.0,,True
65,Sakhalin Oblast,66,Auxiliary financial services,4,7,1.5714285714285714,1.5384615384615383,0.979020979020979,False
65,Sakhalin Oblast,68,Real estate activities,7,13,18.142857142857142,20.615384615384617,1.1362810417928528,False
65,Sakhalin Oblast,69,Legal and accounting activities,7,13,7.428571428571429,8.846153846153847,1.190828402366864,False
65,Sakhalin Oblast,70,Management consultancy activities,7,11,3.5714285714285716,4.538461538461538,1.2707692307692307,False
65,Sakhalin Oblast,71,Architectural and engineering activities,7,13,6.571428571428571,6.615384615384615,1.0066889632107023,False
65,Sakhalin Oblast,72,Scientific research and development,0,2,1.0,1.2307692307692308,,True
65,Sakhalin Oblast,73,Advertising and market research,7,13,6.714285714285714,8.153846153846153,1.2144026186579377,False
65,Sakhalin Oblast,74,"Other professional, scientific and technical activities",6,13,4.857142857142858,6.769230769230769,1.3936651583710407,False
65,Sakhalin Oblast,75,Veterinary activities,3,3,1.4285714285714286,1.3076923076923077,0.9153846153846154,False
65,Sakhalin Oblast,77,Rental and leasing activities,7,13,6.571428571428571,6.0,0.9130434782608696,False
65,Sakhalin Oblast,78,Employment activities,5,10,2.0,2.1538461538461537,1.0769230769230769,False
65,Sakhalin Oblast,79,Travel agency and reservation services,7,13,6.142857142857143,6.769230769230769,1.1019677996422181,False
65,Sakhalin Oblast,80,Security and investigation activities,6,9,2.428571428571429,1.8571428571428572,0.7647058823529411,False
65,Sakhalin Oblast,81,Services to buildings and landscape activities,7,13,4.714285714285714,5.153846153846154,1.0932400932400932,False
65,Sakhalin Oblast,82,Office administrative and business support activities,7,12,4.571428571428571,5.769230769230769,1.2620192307692308,False
65,Sakhalin Oblast,84,Public administration and defence; compulsory social security,3,2,1.5714285714285714,1.1538461538461537,,True
65,Sakhalin Oblast,85,Education,7,13,5.714285714285714,5.846153846153846,1.023076923076923,False
65,Sakhalin Oblast,86,Human health activities,7,12,2.7142857142857144,4.076923076923077,1.5020242914979756,False
65,Sakhalin Oblast,87,Residential care activities,0,0,1.0,1.0,,True
65,Sakhalin Oblast,88,Social work activities without accommodation,5,4,1.8571428571428572,1.3846153846153846,0.7455621301775147,False
65,Sakhalin Oblast,90,"Creative, arts and entertainment activities",4,11,1.8571428571428572,2.3076923076923075,1.242603550295858,False
65,Sakhalin Oblast,91,"Libraries, archives, museums and other cultural activities",0,0,1.0,1.0,,True
65,Sakhalin Oblast,92,Gambling and betting activities,0,0,1.0,1.0,,True
65,Sakhalin Oblast,93,Sports activities and amusement and recreation,7,13,5.857142857142857,6.846153846153846,1.1688555347091933,False
65,Sakhalin Oblast,94,Activities of membership organisations,1,1,1.1428571428571428,1.0769230769230769,,True
65,Sakhalin Oblast,95,"Repair of computers, personal and household goods",5,13,3.5714285714285716,4.3076923076923075,1.2061538461538461,False
65,Sakhalin Oblast,96,Other personal service activities,7,13,14.142857142857142,19.307692307692307,1.3651903651903652,False
65,Sakhalin Oblast,97,Activities of households as employers,0,0,1.0,1.0,,True
66,Sverdlovsk Oblast,01,Crop and animal production,7,13,18.5,21.692307692307693,1.1725571725571726,False
66,Sverdlovsk Oblast,02,Forestry and logging,7,13,11.0,10.857142857142858,0.987012987012987,False
66,Sverdlovsk Oblast,03,Fishing and aquaculture,6,10,2.0,2.5384615384615383,1.2692307692307692,False
66,Sverdlovsk Oblast,05,Mining of coal and lignite,0,2,1.0,1.1538461538461537,,True
66,Sverdlovsk Oblast,06,Extraction of crude petroleum and natural gas,0,0,1.0,1.0,,True
66,Sverdlovsk Oblast,07,OKVED 07,4,7,2.0,2.230769230769231,1.1153846153846154,False
66,Sverdlovsk Oblast,08,Other mining and quarrying,6,13,3.0,3.0,1.0,False
66,Sverdlovsk Oblast,09,Mining support services,5,5,2.0,1.3846153846153846,0.6923076923076923,False
66,Sverdlovsk Oblast,10,Manufacture of food products,7,13,20.285714285714285,16.555555555555557,0.8161189358372458,False
66,Sverdlovsk Oblast,11,Manufacture of beverages,5,9,2.571428571428571,1.6874999999999998,0.65625,False
66,Sverdlovsk Oblast,12,Manufacture of tobacco products,2,3,1.2857142857142856,1.2307692307692308,,True
66,Sverdlovsk Oblast,13,Manufacture of textiles,7,13,7.857142857142857,6.071428571428571,0.7727272727272727,False
66,Sverdlovsk Oblast,14,Manufacture of wearing apparel,7,13,18.571428571428573,14.588235294117647,0.7855203619909501,False
66,Sverdlovsk Oblast,15,Manufacture of leather and related products,4,9,1.5714285714285714,2.0769230769230766,1.3216783216783214,False
66,Sverdlovsk Oblast,16,Wood processing,7,13,17.75,19.785714285714285,1.1146881287726358,False
66,Sverdlovsk Oblast,17,Manufacture of paper and paper products,5,11,2.2857142857142856,2.6923076923076925,1.1778846153846156,False
66,Sverdlovsk Oblast,18,Printing and reproduction of recorded media,7,13,5.857142857142857,7.6923076923076925,1.3133208255159476,False
66,Sverdlovsk Oblast,19,Manufacture of coke and refined petroleum products,0,0,1.0,1.0,,True
66,Sverdlovsk Oblast,20,Manufacture of chemicals and chemical products,7,13,5.428571428571429,6.214285714285714,1.144736842105263,False
66,Sverdlovsk Oblast,21,Manufacture of pharmaceutical products,1,3,1.1428571428571428,1.0714285714285714,,True
66,Sverdlovsk Oblast,22,Manufacture of rubber and plastic products,7,13,6.857142857142857,7.642857142857142,1.1145833333333333,False
66,Sverdlovsk Oblast,23,Other non-metallic mineral products,7,13,10.857142857142858,10.733333333333334,0.9885964912280703,False
66,Sverdlovsk Oblast,24,Manufacture of basic metals,6,12,2.3750000000000004,2.6428571428571432,1.112781954887218,False
66,Sverdlovsk Oblast,25,Manufacture of fabricated metal products,7,13,30.555555555555557,37.857142857142854,1.2389610389610388,False
66,Sverdlovsk Oblast,26,"Manufacture of computer, electronic and optical products",5,12,2.571428571428571,4.846153846153847,1.884615384615385,False
66,Sverdlovsk Oblast,27,Manufacture of electrical equipment,7,13,4.857142857142858,5.769230769230769,1.187782805429864,False
66,Sverdlovsk Oblast,28,Manufacture of machinery and equipment n.e.c.,7,13,6.285714285714286,5.866666666666667,0.9333333333333335,False
66,Sverdlovsk Oblast,29,Manufacture of motor vehicles and trailers,4,7,2.0,1.9230769230769231,0.9615384615384616,False
66,Sverdlovsk Oblast,30,Manufacture of other transport equipment,5,9,2.142857142857143,2.0769230769230766,0.9692307692307691,False
66,Sverdlovsk Oblast,31,Manufacture of furniture,7,13,16.250000000000004,17.75,1.092307692307692,False
66,Sverdlovsk Oblast,32,Other manufacturing,7,13,10.428571428571429,14.285714285714286,1.3698630136986303,False
66,Sverdlovsk Oblast,33,Repair and installation of machinery and equipment,7,13,21.428571428571427,24.0,1.12,False
66,Sverdlovsk Oblast,35,"Electricity, gas, steam and air conditioning supply",6,10,3.5714285714285716,2.625,0.735,False
66,Sverdlovsk Oblast,36,"Water collection, treatment and supply",2,4,1.2857142857142856,1.3076923076923077,,True
66,Sverdlovsk Oblast,37,Sewerage,5,8,2.2857142857142856,2.0769230769230766,0.908653846153846,False
66,Sverdlovsk Oblast,38,"Waste collection, treatment and disposal",7,13,6.500000000000001,5.933333333333334,0.9128205128205127,False
66,Sverdlovsk Oblast,39,Remediation activities,0,1,1.0,1.0769230769230769,,True
66,Sverdlovsk Oblast,41,Construction of buildings,7,13,112.77777777777779,127.85714285714285,1.1337086558761433,False
66,Sverdlovsk Oblast,42,Civil engineering,7,13,16.285714285714285,17.28571428571429,1.06140350877193,False
66,Sverdlovsk Oblast,43,Specialised construction activities,7,13,193.7777777777778,146.2608695652174,0.7547865975269246,False
66,Sverdlovsk Oblast,45,Sale and repair of motor vehicles and motorcycles,7,13,86.28571428571429,38.36111111111111,0.4445824135393671,False
66,Sverdlovsk Oblast,46,Wholesale trade,7,13,84.04545454545456,44.6986301369863,0.5318387577142771,False
66,Sverdlovsk Oblast,47,Retail trade,7,13,134.0681818181818,137.94805194805195,1.028939529702371,False
66,Sverdlovsk Oblast,49,Land transport and pipeline transport,7,13,211.79999999999998,233.33333333333331,1.1016682404784388,False
66,Sverdlovsk Oblast,50,Water transport,1,3,1.1428571428571428,1.2307692307692308,,True
66,Sverdlovsk Oblast,51,Air transport,1,4,1.1428571428571428,1.3076923076923077,,True
66,Sverdlovsk Oblast,52,Warehousing and transport support activities,7,13,31.875000000000004,28.055555555555557,0.8801742919389978,False
66,Sverdlovsk Oblast,53,Postal and courier activities,7,13,8.625000000000002,11.823529411764707,1.3708439897698208,False
66,Sverdlovsk Oblast,55,Accommodation,7,13,11.714285714285714,10.92857142857143,0.932926829268293,False
66,Sverdlovsk Oblast,56,Food and beverage service activities,7,13,55.24999999999999,57.99999999999999,1.0497737556561086,False
66,Sverdlovsk Oblast,58,Publishing activities,6,12,3.4285714285714284,3.6153846153846154,1.0544871794871795,False
66,Sverdlovsk Oblast,59,"Motion picture, video and television production",7,13,11.0,11.461538461538462,1.0419580419580419,False
66,Sverdlovsk Oblast,60,Programming and broadcasting activities,0,5,1.0,1.5384615384615383,,True
66,Sverdlovsk Oblast,61,Telecommunications,7,9,4.875,2.5000000000000004,0.5128205128205129,False
66,Sverdlovsk Oblast,62,"Computer programming, consultancy and related activities",7,13,87.85714285714286,75.47058823529412,0.8590148254423721,False
66,Sverdlovsk Oblast,63,Information service activities,7,13,47.142857142857146,52.800000000000004,1.12,False
66,Sverdlovsk Oblast,64,"Financial service activities, except insurance and pension funding",7,13,4.777777777777779,3.928571428571429,0.8222591362126245,False
66,Sverdlovsk Oblast,65,"Insurance, reinsurance and pension funding",0,0,1.0,1.0,,True
66,Sverdlovsk Oblast,66,Auxiliary financial services,7,13,10.571428571428571,11.571428571428573,1.0945945945945947,False
66,Sverdlovsk Oblast,68,Real estate activities,7,13,87.25,85.39285714285715,0.9787146950470734,False
66,Sverdlovsk Oblast,69,Legal and accounting activities,7,13,47.42857142857143,54.6,1.1512048192771085,False
66,Sverdlovsk Oblast,70,Management consultancy activities,7,13,30.888888888888893,43.86666666666667,1.4201438848920862,False
66,Sverdlovsk Oblast,71,Architectural and engineering activities,7,13,31.3,41.733333333333334,1.3333333333333333,False
66,Sverdlovsk Oblast,72,Scientific research and development,7,13,6.142857142857143,8.153846153846153,1.32737030411449,False
66,Sverdlovsk Oblast,73,Advertising and market research,7,13,75.625,97.66666666666667,1.2914600550964188,False
66,Sverdlovsk Oblast,74,"Other professional, scientific and technical activities",7,13,39.0,50.61538461538461,1.2978303747534516,False
66,Sverdlovsk Oblast,75,Veterinary activities,6,13,2.142857142857143,3.071428571428571,1.4333333333333333,False
66,Sverdlovsk Oblast,77,Rental and leasing activities,7,13,26.142857142857142,31.307692307692307,1.1975620008406893,False
66,Sverdlovsk Oblast,78,Employment activities,7,13,9.333333333333334,15.785714285714286,1.691326530612245,False
66,Sverdlovsk Oblast,79,Travel agency and reservation services,7,13,18.714285714285715,20.642857142857142,1.1030534351145038,False
66,Sverdlovsk Oblast,80,Security and investigation activities,7,13,6.0,4.2727272727272725,0.712121212121212,False
66,Sverdlovsk Oblast,81,Services to buildings and landscape activities,7,13,38.57142857142857,34.4375,0.8928240740740742,False
66,Sverdlovsk Oblast,82,Office administrative and business support activities,7,13,34.25000000000001,61.13333333333333,1.784914841849148,False
66,Sverdlovsk Oblast,84,Public administration and defence; compulsory social security,3,6,1.5714285714285714,1.8461538461538463,1.174825174825175,False
66,Sverdlovsk Oblast,85,Education,7,13,77.42857142857143,72.53846153846153,0.9368435992052228,False
66,Sverdlovsk Oblast,86,Human health activities,7,13,12.500000000000002,16.071428571428573,1.2857142857142856,False
66,Sverdlovsk Oblast,87,Residential care activities,3,9,1.7142857142857144,2.3846153846153846,1.391025641025641,False
66,Sverdlovsk Oblast,88,Social work activities without accommodation,7,13,6.285714285714286,7.384615384615385,1.174825174825175,False
66,Sverdlovsk Oblast,90,"Creative, arts and entertainment activities",7,13,15.285714285714286,15.500000000000002,1.0140186915887852,False
66,Sverdlovsk Oblast,91,"Libraries, archives, museums and other cultural activities",2,4,1.2857142857142856,1.3076923076923077,,True
66,Sverdlovsk Oblast,92,Gambling and betting activities,0,2,1.0,1.1538461538461537,,True
66,Sverdlovsk Oblast,93,Sports activities and amusement and recreation,7,13,49.37500000000001,39.0,0.7898734177215189,False
66,Sverdlovsk Oblast,94,Activities of membership organisations,1,7,1.1428571428571428,1.7692307692307692,,True
66,Sverdlovsk Oblast,95,"Repair of computers, personal and household goods",7,13,24.285714285714285,30.307692307692307,1.2479638009049774,False
66,Sverdlovsk Oblast,96,Other personal service activities,7,13,114.28571428571429,141.76923076923077,1.240480769230769,False
66,Sverdlovsk Oblast,97,Activities of households as employers,0,3,1.0,1.2307692307692308,,True
66,Sverdlovsk Oblast,98,OKVED 98,0,2,1.0,1.1538461538461537,,True
66,Sverdlovsk Oblast,99,Activities of extraterritorial organisations and bodies,0,0,1.0,1.0,,True
67,Smolensk Oblast,01,Crop and animal production,7,13,12.714285714285714,17.0,1.3370786516853934,False
67,Smolensk Oblast,02,Forestry and logging,5,11,3.0,4.846153846153847,1.6153846153846156,False
67,Smolensk Oblast,03,Fishing and aquaculture,3,8,1.7142857142857144,1.7142857142857144,1.0,False
67,Smolensk Oblast,07,OKVED 07,0,0,1.0,1.0,,True
67,Smolensk Oblast,08,Other mining and quarrying,4,8,2.571428571428571,1.9230769230769231,0.747863247863248,False
67,Smolensk Oblast,09,Mining support services,1,1,1.1428571428571428,1.0769230769230769,,True
67,Smolensk Oblast,10,Manufacture of food products,7,13,9.285714285714286,6.933333333333334,0.7466666666666666,False
67,Smolensk Oblast,11,Manufacture of beverages,2,1,1.2857142857142856,1.1538461538461537,,True
67,Smolensk Oblast,12,Manufacture of tobacco products,0,1,1.0,1.0769230769230769,,True
67,Smolensk Oblast,13,Manufacture of textiles,5,8,3.0,2.1538461538461537,0.717948717948718,False
67,Smolensk Oblast,14,Manufacture of wearing apparel,6,12,4.428571428571429,3.1538461538461537,0.7121588089330024,False
67,Smolensk Oblast,15,Manufacture of leather and related products,1,3,1.1428571428571428,1.3846153846153846,,True
67,Smolensk Oblast,16,Wood processing,7,13,5.714285714285714,7.923076923076923,1.3865384615384615,False
67,Smolensk Oblast,17,Manufacture of paper and paper products,1,3,1.1428571428571428,1.2307692307692308,,True
67,Smolensk Oblast,18,Printing and reproduction of recorded media,3,10,1.4285714285714286,2.0769230769230766,1.4538461538461536,False
67,Smolensk Oblast,19,Manufacture of coke and refined petroleum products,0,2,1.0,1.1538461538461537,,True
67,Smolensk Oblast,20,Manufacture of chemicals and chemical products,5,5,2.571428571428571,1.8461538461538463,0.7179487179487181,False
67,Smolensk Oblast,21,Manufacture of pharmaceutical products,2,0,1.2857142857142856,1.0,,True
67,Smolensk Oblast,22,Manufacture of rubber and plastic products,6,11,2.857142857142857,2.333333333333334,0.8166666666666669,False
67,Smolensk Oblast,23,Other non-metallic mineral products,7,9,1.8888888888888893,2.2142857142857144,1.172268907563025,False
67,Smolensk Oblast,24,Manufacture of basic metals,2,2,1.4285714285714286,1.1538461538461537,,True
67,Smolensk Oblast,25,Manufacture of fabricated metal products,7,13,5.285714285714286,4.769230769230769,0.9022869022869023,False
67,Smolensk Oblast,26,"Manufacture of computer, electronic and optical products",2,3,1.2857142857142856,1.2307692307692308,,True
67,Smolensk Oblast,27,Manufacture of electrical equipment,5,4,2.0,1.3076923076923077,0.6538461538461539,False
67,Smolensk Oblast,28,Manufacture of machinery and equipment n.e.c.,4,6,1.8571428571428572,1.6923076923076923,0.9112426035502958,False
67,Smolensk Oblast,29,Manufacture of motor vehicles and trailers,0,3,1.0,1.3076923076923077,,True
67,Smolensk Oblast,30,Manufacture of other transport equipment,0,2,1.0,1.1538461538461537,,True
67,Smolensk Oblast,31,Manufacture of furniture,7,12,5.571428571428571,3.923076923076923,0.7041420118343196,False
67,Smolensk Oblast,32,Other manufacturing,5,13,3.4285714285714284,3.6153846153846154,1.0544871794871795,False
67,Smolensk Oblast,33,Repair and installation of machinery and equipment,7,13,3.857142857142857,4.538461538461538,1.1766381766381766,False
67,Smolensk Oblast,35,"Electricity, gas, steam and air conditioning supply",3,3,1.4285714285714286,1.2307692307692308,0.8615384615384616,False
67,Smolensk Oblast,36,"Water collection, treatment and supply",2,3,1.2857142857142856,1.2307692307692308,,True
67,Smolensk Oblast,37,Sewerage,1,2,1.1428571428571428,1.1538461538461537,,True
67,Smolensk Oblast,38,"Waste collection, treatment and disposal",3,8,1.5714285714285714,2.1538461538461537,1.3706293706293706,False
67,Smolensk Oblast,39,Remediation activities,0,1,1.0,1.0769230769230769,,True
67,Smolensk Oblast,41,Construction of buildings,7,13,25.571428571428573,22.071428571428573,0.8631284916201117,False
67,Smolensk Oblast,42,Civil engineering,7,13,6.285714285714286,4.642857142857143,0.7386363636363638,False
67,Smolensk Oblast,43,Specialised construction activities,7,13,34.285714285714285,28.625,0.8348958333333334,False
67,Smolensk Oblast,45,Sale and repair of motor vehicles and motorcycles,7,13,25.428571428571427,27.0,1.0617977528089888,False
67,Smolensk Oblast,46,Wholesale trade,7,13,51.0,23.807692307692307,0.4668174962292609,False
67,Smolensk Oblast,47,Retail trade,7,13,145.0,116.04347826086958,0.8002998500749626,False
67,Smolensk Oblast,49,Land transport and pipeline transport,7,13,63.714285714285715,75.07692307692308,1.178337357709555,False
67,Smolensk Oblast,50,Water transport,0,0,1.0,1.0,,True
67,Smolensk Oblast,51,Air transport,0,1,1.0,1.0769230769230769,,True
67,Smolensk Oblast,52,Warehousing and transport support activities,7,13,6.625,6.866666666666667,1.0364779874213836,False
67,Smolensk Oblast,53,Postal and courier activities,5,12,3.0,5.461538461538462,1.8205128205128205,False
67,Smolensk Oblast,55,Accommodation,6,12,2.857142857142857,3.4615384615384617,1.2115384615384615,False
67,Smolensk Oblast,56,Food and beverage service activities,7,13,19.428571428571427,20.1875,1.0390625,False
67,Smolensk Oblast,58,Publishing activities,2,2,1.5714285714285714,1.1538461538461537,,True
67,Smolensk Oblast,59,"Motion picture, video and television production",6,11,2.428571428571429,3.230769230769231,1.330316742081448,False
67,Smolensk Oblast,60,Programming and broadcasting activities,0,4,1.0,1.3076923076923077,,True
67,Smolensk Oblast,61,Telecommunications,1,3,1.1428571428571428,1.2307692307692308,,True
67,Smolensk Oblast,62,"Computer programming, consultancy and related activities",7,13,19.428571428571427,16.307692307692307,0.8393665158371041,False
67,Smolensk Oblast,63,Information service activities,7,13,9.142857142857142,11.384615384615385,1.2451923076923077,False
67,Smolensk Oblast,64,"Financial service activities, except insurance and pension funding",3,6,1.7142857142857144,1.6923076923076923,0.9871794871794871,False
67,Smolensk Oblast,65,"Insurance, reinsurance and pension funding",0,0,1.0,1.0,,True
67,Smolensk Oblast,66,Auxiliary financial services,5,11,2.857142857142857,2.6923076923076925,0.9423076923076924,False
67,Smolensk Oblast,68,Real estate activities,7,13,17.285714285714285,20.846153846153847,1.2059758423394789,False
67,Smolensk Oblast,69,Legal and accounting activities,7,13,9.857142857142858,11.142857142857144,1.1304347826086958,False
67,Smolensk Oblast,70,Management consultancy activities,7,13,4.375,6.076923076923077,1.389010989010989,False
67,Smolensk Oblast,71,Architectural and engineering activities,7,12,6.0,6.846153846153846,1.141025641025641,False
67,Smolensk Oblast,72,Scientific research and development,4,2,1.8571428571428572,1.1538461538461537,,True
67,Smolensk Oblast,73,Advertising and market research,7,13,15.285714285714286,22.307692307692307,1.4593817397555713,False
67,Smolensk Oblast,74,"Other professional, scientific and technical activities",7,13,8.571428571428571,8.846153846153847,1.0320512820512822,False
67,Smolensk Oblast,75,Veterinary activities,2,7,1.4285714285714286,1.6923076923076923,,True
67,Smolensk Oblast,77,Rental and leasing activities,7,13,4.142857142857142,6.6923076923076925,1.6153846153846156,False
67,Smolensk Oblast,78,Employment activities,7,12,2.7142857142857144,3.8461538461538463,1.417004048582996,False
67,Smolensk Oblast,79,Travel agency and reservation services,6,11,3.2857142857142856,3.230769230769231,0.9832775919732442,False
67,Smolensk Oblast,80,Security and investigation activities,3,7,1.5714285714285714,1.6923076923076923,1.0769230769230769,False
67,Smolensk Oblast,81,Services to buildings and landscape activities,7,13,6.714285714285714,7.071428571428571,1.053191489361702,False
67,Smolensk Oblast,82,Office administrative and business support activities,7,13,5.285714285714286,9.307692307692308,1.760914760914761,False
67,Smolensk Oblast,84,Public administration and defence; compulsory social security,2,1,1.2857142857142856,1.0769230769230769,,True
67,Smolensk Oblast,85,Education,7,13,10.142857142857142,8.461538461538462,0.8342361863488624,False
67,Smolensk Oblast,86,Human health activities,7,13,4.0,4.076923076923077,1.0192307692307692,False
67,Smolensk Oblast,87,Residential care activities,1,1,1.1428571428571428,1.0769230769230769,,True
67,Smolensk Oblast,88,Social work activities without accommodation,3,4,1.5714285714285714,1.3076923076923077,0.8321678321678322,False
67,Smolensk Oblast,90,"Creative, arts and entertainment activities",7,11,4.142857142857142,3.076923076923077,0.7427055702917773,False
67,Smolensk Oblast,91,"Libraries, archives, museums and other cultural activities",0,0,1.0,1.0,,True
67,Smolensk Oblast,92,Gambling and betting activities,0,0,1.0,1.0,,True
67,Smolensk Oblast,93,Sports activities and amusement and recreation,7,13,7.857142857142857,8.23076923076923,1.0475524475524476,False
67,Smolensk Oblast,94,Activities of membership organisations,1,2,1.1428571428571428,1.1538461538461537,,True
67,Smolensk Oblast,95,"Repair of computers, personal and household goods",7,13,7.285714285714286,6.153846153846154,0.8446455505279036,False
67,Smolensk Oblast,96,Other personal service activities,7,13,21.0,20.642857142857142,0.9829931972789115,False
67,Smolensk Oblast,97,Activities of households as employers,0,0,1.0,1.0,,True
67,Smolensk Oblast,98,OKVED 98,0,0,1.0,1.0,,True
68,Tambov Oblast,01,Crop and animal production,7,13,17.142857142857142,14.187499999999998,0.8276041666666666,False
68,Tambov Oblast,02,Forestry and logging,4,6,1.7142857142857144,2.0,1.1666666666666665,False
68,Tambov Oblast,03,Fishing and aquaculture,6,6,2.0,1.7692307692307692,0.8846153846153846,False
68,Tambov Oblast,08,Other mining and quarrying,1,2,1.1428571428571428,1.1538461538461537,,True
68,Tambov Oblast,09,Mining support services,0,0,1.0,1.0,,True
68,Tambov Oblast,10,Manufacture of food products,7,13,5.625000000000001,4.749999999999999,0.8444444444444441,False
68,Tambov Oblast,11,Manufacture of beverages,0,2,1.0,1.1538461538461537,,True
68,Tambov Oblast,12,Manufacture of tobacco products,0,0,1.0,1.0,,True
68,Tambov Oblast,13,Manufacture of textiles,3,7,1.4285714285714286,2.1538461538461537,1.5076923076923077,False
68,Tambov Oblast,14,Manufacture of wearing apparel,7,12,2.4444444444444446,4.866666666666667,1.990909090909091,False
68,Tambov Oblast,15,Manufacture of leather and related products,0,3,1.0,1.2307692307692308,,True
68,Tambov Oblast,16,Wood processing,6,12,3.2857142857142856,3.076923076923077,0.9364548494983278,False
68,Tambov Oblast,17,Manufacture of paper and paper products,1,3,1.1428571428571428,1.2307692307692308,,True
68,Tambov Oblast,18,Printing and reproduction of recorded media,3,2,1.5714285714285714,1.2307692307692308,,True
68,Tambov Oblast,20,Manufacture of chemicals and chemical products,4,5,1.5714285714285714,1.6153846153846154,1.027972027972028,False
68,Tambov Oblast,21,Manufacture of pharmaceutical products,0,0,1.0,1.0,,True
68,Tambov Oblast,22,Manufacture of rubber and plastic products,5,7,2.0,1.7692307692307692,0.8846153846153846,False
68,Tambov Oblast,23,Other non-metallic mineral products,4,11,1.7142857142857144,2.8461538461538463,1.6602564102564101,False
68,Tambov Oblast,24,Manufacture of basic metals,1,0,1.1428571428571428,1.0,,True
68,Tambov Oblast,25,Manufacture of fabricated metal products,7,13,2.3750000000000004,4.538461538461538,1.9109311740890684,False
68,Tambov Oblast,26,"Manufacture of computer, electronic and optical products",1,3,1.1428571428571428,1.2307692307692308,,True
68,Tambov Oblast,27,Manufacture of electrical equipment,1,4,1.1428571428571428,1.3076923076923077,,True
68,Tambov Oblast,28,Manufacture of machinery and equipment n.e.c.,4,1,1.7142857142857144,1.0769230769230769,,True
68,Tambov Oblast,29,Manufacture of motor vehicles and trailers,0,1,1.0,1.0769230769230769,,True
68,Tambov Oblast,30,Manufacture of other transport equipment,2,2,1.2857142857142856,1.2307692307692308,,True
68,Tambov Oblast,31,Manufacture of furniture,4,5,2.428571428571429,1.7692307692307692,0.7285067873303166,False
68,Tambov Oblast,32,Other manufacturing,4,10,1.8571428571428572,2.4615384615384617,1.3254437869822486,False
68,Tambov Oblast,33,Repair and installation of machinery and equipment,6,12,3.0,4.153846153846153,1.3846153846153844,False
68,Tambov Oblast,35,"Electricity, gas, steam and air conditioning supply",3,4,1.25,1.3846153846153846,1.1076923076923078,False
68,Tambov Oblast,36,"Water collection, treatment and supply",1,1,1.1428571428571428,1.0769230769230769,,True
68,Tambov Oblast,37,Sewerage,1,1,1.1428571428571428,1.0769230769230769,,True
68,Tambov Oblast,38,"Waste collection, treatment and disposal",3,6,1.4285714285714286,1.9230769230769231,1.3461538461538463,False
68,Tambov Oblast,41,Construction of buildings,7,13,15.714285714285714,18.26666666666667,1.1624242424242426,False
68,Tambov Oblast,42,Civil engineering,7,12,5.0,4.153846153846153,0.8307692307692307,False
68,Tambov Oblast,43,Specialised construction activities,7,13,30.857142857142858,33.46153846153846,1.0844017094017093,False
68,Tambov Oblast,45,Sale and repair of motor vehicles and motorcycles,7,13,13.857142857142858,18.5,1.3350515463917525,False
68,Tambov Oblast,46,Wholesale trade,7,13,14.7,20.142857142857146,1.3702623906705542,False
68,Tambov Oblast,47,Retail trade,7,13,106.27272727272728,64.02857142857142,0.602492973237199,False
68,Tambov Oblast,49,Land transport and pipeline transport,7,13,63.285714285714285,72.0,1.1376975169300225,False
68,Tambov Oblast,50,Water transport,0,1,1.0,1.0769230769230769,,True
68,Tambov Oblast,51,Air transport,0,0,1.0,1.0,,True
68,Tambov Oblast,52,Warehousing and transport support activities,7,13,4.142857142857142,4.461538461538462,1.076923076923077,False
68,Tambov Oblast,53,Postal and courier activities,6,11,2.571428571428571,4.0,1.5555555555555558,False
68,Tambov Oblast,55,Accommodation,5,9,2.142857142857143,2.3076923076923075,1.0769230769230769,False
68,Tambov Oblast,56,Food and beverage service activities,7,13,17.142857142857142,19.214285714285715,1.1208333333333333,False
68,Tambov Oblast,58,Publishing activities,1,2,1.1428571428571428,1.1538461538461537,,True
68,Tambov Oblast,59,"Motion picture, video and television production",5,10,2.571428571428571,2.6923076923076925,1.0470085470085473,False
68,Tambov Oblast,60,Programming and broadcasting activities,0,0,1.0,1.0,,True
68,Tambov Oblast,61,Telecommunications,1,2,1.1428571428571428,1.1538461538461537,,True
68,Tambov Oblast,62,"Computer programming, consultancy and related activities",7,13,9.714285714285714,12.23076923076923,1.259049773755656,False
68,Tambov Oblast,63,Information service activities,7,13,5.857142857142857,8.846153846153847,1.5103189493433398,False
68,Tambov Oblast,64,"Financial service activities, except insurance and pension funding",4,6,1.8571428571428572,1.5384615384615383,0.8284023668639052,False
68,Tambov Oblast,65,"Insurance, reinsurance and pension funding",0,0,1.0,1.0,,True
68,Tambov Oblast,66,Auxiliary financial services,7,11,3.857142857142857,2.4000000000000004,0.6222222222222223,False
68,Tambov Oblast,68,Real estate activities,7,13,13.125,13.124999999999998,0.9999999999999999,False
68,Tambov Oblast,69,Legal and accounting activities,7,13,7.571428571428571,8.538461538461538,1.1277213352685052,False
68,Tambov Oblast,70,Management consultancy activities,7,13,4.571428571428571,4.357142857142858,0.9531250000000001,False
68,Tambov Oblast,71,Architectural and engineering activities,7,11,5.857142857142857,4.214285714285714,0.7195121951219513,False
68,Tambov Oblast,72,Scientific research and development,4,9,1.7142857142857144,2.0769230769230766,1.2115384615384612,False
68,Tambov Oblast,73,Advertising and market research,7,13,12.857142857142858,18.46153846153846,1.4358974358974357,False
68,Tambov Oblast,74,"Other professional, scientific and technical activities",7,13,6.0,5.769230769230769,0.9615384615384616,False
68,Tambov Oblast,75,Veterinary activities,3,5,1.4285714285714286,1.6923076923076923,1.1846153846153846,False
68,Tambov Oblast,77,Rental and leasing activities,7,12,3.5714285714285716,3.769230769230769,1.0553846153846154,False
68,Tambov Oblast,78,Employment activities,6,10,3.142857142857143,3.3076923076923075,1.0524475524475525,False
68,Tambov Oblast,79,Travel agency and reservation services,6,11,2.2857142857142856,2.769230769230769,1.2115384615384617,False
68,Tambov Oblast,80,Security and investigation activities,4,8,1.7142857142857144,1.5714285714285714,0.9166666666666666,False
68,Tambov Oblast,81,Services to buildings and landscape activities,7,13,6.0,4.6923076923076925,0.782051282051282,False
68,Tambov Oblast,82,Office administrative and business support activities,7,12,4.714285714285714,6.571428571428571,1.3939393939393938,False
68,Tambov Oblast,84,Public administration and defence; compulsory social security,2,1,1.2857142857142856,1.1538461538461537,,True
68,Tambov Oblast,85,Education,7,12,6.0,5.538461538461538,0.923076923076923,False
68,Tambov Oblast,86,Human health activities,7,11,3.7142857142857144,3.071428571428571,0.8269230769230769,False
68,Tambov Oblast,87,Residential care activities,0,1,1.0,1.0769230769230769,,True
68,Tambov Oblast,88,Social work activities without accommodation,2,5,1.2857142857142856,1.6153846153846154,,True
68,Tambov Oblast,90,"Creative, arts and entertainment activities",5,11,2.142857142857143,3.076923076923077,1.4358974358974361,False
68,Tambov Oblast,91,"Libraries, archives, museums and other cultural activities",1,0,1.1428571428571428,1.0,,True
68,Tambov Oblast,92,Gambling and betting activities,0,0,1.0,1.0,,True
68,Tambov Oblast,93,Sports activities and amusement and recreation,7,13,5.428571428571429,6.923076923076923,1.2753036437246963,False
68,Tambov Oblast,94,Activities of membership organisations,0,0,1.0,1.0,,True
68,Tambov Oblast,95,"Repair of computers, personal and household goods",7,13,4.714285714285714,6.538461538461538,1.386946386946387,False
68,Tambov Oblast,96,Other personal service activities,7,13,13.428571428571429,18.692307692307693,1.3919803600654665,False
68,Tambov Oblast,97,Activities of households as employers,0,0,1.0,1.0,,True
69,Tver Oblast,01,Crop and animal production,7,13,9.285714285714286,11.642857142857144,1.2538461538461538,False
69,Tver Oblast,02,Forestry and logging,7,13,4.142857142857142,6.615384615384615,1.596816976127321,False
69,Tver Oblast,03,Fishing and aquaculture,7,5,2.428571428571429,1.4615384615384617,0.6018099547511312,False
69,Tver Oblast,07,OKVED 07,0,0,1.0,1.0,,True
69,Tver Oblast,08,Other mining and quarrying,3,4,1.4285714285714286,1.3076923076923077,0.9153846153846154,False
69,Tver Oblast,09,Mining support services,1,0,1.1428571428571428,1.0,,True
69,Tver Oblast,10,Manufacture of food products,7,13,7.142857142857143,9.538461538461538,1.3353846153846154,False
69,Tver Oblast,11,Manufacture of beverages,1,5,1.2857142857142856,1.5384615384615383,,True
69,Tver Oblast,12,Manufacture of tobacco products,0,0,1.0,1.0,,True
69,Tver Oblast,13,Manufacture of textiles,6,6,2.571428571428571,1.8461538461538463,0.7179487179487181,False
69,Tver Oblast,14,Manufacture of wearing apparel,7,12,4.285714285714286,4.285714285714286,1.0,False
69,Tver Oblast,15,Manufacture of leather and related products,1,2,1.1428571428571428,1.0,,True
69,Tver Oblast,16,Wood processing,7,13,9.0,12.142857142857142,1.349206349206349,False
69,Tver Oblast,17,Manufacture of paper and paper products,5,1,1.7142857142857144,1.0769230769230769,,True
69,Tver Oblast,18,Printing and reproduction of recorded media,3,7,1.8571428571428572,1.7692307692307692,0.9526627218934911,False
69,Tver Oblast,19,Manufacture of coke and refined petroleum products,0,0,1.0,1.0,,True
69,Tver Oblast,20,Manufacture of chemicals and chemical products,5,7,2.0,1.6923076923076923,0.8461538461538461,False
69,Tver Oblast,21,Manufacture of pharmaceutical products,1,1,1.1428571428571428,1.1538461538461537,,True
69,Tver Oblast,22,Manufacture of rubber and plastic products,7,12,2.7142857142857144,2.4615384615384617,0.9068825910931174,False
69,Tver Oblast,23,Other non-metallic mineral products,7,13,3.7142857142857144,4.384615384615385,1.1804733727810652,False
69,Tver Oblast,24,Manufacture of basic metals,1,1,1.1428571428571428,1.1538461538461537,,True
69,Tver Oblast,25,Manufacture of fabricated metal products,7,13,12.142857142857142,7.0,0.5764705882352942,False
69,Tver Oblast,26,"Manufacture of computer, electronic and optical products",0,4,1.0,1.3846153846153846,,True
69,Tver Oblast,27,Manufacture of electrical equipment,2,7,1.2857142857142856,1.6923076923076923,,True
69,Tver Oblast,28,Manufacture of machinery and equipment n.e.c.,6,7,2.142857142857143,1.9230769230769231,0.8974358974358975,False
69,Tver Oblast,29,Manufacture of motor vehicles and trailers,0,1,1.0,1.0769230769230769,,True
69,Tver Oblast,30,Manufacture of other transport equipment,3,6,1.4285714285714286,1.5384615384615383,1.0769230769230769,False
69,Tver Oblast,31,Manufacture of furniture,7,13,4.142857142857142,4.615384615384615,1.1140583554376657,False
69,Tver Oblast,32,Other manufacturing,6,11,2.7142857142857144,2.8461538461538463,1.048582995951417,False
69,Tver Oblast,33,Repair and installation of machinery and equipment,7,12,4.571428571428571,6.846153846153846,1.4975961538461537,False
69,Tver Oblast,35,"Electricity, gas, steam and air conditioning supply",4,7,1.5714285714285714,1.8461538461538463,1.174825174825175,False
69,Tver Oblast,36,"Water collection, treatment and supply",1,2,1.1428571428571428,1.1538461538461537,,True
69,Tver Oblast,37,Sewerage,0,7,1.0,1.8461538461538463,,True
69,Tver Oblast,38,"Waste collection, treatment and disposal",7,12,2.7142857142857144,2.3076923076923075,0.8502024291497975,False
69,Tver Oblast,39,Remediation activities,0,0,1.0,1.0,,True
69,Tver Oblast,41,Construction of buildings,7,13,43.42857142857143,33.400000000000006,0.7690789473684212,False
69,Tver Oblast,42,Civil engineering,7,13,7.0,6.6923076923076925,0.9560439560439561,False
69,Tver Oblast,43,Specialised construction activities,7,13,47.142857142857146,39.86666666666667,0.8456565656565657,False
69,Tver Oblast,45,Sale and repair of motor vehicles and motorcycles,7,13,21.857142857142858,18.555555555555557,0.8489469862018882,False
69,Tver Oblast,46,Wholesale trade,7,13,32.625,17.954545454545453,0.5503308951584813,False
69,Tver Oblast,47,Retail trade,7,13,141.36363636363637,123.5,0.8736334405144693,False
69,Tver Oblast,49,Land transport and pipeline transport,7,13,72.0,84.75,1.1770833333333333,False
69,Tver Oblast,50,Water transport,2,3,1.2857142857142856,1.3076923076923077,,True
69,Tver Oblast,51,Air transport,1,1,1.1428571428571428,1.0769230769230769,,True
69,Tver Oblast,52,Warehousing and transport support activities,7,13,10.714285714285714,9.928571428571429,0.9266666666666667,False
69,Tver Oblast,53,Postal and courier activities,7,13,6.571428571428571,8.615384615384615,1.3110367892976589,False
69,Tver Oblast,55,Accommodation,7,12,5.285714285714286,4.0,0.7567567567567568,False
69,Tver Oblast,56,Food and beverage service activities,7,13,27.0,24.235294117647058,0.8976034858387799,False
69,Tver Oblast,58,Publishing activities,2,8,1.2857142857142856,1.7142857142857144,,True
69,Tver Oblast,59,"Motion picture, video and television production",7,12,4.0,3.0,0.75,False
69,Tver Oblast,60,Programming and broadcasting activities,1,0,1.1428571428571428,1.0,,True
69,Tver Oblast,61,Telecommunications,0,2,1.0,1.1538461538461537,,True
69,Tver Oblast,62,"Computer programming, consultancy and related activities",7,13,18.285714285714285,21.846153846153847,1.1947115384615385,False
69,Tver Oblast,63,Information service activities,7,13,10.428571428571429,14.692307692307692,1.4088514225500526,False
69,Tver Oblast,64,"Financial service activities, except insurance and pension funding",2,4,1.2857142857142856,1.3846153846153846,,True
69,Tver Oblast,65,"Insurance, reinsurance and pension funding",0,0,1.0,1.0,,True
69,Tver Oblast,66,Auxiliary financial services,7,11,5.0,4.0,0.8,False
69,Tver Oblast,68,Real estate activities,7,13,24.625,30.71428571428572,1.2472806381435826,False
69,Tver Oblast,69,Legal and accounting activities,7,13,13.714285714285714,14.692307692307692,1.0713141025641026,False
69,Tver Oblast,70,Management consultancy activities,7,13,7.0,9.692307692307692,1.3846153846153846,False
69,Tver Oblast,71,Architectural and engineering activities,7,13,11.0,8.214285714285715,0.7467532467532468,False
69,Tver Oblast,72,Scientific research and development,6,12,2.571428571428571,2.1538461538461537,0.8376068376068376,False
69,Tver Oblast,73,Advertising and market research,7,13,18.857142857142858,25.071428571428573,1.3295454545454546,False
69,Tver Oblast,74,"Other professional, scientific and technical activities",7,13,8.285714285714285,9.923076923076923,1.1976127320954908,False
69,Tver Oblast,75,Veterinary activities,1,11,1.1428571428571428,2.230769230769231,,True
69,Tver Oblast,77,Rental and leasing activities,7,13,5.714285714285714,6.769230769230769,1.1846153846153846,False
69,Tver Oblast,78,Employment activities,7,12,4.571428571428571,4.615384615384615,1.0096153846153846,False
69,Tver Oblast,79,Travel agency and reservation services,6,13,2.428571428571429,4.3076923076923075,1.773755656108597,False
69,Tver Oblast,80,Security and investigation activities,4,9,2.25,2.1333333333333337,0.9481481481481483,False
69,Tver Oblast,81,Services to buildings and landscape activities,7,13,7.375000000000001,7.076923076923077,0.9595827900912646,False
69,Tver Oblast,82,Office administrative and business support activities,6,13,7.714285714285714,12.538461538461538,1.6253561253561253,False
69,Tver Oblast,84,Public administration and defence; compulsory social security,1,3,1.1428571428571428,1.3076923076923077,,True
69,Tver Oblast,85,Education,7,13,11.142857142857142,9.615384615384615,0.8629191321499013,False
69,Tver Oblast,86,Human health activities,6,11,3.5714285714285716,3.3076923076923075,0.926153846153846,False
69,Tver Oblast,87,Residential care activities,1,0,1.1428571428571428,1.0,,True
69,Tver Oblast,88,Social work activities without accommodation,5,8,2.0,1.9230769230769231,0.9615384615384616,False
69,Tver Oblast,90,"Creative, arts and entertainment activities",7,12,5.428571428571429,5.461538461538462,1.0060728744939271,False
69,Tver Oblast,91,"Libraries, archives, museums and other cultural activities",4,3,1.5714285714285714,1.2307692307692308,0.7832167832167832,False
69,Tver Oblast,92,Gambling and betting activities,0,0,1.0,1.0,,True
69,Tver Oblast,93,Sports activities and amusement and recreation,7,13,10.714285714285714,10.538461538461538,0.9835897435897436,False
69,Tver Oblast,94,Activities of membership organisations,0,2,1.0,1.1538461538461537,,True
69,Tver Oblast,95,"Repair of computers, personal and household goods",7,13,7.857142857142857,8.615384615384615,1.0965034965034965,False
69,Tver Oblast,96,Other personal service activities,7,13,24.0,28.307692307692307,1.1794871794871795,False
69,Tver Oblast,97,Activities of households as employers,0,1,1.0,1.0769230769230769,,True
69,Tver Oblast,98,OKVED 98,0,0,1.0,1.0,,True
70,Tomsk Oblast,01,Crop and animal production,7,13,8.571428571428571,12.384615384615385,1.444871794871795,False
70,Tomsk Oblast,02,Forestry and logging,7,13,6.142857142857143,7.615384615384615,1.2397137745974953,False
70,Tomsk Oblast,03,Fishing and aquaculture,4,9,1.7142857142857144,2.4615384615384617,1.435897435897436,False
70,Tomsk Oblast,06,Extraction of crude petroleum and natural gas,1,1,1.1428571428571428,1.0769230769230769,,True
70,Tomsk Oblast,07,OKVED 07,0,0,1.0,1.0,,True
70,Tomsk Oblast,08,Other mining and quarrying,3,5,1.25,1.4615384615384617,1.1692307692307693,False
70,Tomsk Oblast,09,Mining support services,4,2,1.8571428571428572,1.3076923076923077,,True
70,Tomsk Oblast,10,Manufacture of food products,7,13,6.375,8.071428571428573,1.266106442577031,False
70,Tomsk Oblast,11,Manufacture of beverages,3,5,1.7142857142857144,1.3846153846153846,0.8076923076923076,False
70,Tomsk Oblast,12,Manufacture of tobacco products,1,0,1.1428571428571428,1.0,,True
70,Tomsk Oblast,13,Manufacture of textiles,6,11,2.571428571428571,2.6153846153846154,1.0170940170940173,False
70,Tomsk Oblast,14,Manufacture of wearing apparel,7,13,4.285714285714286,4.076923076923077,0.9512820512820512,False
70,Tomsk Oblast,15,Manufacture of leather and related products,1,3,1.1428571428571428,1.2307692307692308,,True
70,Tomsk Oblast,16,Wood processing,7,13,8.857142857142858,7.538461538461538,0.8511166253101736,False
70,Tomsk Oblast,17,Manufacture of paper and paper products,1,1,1.1428571428571428,1.0769230769230769,,True
70,Tomsk Oblast,18,Printing and reproduction of recorded media,6,10,2.428571428571429,2.5384615384615383,1.0452488687782804,False
70,Tomsk Oblast,19,Manufacture of coke and refined petroleum products,1,0,1.1428571428571428,1.0,,True
70,Tomsk Oblast,20,Manufacture of chemicals and chemical products,5,8,2.2857142857142856,2.4615384615384617,1.076923076923077,False
70,Tomsk Oblast,21,Manufacture of pharmaceutical products,0,3,1.0,1.2307692307692308,,True
70,Tomsk Oblast,22,Manufacture of rubber and plastic products,4,9,1.8571428571428572,1.8461538461538463,0.9940828402366864,False
70,Tomsk Oblast,23,Other non-metallic mineral products,7,11,2.857142857142857,2.6153846153846154,0.9153846153846154,False
70,Tomsk Oblast,24,Manufacture of basic metals,0,0,1.0,1.0,,True
70,Tomsk Oblast,25,Manufacture of fabricated metal products,7,12,5.571428571428571,6.461538461538462,1.1597633136094676,False
70,Tomsk Oblast,26,"Manufacture of computer, electronic and optical products",3,7,1.5714285714285714,1.8461538461538463,1.174825174825175,False
70,Tomsk Oblast,27,Manufacture of electrical equipment,2,7,1.5714285714285714,1.6153846153846154,,True
70,Tomsk Oblast,28,Manufacture of machinery and equipment n.e.c.,5,7,1.75,1.9230769230769231,1.098901098901099,False
70,Tomsk Oblast,29,Manufacture of motor vehicles and trailers,0,2,1.0,1.1538461538461537,,True
70,Tomsk Oblast,30,Manufacture of other transport equipment,1,3,1.1428571428571428,1.2307692307692308,,True
70,Tomsk Oblast,31,Manufacture of furniture,6,12,4.0,4.3076923076923075,1.0769230769230769,False
70,Tomsk Oblast,32,Other manufacturing,6,13,3.142857142857143,5.230769230769231,1.6643356643356644,False
70,Tomsk Oblast,33,Repair and installation of machinery and equipment,6,11,3.857142857142857,4.0,1.037037037037037,False
70,Tomsk Oblast,35,"Electricity, gas, steam and air conditioning supply",1,4,1.1428571428571428,1.6923076923076923,,True
70,Tomsk Oblast,36,"Water collection, treatment and supply",2,4,1.2857142857142856,1.3076923076923077,,True
70,Tomsk Oblast,37,Sewerage,2,5,1.2857142857142856,1.4615384615384617,,True
70,Tomsk Oblast,38,"Waste collection, treatment and disposal",4,7,2.571428571428571,1.4285714285714286,0.5555555555555556,False
70,Tomsk Oblast,39,Remediation activities,0,1,1.0,1.0769230769230769,,True
70,Tomsk Oblast,41,Construction of buildings,7,13,19.428571428571427,26.23076923076923,1.3501131221719458,False
70,Tomsk Oblast,42,Civil engineering,7,12,6.571428571428571,4.846153846153847,0.7374581939799332,False
70,Tomsk Oblast,43,Specialised construction activities,7,13,36.42857142857143,46.53846153846154,1.277526395173454,False
70,Tomsk Oblast,45,Sale and repair of motor vehicles and motorcycles,7,13,18.857142857142858,30.428571428571434,1.613636363636364,False
70,Tomsk Oblast,46,Wholesale trade,7,13,31.428571428571427,27.92857142857143,0.8886363636363638,False
70,Tomsk Oblast,47,Retail trade,7,13,137.66666666666669,109.54166666666666,0.7957021791767552,False
70,Tomsk Oblast,49,Land transport and pipeline transport,7,13,50.0,69.78571428571429,1.395714285714286,False
70,Tomsk Oblast,50,Water transport,1,6,1.2857142857142856,1.9230769230769231,,True
70,Tomsk Oblast,51,Air transport,2,1,1.2857142857142856,1.0769230769230769,,True
70,Tomsk Oblast,52,Warehousing and transport support activities,7,13,8.714285714285715,7.7857142857142865,0.8934426229508197,False
70,Tomsk Oblast,53,Postal and courier activities,7,12,3.857142857142857,4.846153846153847,1.2564102564102566,False
70,Tomsk Oblast,55,Accommodation,7,12,3.2857142857142856,3.642857142857143,1.108695652173913,False
70,Tomsk Oblast,56,Food and beverage service activities,7,13,23.714285714285715,23.124999999999996,0.9751506024096384,False
70,Tomsk Oblast,58,Publishing activities,5,4,2.0,1.5384615384615383,0.7692307692307692,False
70,Tomsk Oblast,59,"Motion picture, video and television production",6,13,2.2857142857142856,4.153846153846153,1.817307692307692,False
70,Tomsk Oblast,60,Programming and broadcasting activities,0,2,1.0,1.1538461538461537,,True
70,Tomsk Oblast,61,Telecommunications,1,4,1.1428571428571428,1.3076923076923077,,True
70,Tomsk Oblast,62,"Computer programming, consultancy and related activities",7,13,26.285714285714285,31.5,1.1983695652173914,False
70,Tomsk Oblast,63,Information service activities,7,13,6.428571428571429,13.461538461538462,2.094017094017094,False
70,Tomsk Oblast,64,"Financial service activities, except insurance and pension funding",4,9,2.0,1.7692307692307692,0.8846153846153846,False
70,Tomsk Oblast,65,"Insurance, reinsurance and pension funding",0,0,1.0,1.0,,True
70,Tomsk Oblast,66,Auxiliary financial services,5,11,2.857142857142857,3.1538461538461537,1.1038461538461537,False
70,Tomsk Oblast,68,Real estate activities,7,13,21.555555555555557,36.28571428571429,1.6833578792341681,False
70,Tomsk Oblast,69,Legal and accounting activities,7,13,10.428571428571429,12.615384615384615,1.209694415173867,False
70,Tomsk Oblast,70,Management consultancy activities,7,13,6.571428571428571,9.5,1.4456521739130435,False
70,Tomsk Oblast,71,Architectural and engineering activities,7,13,8.714285714285715,9.428571428571429,1.081967213114754,False
70,Tomsk Oblast,72,Scientific research and development,7,13,8.571428571428571,6.769230769230769,0.7897435897435897,False
70,Tomsk Oblast,73,Advertising and market research,7,13,16.142857142857142,26.76923076923077,1.6582709326072158,False
70,Tomsk Oblast,74,"Other professional, scientific and technical activities",7,13,8.142857142857142,13.0,1.5964912280701755,False
70,Tomsk Oblast,75,Veterinary activities,4,7,1.7142857142857144,2.0769230769230766,1.2115384615384612,False
70,Tomsk Oblast,77,Rental and leasing activities,7,13,6.0,6.000000000000001,1.0000000000000002,False
70,Tomsk Oblast,78,Employment activities,7,12,3.5714285714285716,3.4615384615384617,0.9692307692307692,False
70,Tomsk Oblast,79,Travel agency and reservation services,7,13,3.5714285714285716,3.3846153846153846,0.9476923076923076,False
70,Tomsk Oblast,80,Security and investigation activities,5,7,2.571428571428571,1.8461538461538463,0.7179487179487181,False
70,Tomsk Oblast,81,Services to buildings and landscape activities,7,12,9.857142857142858,9.923076923076923,1.0066889632107023,False
70,Tomsk Oblast,82,Office administrative and business support activities,7,13,7.142857142857143,20.076923076923077,2.8107692307692305,False
70,Tomsk Oblast,84,Public administration and defence; compulsory social security,1,4,1.1428571428571428,1.3076923076923077,,True
70,Tomsk Oblast,85,Education,7,13,14.0,17.153846153846153,1.2252747252747251,False
70,Tomsk Oblast,86,Human health activities,6,13,4.0,5.769230769230769,1.4423076923076923,False
70,Tomsk Oblast,87,Residential care activities,2,4,1.2857142857142856,1.3076923076923077,,True
70,Tomsk Oblast,88,Social work activities without accommodation,6,7,2.857142857142857,1.7692307692307692,0.6192307692307691,False
70,Tomsk Oblast,90,"Creative, arts and entertainment activities",7,12,4.0,5.0,1.25,False
70,Tomsk Oblast,91,"Libraries, archives, museums and other cultural activities",0,1,1.0,1.0769230769230769,,True
70,Tomsk Oblast,92,Gambling and betting activities,0,0,1.0,1.0,,True
70,Tomsk Oblast,93,Sports activities and amusement and recreation,7,13,9.428571428571429,10.76923076923077,1.1421911421911422,False
70,Tomsk Oblast,94,Activities of membership organisations,1,1,1.1428571428571428,1.0769230769230769,,True
70,Tomsk Oblast,95,"Repair of computers, personal and household goods",7,13,7.142857142857143,8.76923076923077,1.2276923076923076,False
70,Tomsk Oblast,96,Other personal service activities,7,13,26.857142857142858,35.42857142857143,1.319148936170213,False
70,Tomsk Oblast,97,Activities of households as employers,1,1,1.1428571428571428,1.0769230769230769,,True
70,Tomsk Oblast,98,OKVED 98,0,0,1.0,1.0,,True
71,Tula Oblast,01,Crop and animal production,7,13,12.428571428571429,11.0,0.8850574712643678,False
71,Tula Oblast,02,Forestry and logging,4,10,1.8571428571428572,1.9230769230769231,1.0355029585798816,False
71,Tula Oblast,03,Fishing and aquaculture,1,6,1.1428571428571428,1.6153846153846154,,True
71,Tula Oblast,05,Mining of coal and lignite,0,0,1.0,1.0,,True
71,Tula Oblast,08,Other mining and quarrying,3,5,1.5714285714285714,1.9230769230769231,1.2237762237762237,False
71,Tula Oblast,09,Mining support services,0,0,1.0,1.0,,True
71,Tula Oblast,10,Manufacture of food products,7,13,7.142857142857143,6.588235294117647,0.9223529411764705,False
71,Tula Oblast,11,Manufacture of beverages,4,4,1.7142857142857144,1.3846153846153846,0.8076923076923076,False
71,Tula Oblast,12,Manufacture of tobacco products,0,0,1.0,1.0,,True
71,Tula Oblast,13,Manufacture of textiles,5,10,2.571428571428571,2.769230769230769,1.076923076923077,False
71,Tula Oblast,14,Manufacture of wearing apparel,7,13,4.571428571428571,5.928571428571429,1.2968750000000002,False
71,Tula Oblast,15,Manufacture of leather and related products,3,4,1.5714285714285714,1.5384615384615383,0.979020979020979,False
71,Tula Oblast,16,Wood processing,7,11,4.571428571428571,4.3076923076923075,0.9423076923076923,False
71,Tula Oblast,17,Manufacture of paper and paper products,1,4,1.2857142857142856,1.3846153846153846,,True
71,Tula Oblast,18,Printing and reproduction of recorded media,6,11,2.428571428571429,3.0,1.2352941176470587,False
71,Tula Oblast,19,Manufacture of coke and refined petroleum products,1,0,1.2857142857142856,1.0,,True
71,Tula Oblast,20,Manufacture of chemicals and chemical products,6,7,3.0,1.7142857142857144,0.5714285714285715,False
71,Tula Oblast,21,Manufacture of pharmaceutical products,0,1,1.0,1.1538461538461537,,True
71,Tula Oblast,22,Manufacture of rubber and plastic products,6,12,3.2857142857142856,3.0,0.9130434782608696,False
71,Tula Oblast,23,Other non-metallic mineral products,5,12,4.0,3.3076923076923075,0.8269230769230769,False
71,Tula Oblast,24,Manufacture of basic metals,4,2,1.5714285714285714,1.1538461538461537,,True
71,Tula Oblast,25,Manufacture of fabricated metal products,7,13,10.714285714285714,7.733333333333334,0.721777777777778,False
71,Tula Oblast,26,"Manufacture of computer, electronic and optical products",4,5,1.5714285714285714,1.4615384615384617,0.9300699300699302,False
71,Tula Oblast,27,Manufacture of electrical equipment,4,8,2.142857142857143,1.8571428571428572,0.8666666666666667,False
71,Tula Oblast,28,Manufacture of machinery and equipment n.e.c.,4,6,2.428571428571429,2.1538461538461537,0.8868778280542985,False
71,Tula Oblast,29,Manufacture of motor vehicles and trailers,1,1,1.1428571428571428,1.0769230769230769,,True
71,Tula Oblast,30,Manufacture of other transport equipment,1,4,1.1428571428571428,1.3846153846153846,,True
71,Tula Oblast,31,Manufacture of furniture,7,13,3.857142857142857,4.428571428571429,1.1481481481481481,False
71,Tula Oblast,32,Other manufacturing,7,13,4.142857142857142,4.0,0.9655172413793105,False
71,Tula Oblast,33,Repair and installation of machinery and equipment,7,13,8.285714285714285,7.7142857142857135,0.9310344827586207,False
71,Tula Oblast,35,"Electricity, gas, steam and air conditioning supply",4,7,1.5714285714285714,1.8461538461538463,1.174825174825175,False
71,Tula Oblast,36,"Water collection, treatment and supply",2,4,1.2857142857142856,1.3076923076923077,,True
71,Tula Oblast,37,Sewerage,1,5,1.1428571428571428,1.5384615384615383,,True
71,Tula Oblast,38,"Waste collection, treatment and disposal",5,13,2.857142857142857,3.769230769230769,1.3192307692307692,False
71,Tula Oblast,39,Remediation activities,0,1,1.0,1.0769230769230769,,True
71,Tula Oblast,41,Construction of buildings,7,13,42.857142857142854,40.42857142857143,0.9433333333333335,False
71,Tula Oblast,42,Civil engineering,7,13,9.142857142857142,7.923076923076923,0.8665865384615385,False
71,Tula Oblast,43,Specialised construction activities,7,13,61.875,58.53846153846154,0.9460761460761461,False
71,Tula Oblast,45,Sale and repair of motor vehicles and motorcycles,7,13,24.714285714285715,27.142857142857142,1.0982658959537572,False
71,Tula Oblast,46,Wholesale trade,7,13,29.272727272727273,29.950000000000006,1.0231366459627331,False
71,Tula Oblast,47,Retail trade,7,13,178.36363636363637,105.60606060606062,0.5920829085966701,False
71,Tula Oblast,49,Land transport and pipeline transport,7,13,86.71428571428571,98.78571428571429,1.139209225700165,False
71,Tula Oblast,50,Water transport,0,0,1.0,1.0,,True
71,Tula Oblast,51,Air transport,0,1,1.0,1.0769230769230769,,True
71,Tula Oblast,52,Warehousing and transport support activities,7,13,8.125000000000002,10.214285714285715,1.257142857142857,False
71,Tula Oblast,53,Postal and courier activities,7,12,2.857142857142857,4.3076923076923075,1.5076923076923077,False
71,Tula Oblast,55,Accommodation,6,12,2.8888888888888893,3.4615384615384617,1.1982248520710057,False
71,Tula Oblast,56,Food and beverage service activities,7,13,23.299999999999997,34.93333333333334,1.4992846924177399,False
71,Tula Oblast,58,Publishing activities,3,5,1.5714285714285714,1.6923076923076923,1.0769230769230769,False
71,Tula Oblast,59,"Motion picture, video and television production",6,12,3.0,4.076923076923077,1.3589743589743588,False
71,Tula Oblast,60,Programming and broadcasting activities,1,1,1.1428571428571428,1.0769230769230769,,True
71,Tula Oblast,61,Telecommunications,0,3,1.0,1.4615384615384617,,True
71,Tula Oblast,62,"Computer programming, consultancy and related activities",7,13,20.375,21.75,1.0674846625766872,False
71,Tula Oblast,63,Information service activities,7,13,9.0,13.142857142857142,1.4603174603174602,False
71,Tula Oblast,64,"Financial service activities, except insurance and pension funding",2,6,1.7142857142857144,1.9230769230769231,,True
71,Tula Oblast,65,"Insurance, reinsurance and pension funding",0,0,1.0,1.0,,True
71,Tula Oblast,66,Auxiliary financial services,5,13,2.4444444444444446,3.8461538461538463,1.5734265734265733,False
71,Tula Oblast,68,Real estate activities,7,13,25.2,33.81249999999999,1.3417658730158728,False
71,Tula Oblast,69,Legal and accounting activities,7,13,12.0,18.153846153846153,1.5128205128205128,False
71,Tula Oblast,70,Management consultancy activities,7,13,7.428571428571429,9.428571428571429,1.2692307692307692,False
71,Tula Oblast,71,Architectural and engineering activities,7,13,12.428571428571429,12.153846153846153,0.9778956675508399,False
71,Tula Oblast,72,Scientific research and development,5,13,3.2857142857142856,3.076923076923077,0.9364548494983278,False
71,Tula Oblast,73,Advertising and market research,7,13,23.571428571428573,25.615384615384617,1.0867132867132867,False
71,Tula Oblast,74,"Other professional, scientific and technical activities",7,13,8.428571428571429,11.384615384615385,1.350717079530639,False
71,Tula Oblast,75,Veterinary activities,6,6,2.0,1.7692307692307692,0.8846153846153846,False
71,Tula Oblast,77,Rental and leasing activities,7,13,8.714285714285715,7.6923076923076925,0.8827238335435056,False
71,Tula Oblast,78,Employment activities,7,12,4.285714285714286,4.384615384615385,1.0230769230769232,False
71,Tula Oblast,79,Travel agency and reservation services,7,13,3.7142857142857144,6.076923076923077,1.6360946745562128,False
71,Tula Oblast,80,Security and investigation activities,5,9,1.75,3.0,1.7142857142857142,False
71,Tula Oblast,81,Services to buildings and landscape activities,7,13,10.5,10.8,1.0285714285714287,False
71,Tula Oblast,82,Office administrative and business support activities,7,13,11.142857142857142,11.714285714285715,1.0512820512820513,False
71,Tula Oblast,84,Public administration and defence; compulsory social security,0,1,1.0,1.0769230769230769,,True
71,Tula Oblast,85,Education,7,13,13.714285714285714,13.923076923076923,1.015224358974359,False
71,Tula Oblast,86,Human health activities,6,12,3.0000000000000004,4.214285714285714,1.4047619047619047,False
71,Tula Oblast,87,Residential care activities,1,2,1.1428571428571428,1.1538461538461537,,True
71,Tula Oblast,88,Social work activities without accommodation,3,8,1.5714285714285714,1.7692307692307692,1.1258741258741258,False
71,Tula Oblast,90,"Creative, arts and entertainment activities",7,13,5.142857142857143,5.357142857142858,1.0416666666666667,False
71,Tula Oblast,91,"Libraries, archives, museums and other cultural activities",1,1,1.1428571428571428,1.0769230769230769,,True
71,Tula Oblast,92,Gambling and betting activities,0,1,1.0,1.0769230769230769,,True
71,Tula Oblast,93,Sports activities and amusement and recreation,7,13,10.142857142857142,11.384615384615385,1.1224268689057422,False
71,Tula Oblast,94,Activities of membership organisations,3,3,1.4285714285714286,1.2307692307692308,0.8615384615384616,False
71,Tula Oblast,95,"Repair of computers, personal and household goods",7,13,8.714285714285715,8.923076923076923,1.0239596469104666,False
71,Tula Oblast,96,Other personal service activities,7,13,35.57142857142857,30.23076923076923,0.8498609823911029,False
71,Tula Oblast,97,Activities of households as employers,0,1,1.0,1.0769230769230769,,True
71,Tula Oblast,98,OKVED 98,0,1,1.0,1.0769230769230769,,True
72,Tyumen Oblast,01,Crop and animal production,7,13,9.857142857142858,11.4,1.1565217391304348,False
72,Tyumen Oblast,02,Forestry and logging,7,12,4.285714285714286,2.9230769230769234,0.6820512820512822,False
72,Tyumen Oblast,03,Fishing and aquaculture,5,12,2.142857142857143,2.4615384615384617,1.1487179487179489,False
72,Tyumen Oblast,05,Mining of coal and lignite,0,0,1.0,1.0,,True
72,Tyumen Oblast,06,Extraction of crude petroleum and natural gas,0,3,1.0,1.2307692307692308,,True
72,Tyumen Oblast,07,OKVED 07,1,2,1.1428571428571428,1.1538461538461537,,True
72,Tyumen Oblast,08,Other mining and quarrying,4,8,1.7142857142857144,1.8461538461538463,1.0769230769230769,False
72,Tyumen Oblast,09,Mining support services,6,7,2.2857142857142856,1.8461538461538463,0.8076923076923078,False
72,Tyumen Oblast,10,Manufacture of food products,7,13,10.875,9.714285714285715,0.8932676518883417,False
72,Tyumen Oblast,11,Manufacture of beverages,4,5,1.8571428571428572,1.4615384615384617,0.7869822485207101,False
72,Tyumen Oblast,12,Manufacture of tobacco products,0,1,1.0,1.0769230769230769,,True
72,Tyumen Oblast,13,Manufacture of textiles,6,9,3.2857142857142856,2.6153846153846154,0.7959866220735786,False
72,Tyumen Oblast,14,Manufacture of wearing apparel,7,13,7.142857142857143,6.538461538461538,0.9153846153846154,False
72,Tyumen Oblast,15,Manufacture of leather and related products,2,5,1.4285714285714286,1.6153846153846154,,True
72,Tyumen Oblast,16,Wood processing,7,13,5.142857142857143,6.153846153846154,1.1965811965811965,False
72,Tyumen Oblast,17,Manufacture of paper and paper products,3,3,1.4285714285714286,1.3076923076923077,0.9153846153846154,False
72,Tyumen Oblast,18,Printing and reproduction of recorded media,5,9,2.857142857142857,3.076923076923077,1.0769230769230769,False
72,Tyumen Oblast,19,Manufacture of coke and refined petroleum products,1,1,1.1428571428571428,1.0769230769230769,,True
72,Tyumen Oblast,20,Manufacture of chemicals and chemical products,7,8,3.857142857142857,2.3846153846153846,0.6182336182336182,False
72,Tyumen Oblast,21,Manufacture of pharmaceutical products,0,5,1.0,1.3846153846153846,,True
72,Tyumen Oblast,22,Manufacture of rubber and plastic products,6,13,3.142857142857143,3.071428571428571,0.9772727272727272,False
72,Tyumen Oblast,23,Other non-metallic mineral products,7,12,4.857142857142858,5.230769230769231,1.0769230769230769,False
72,Tyumen Oblast,24,Manufacture of basic metals,0,4,1.0,1.3076923076923077,,True
72,Tyumen Oblast,25,Manufacture of fabricated metal products,7,13,12.714285714285714,12.0,0.9438202247191012,False
72,Tyumen Oblast,26,"Manufacture of computer, electronic and optical products",4,4,1.5714285714285714,1.3846153846153846,0.8811188811188811,False
72,Tyumen Oblast,27,Manufacture of electrical equipment,3,7,1.5714285714285714,1.6153846153846154,1.027972027972028,False
72,Tyumen Oblast,28,Manufacture of machinery and equipment n.e.c.,4,9,1.6250000000000002,2.6153846153846154,1.6094674556213016,False
72,Tyumen Oblast,29,Manufacture of motor vehicles and trailers,4,3,1.7142857142857144,1.2307692307692308,0.717948717948718,False
72,Tyumen Oblast,30,Manufacture of other transport equipment,3,2,1.4285714285714286,1.1538461538461537,,True
72,Tyumen Oblast,31,Manufacture of furniture,7,13,9.857142857142858,9.0,0.9130434782608695,False
72,Tyumen Oblast,32,Other manufacturing,7,13,4.428571428571429,5.230769230769231,1.1811414392059554,False
72,Tyumen Oblast,33,Repair and installation of machinery and equipment,7,13,8.25,8.76923076923077,1.0629370629370631,False
72,Tyumen Oblast,35,"Electricity, gas, steam and air conditioning supply",5,7,1.8571428571428572,2.1538461538461537,1.1597633136094674,False
72,Tyumen Oblast,36,"Water collection, treatment and supply",4,3,1.7142857142857144,1.3076923076923077,0.7628205128205128,False
72,Tyumen Oblast,37,Sewerage,4,7,1.8571428571428572,1.7692307692307692,0.9526627218934911,False
72,Tyumen Oblast,38,"Waste collection, treatment and disposal",5,9,2.428571428571429,1.9333333333333336,0.7960784313725491,False
72,Tyumen Oblast,39,Remediation activities,0,0,1.0,1.0,,True
72,Tyumen Oblast,41,Construction of buildings,7,13,67.5,75.4,1.117037037037037,False
72,Tyumen Oblast,42,Civil engineering,7,13,12.428571428571429,11.499999999999998,0.9252873563218389,False
72,Tyumen Oblast,43,Specialised construction activities,7,13,91.125,99.66666666666667,1.0937357110196617,False
72,Tyumen Oblast,45,Sale and repair of motor vehicles and motorcycles,7,13,42.714285714285715,27.166666666666664,0.6360089186176142,False
72,Tyumen Oblast,46,Wholesale trade,7,13,35.81818181818182,30.0,0.8375634517766497,False
72,Tyumen Oblast,47,Retail trade,7,13,137.70588235294116,88.08695652173913,0.6396746095128429,False
72,Tyumen Oblast,49,Land transport and pipeline transport,7,13,102.375,125.14285714285715,1.2223966509680797,False
72,Tyumen Oblast,50,Water transport,2,2,1.2857142857142856,1.1538461538461537,,True
72,Tyumen Oblast,51,Air transport,0,1,1.0,1.0769230769230769,,True
72,Tyumen Oblast,52,Warehousing and transport support activities,7,13,10.428571428571429,10.000000000000002,0.9589041095890413,False
72,Tyumen Oblast,53,Postal and courier activities,7,13,5.428571428571429,9.384615384615385,1.728744939271255,False
72,Tyumen Oblast,55,Accommodation,6,12,4.0,4.6923076923076925,1.1730769230769231,False
72,Tyumen Oblast,56,Food and beverage service activities,7,13,34.18181818181818,25.66666666666667,0.7508865248226952,False
72,Tyumen Oblast,58,Publishing activities,4,7,1.8571428571428572,1.8461538461538463,0.9940828402366864,False
72,Tyumen Oblast,59,"Motion picture, video and television production",6,13,5.142857142857143,5.571428571428572,1.0833333333333335,False
72,Tyumen Oblast,60,Programming and broadcasting activities,2,3,1.2857142857142856,1.2307692307692308,,True
72,Tyumen Oblast,61,Telecommunications,4,3,2.0,1.2000000000000002,0.6000000000000001,False
72,Tyumen Oblast,62,"Computer programming, consultancy and related activities",7,13,31.285714285714285,36.30769230769231,1.1605198454513523,False
72,Tyumen Oblast,63,Information service activities,7,13,14.428571428571429,22.153846153846153,1.5354150799695354,False
72,Tyumen Oblast,64,"Financial service activities, except insurance and pension funding",5,10,2.142857142857143,2.142857142857143,1.0,False
72,Tyumen Oblast,65,"Insurance, reinsurance and pension funding",1,0,1.1428571428571428,1.0,,True
72,Tyumen Oblast,66,Auxiliary financial services,7,13,4.285714285714286,6.285714285714286,1.4666666666666668,False
72,Tyumen Oblast,68,Real estate activities,7,13,82.57142857142857,65.18749999999999,0.7894679930795846,False
72,Tyumen Oblast,69,Legal and accounting activities,7,13,24.285714285714285,24.857142857142858,1.023529411764706,False
72,Tyumen Oblast,70,Management consultancy activities,7,13,19.571428571428573,16.6,0.8481751824817518,False
72,Tyumen Oblast,71,Architectural and engineering activities,7,13,24.625,25.714285714285715,1.0442349528643946,False
72,Tyumen Oblast,72,Scientific research and development,7,12,3.857142857142857,3.7857142857142856,0.9814814814814814,False
72,Tyumen Oblast,73,Advertising and market research,7,13,34.25000000000001,45.6,1.3313868613138684,False
72,Tyumen Oblast,74,"Other professional, scientific and technical activities",7,13,18.0,21.307692307692307,1.1837606837606838,False
72,Tyumen Oblast,75,Veterinary activities,3,9,1.7142857142857144,2.1538461538461537,1.2564102564102562,False
72,Tyumen Oblast,77,Rental and leasing activities,7,13,13.571428571428571,12.285714285714285,0.9052631578947368,False
72,Tyumen Oblast,78,Employment activities,7,13,5.625000000000001,6.769230769230769,1.2034188034188031,False
72,Tyumen Oblast,79,Travel agency and reservation services,7,13,6.857142857142857,8.615384615384615,1.2564102564102564,False
72,Tyumen Oblast,80,Security and investigation activities,7,11,2.7142857142857144,2.8571428571428577,1.0526315789473686,False
72,Tyumen Oblast,81,Services to buildings and landscape activities,7,13,18.142857142857142,18.571428571428573,1.0236220472440947,False
72,Tyumen Oblast,82,Office administrative and business support activities,7,13,25.285714285714285,68.53846153846153,2.710560625814863,False
72,Tyumen Oblast,84,Public administration and defence; compulsory social security,2,5,1.5714285714285714,1.4615384615384617,,True
72,Tyumen Oblast,85,Education,7,13,24.428571428571427,31.923076923076923,1.3067926225820963,False
72,Tyumen Oblast,86,Human health activities,7,13,8.857142857142858,8.0,0.9032258064516129,False
72,Tyumen Oblast,87,Residential care activities,1,2,1.1428571428571428,1.1538461538461537,,True
72,Tyumen Oblast,88,Social work activities without accommodation,7,11,3.4285714285714284,3.076923076923077,0.8974358974358976,False
72,Tyumen Oblast,90,"Creative, arts and entertainment activities",6,13,6.428571428571429,6.384615384615385,0.9931623931623932,False
72,Tyumen Oblast,91,"Libraries, archives, museums and other cultural activities",1,2,1.1428571428571428,1.1538461538461537,,True
72,Tyumen Oblast,92,Gambling and betting activities,0,1,1.0,1.0769230769230769,,True
72,Tyumen Oblast,93,Sports activities and amusement and recreation,7,13,20.0,22.28571428571429,1.1142857142857143,False
72,Tyumen Oblast,94,Activities of membership organisations,1,4,1.1428571428571428,1.3076923076923077,,True
72,Tyumen Oblast,95,"Repair of computers, personal and household goods",7,13,13.285714285714286,13.461538461538462,1.0132340777502067,False
72,Tyumen Oblast,96,Other personal service activities,7,13,46.375,65.38461538461539,1.409910843873108,False
72,Tyumen Oblast,97,Activities of households as employers,0,0,1.0,1.0,,True
73,Ulyanovsk Oblast,01,Crop and animal production,7,13,15.571428571428571,30.307692307692307,1.9463655610444601,False
73,Ulyanovsk Oblast,02,Forestry and logging,7,13,4.0,8.076923076923077,2.019230769230769,False
73,Ulyanovsk Oblast,03,Fishing and aquaculture,3,6,1.5714285714285714,1.7692307692307692,1.1258741258741258,False
73,Ulyanovsk Oblast,05,Mining of coal and lignite,0,0,1.0,1.0,,True
73,Ulyanovsk Oblast,06,Extraction of crude petroleum and natural gas,0,0,1.0,1.0,,True
73,Ulyanovsk Oblast,08,Other mining and quarrying,1,4,1.1428571428571428,1.4615384615384617,,True
73,Ulyanovsk Oblast,09,Mining support services,0,0,1.0,1.0,,True
73,Ulyanovsk Oblast,10,Manufacture of food products,7,13,7.5,8.9375,1.1916666666666667,False
73,Ulyanovsk Oblast,11,Manufacture of beverages,1,4,1.1428571428571428,1.3076923076923077,,True
73,Ulyanovsk Oblast,13,Manufacture of textiles,7,9,2.571428571428571,2.5384615384615383,0.9871794871794872,False
73,Ulyanovsk Oblast,14,Manufacture of wearing apparel,7,12,3.7142857142857144,5.071428571428572,1.3653846153846154,False
73,Ulyanovsk Oblast,15,Manufacture of leather and related products,1,2,1.1428571428571428,1.1538461538461537,,True
73,Ulyanovsk Oblast,16,Wood processing,7,13,5.285714285714286,7.600000000000001,1.4378378378378383,False
73,Ulyanovsk Oblast,17,Manufacture of paper and paper products,1,4,1.1428571428571428,1.5384615384615383,,True
73,Ulyanovsk Oblast,18,Printing and reproduction of recorded media,3,8,2.428571428571429,2.6153846153846154,1.0769230769230769,False
73,Ulyanovsk Oblast,19,Manufacture of coke and refined petroleum products,0,0,1.0,1.0,,True
73,Ulyanovsk Oblast,20,Manufacture of chemicals and chemical products,5,9,2.2857142857142856,2.3846153846153846,1.0432692307692308,False
73,Ulyanovsk Oblast,21,Manufacture of pharmaceutical products,1,1,1.1428571428571428,1.0769230769230769,,True
73,Ulyanovsk Oblast,22,Manufacture of rubber and plastic products,6,13,2.3750000000000004,3.0,1.2631578947368418,False
73,Ulyanovsk Oblast,23,Other non-metallic mineral products,4,11,2.142857142857143,3.4615384615384617,1.6153846153846154,False
73,Ulyanovsk Oblast,24,Manufacture of basic metals,1,4,1.1428571428571428,1.3076923076923077,,True
73,Ulyanovsk Oblast,25,Manufacture of fabricated metal products,7,13,7.571428571428571,8.857142857142858,1.1698113207547172,False
73,Ulyanovsk Oblast,26,"Manufacture of computer, electronic and optical products",2,2,1.2857142857142856,1.1538461538461537,,True
73,Ulyanovsk Oblast,27,Manufacture of electrical equipment,4,4,1.7142857142857144,1.3076923076923077,0.7628205128205128,False
73,Ulyanovsk Oblast,28,Manufacture of machinery and equipment n.e.c.,5,9,2.571428571428571,2.1538461538461537,0.8376068376068376,False
73,Ulyanovsk Oblast,29,Manufacture of motor vehicles and trailers,4,9,2.0,2.0,1.0,False
73,Ulyanovsk Oblast,30,Manufacture of other transport equipment,3,3,1.4285714285714286,1.3076923076923077,0.9153846153846154,False
73,Ulyanovsk Oblast,31,Manufacture of furniture,7,13,6.125,10.733333333333334,1.7523809523809526,False
73,Ulyanovsk Oblast,32,Other manufacturing,6,12,2.571428571428571,3.5384615384615383,1.376068376068376,False
73,Ulyanovsk Oblast,33,Repair and installation of machinery and equipment,7,13,4.428571428571429,5.3076923076923075,1.1985111662531016,False
73,Ulyanovsk Oblast,35,"Electricity, gas, steam and air conditioning supply",1,4,1.1428571428571428,1.5,,True
73,Ulyanovsk Oblast,36,"Water collection, treatment and supply",3,0,1.5714285714285714,1.0,,True
73,Ulyanovsk Oblast,37,Sewerage,1,4,1.1428571428571428,1.3076923076923077,,True
73,Ulyanovsk Oblast,38,"Waste collection, treatment and disposal",6,9,1.75,2.3846153846153846,1.3626373626373627,False
73,Ulyanovsk Oblast,41,Construction of buildings,7,13,27.125,27.333333333333336,1.0076804915514594,False
73,Ulyanovsk Oblast,42,Civil engineering,7,13,6.857142857142857,5.000000000000001,0.7291666666666669,False
73,Ulyanovsk Oblast,43,Specialised construction activities,7,13,36.88888888888889,41.294117647058826,1.1194188518781005,False
73,Ulyanovsk Oblast,45,Sale and repair of motor vehicles and motorcycles,7,13,20.625000000000004,21.35,1.035151515151515,False
73,Ulyanovsk Oblast,46,Wholesale trade,7,13,29.999999999999996,28.428571428571427,0.9476190476190477,False
73,Ulyanovsk Oblast,47,Retail trade,7,13,168.29999999999998,136.92592592592592,0.8135824475693757,False
73,Ulyanovsk Oblast,49,Land transport and pipeline transport,7,13,64.12500000000001,100.38461538461539,1.565452091767881,False
73,Ulyanovsk Oblast,50,Water transport,0,2,1.0,1.1538461538461537,,True
73,Ulyanovsk Oblast,51,Air transport,0,1,1.0,1.0769230769230769,,True
73,Ulyanovsk Oblast,52,Warehousing and transport support activities,7,13,10.0,10.153846153846153,1.0153846153846153,False
73,Ulyanovsk Oblast,53,Postal and courier activities,6,13,4.0,5.076923076923077,1.2692307692307692,False
73,Ulyanovsk Oblast,55,Accommodation,6,12,2.428571428571429,3.769230769230769,1.5520361990950224,False
73,Ulyanovsk Oblast,56,Food and beverage service activities,7,13,36.285714285714285,29.0,0.7992125984251969,False
73,Ulyanovsk Oblast,58,Publishing activities,4,4,1.5714285714285714,1.4615384615384617,0.9300699300699302,False
73,Ulyanovsk Oblast,59,"Motion picture, video and television production",5,9,2.571428571428571,2.9230769230769234,1.136752136752137,False
73,Ulyanovsk Oblast,60,Programming and broadcasting activities,1,3,1.1428571428571428,1.3076923076923077,,True
73,Ulyanovsk Oblast,61,Telecommunications,1,4,1.1428571428571428,1.5384615384615383,,True
73,Ulyanovsk Oblast,62,"Computer programming, consultancy and related activities",7,13,26.25,27.92857142857143,1.0639455782312925,False
73,Ulyanovsk Oblast,63,Information service activities,7,13,8.857142857142858,15.214285714285717,1.7177419354838712,False
73,Ulyanovsk Oblast,64,"Financial service activities, except insurance and pension funding",3,5,1.5714285714285714,1.6153846153846154,1.027972027972028,False
73,Ulyanovsk Oblast,65,"Insurance, reinsurance and pension funding",1,1,1.1428571428571428,1.0769230769230769,,True
73,Ulyanovsk Oblast,66,Auxiliary financial services,7,13,3.142857142857143,3.7857142857142856,1.2045454545454546,False
73,Ulyanovsk Oblast,68,Real estate activities,7,13,20.625000000000004,26.764705882352942,1.297682709447415,False
73,Ulyanovsk Oblast,69,Legal and accounting activities,7,13,10.142857142857142,14.307692307692308,1.410617551462622,False
73,Ulyanovsk Oblast,70,Management consultancy activities,7,13,7.0,8.923076923076923,1.2747252747252749,False
73,Ulyanovsk Oblast,71,Architectural and engineering activities,7,13,7.714285714285714,7.538461538461538,0.9772079772079771,False
73,Ulyanovsk Oblast,72,Scientific research and development,4,9,2.428571428571429,3.4615384615384617,1.425339366515837,False
73,Ulyanovsk Oblast,73,Advertising and market research,7,13,33.42857142857143,95.46153846153847,2.8556870479947403,False
73,Ulyanovsk Oblast,74,"Other professional, scientific and technical activities",7,13,7.714285714285714,12.692307692307692,1.6452991452991452,False
73,Ulyanovsk Oblast,75,Veterinary activities,2,7,1.2857142857142856,1.8461538461538463,,True
73,Ulyanovsk Oblast,77,Rental and leasing activities,7,13,5.714285714285714,7.0,1.2249999999999999,False
73,Ulyanovsk Oblast,78,Employment activities,7,13,3.75,3.7857142857142856,1.0095238095238095,False
73,Ulyanovsk Oblast,79,Travel agency and reservation services,7,13,3.142857142857143,3.6153846153846154,1.1503496503496504,False
73,Ulyanovsk Oblast,80,Security and investigation activities,1,8,1.2857142857142856,1.7333333333333334,,True
73,Ulyanovsk Oblast,81,Services to buildings and landscape activities,7,13,9.571428571428571,8.133333333333335,0.8497512437810947,False
73,Ulyanovsk Oblast,82,Office administrative and business support activities,7,13,10.142857142857142,20.6,2.030985915492958,False
73,Ulyanovsk Oblast,84,Public administration and defence; compulsory social security,1,3,1.1428571428571428,1.2307692307692308,,True
73,Ulyanovsk Oblast,85,Education,7,13,8.571428571428571,13.0,1.5166666666666666,False
73,Ulyanovsk Oblast,86,Human health activities,7,13,3.7142857142857144,5.076923076923077,1.3668639053254437,False
73,Ulyanovsk Oblast,87,Residential care activities,0,4,1.0,1.3076923076923077,,True
73,Ulyanovsk Oblast,88,Social work activities without accommodation,5,5,1.8571428571428572,1.3846153846153846,0.7455621301775147,False
73,Ulyanovsk Oblast,90,"Creative, arts and entertainment activities",7,13,3.7142857142857144,4.461538461538462,1.2011834319526626,False
73,Ulyanovsk Oblast,91,"Libraries, archives, museums and other cultural activities",1,2,1.1428571428571428,1.2307692307692308,,True
73,Ulyanovsk Oblast,92,Gambling and betting activities,1,1,1.1428571428571428,1.0769230769230769,,True
73,Ulyanovsk Oblast,93,Sports activities and amusement and recreation,7,13,11.0,12.23076923076923,1.1118881118881119,False
73,Ulyanovsk Oblast,94,Activities of membership organisations,0,1,1.0,1.0769230769230769,,True
73,Ulyanovsk Oblast,95,"Repair of computers, personal and household goods",7,13,7.142857142857143,9.307692307692308,1.303076923076923,False
73,Ulyanovsk Oblast,96,Other personal service activities,7,13,29.142857142857142,39.15384615384615,1.3435143288084466,False
73,Ulyanovsk Oblast,97,Activities of households as employers,0,1,1.0,1.0769230769230769,,True
73,Ulyanovsk Oblast,98,OKVED 98,0,1,1.0,1.0769230769230769,,True
74,Chelyabinsk Oblast,01,Crop and animal production,7,13,24.571428571428573,25.307692307692307,1.029964221824687,False
74,Chelyabinsk Oblast,02,Forestry and logging,7,13,6.142857142857143,5.384615384615385,0.8765652951699463,False
74,Chelyabinsk Oblast,03,Fishing and aquaculture,6,10,3.0,3.0,1.0,False
74,Chelyabinsk Oblast,05,Mining of coal and lignite,0,0,1.0,1.0,,True
74,Chelyabinsk Oblast,06,Extraction of crude petroleum and natural gas,0,1,1.0,1.0769230769230769,,True
74,Chelyabinsk Oblast,07,OKVED 07,5,5,2.0,1.5384615384615383,0.7692307692307692,False
74,Chelyabinsk Oblast,08,Other mining and quarrying,6,10,2.857142857142857,2.6923076923076925,0.9423076923076924,False
74,Chelyabinsk Oblast,09,Mining support services,3,3,1.4285714285714286,1.2307692307692308,0.8615384615384616,False
74,Chelyabinsk Oblast,10,Manufacture of food products,7,13,20.285714285714285,16.294117647058822,0.8032311516155758,False
74,Chelyabinsk Oblast,11,Manufacture of beverages,3,9,1.375,2.142857142857143,1.5584415584415583,False
74,Chelyabinsk Oblast,12,Manufacture of tobacco products,0,0,1.0,1.0,,True
74,Chelyabinsk Oblast,13,Manufacture of textiles,7,13,5.0,4.928571428571429,0.9857142857142858,False
74,Chelyabinsk Oblast,14,Manufacture of wearing apparel,7,13,12.285714285714286,9.714285714285715,0.7906976744186047,False
74,Chelyabinsk Oblast,15,Manufacture of leather and related products,5,8,1.8571428571428572,1.8461538461538463,0.9940828402366864,False
74,Chelyabinsk Oblast,16,Wood processing,7,13,7.750000000000001,11.307692307692308,1.4590570719602978,False
74,Chelyabinsk Oblast,17,Manufacture of paper and paper products,4,9,1.7142857142857144,1.7142857142857144,1.0,False
74,Chelyabinsk Oblast,18,Printing and reproduction of recorded media,7,13,4.142857142857142,3.6923076923076925,0.8912466843501328,False
74,Chelyabinsk Oblast,19,Manufacture of coke and refined petroleum products,1,1,1.1428571428571428,1.0769230769230769,,True
74,Chelyabinsk Oblast,20,Manufacture of chemicals and chemical products,7,12,5.285714285714286,4.928571428571429,0.9324324324324325,False
74,Chelyabinsk Oblast,21,Manufacture of pharmaceutical products,1,3,1.1428571428571428,1.2307692307692308,,True
74,Chelyabinsk Oblast,22,Manufacture of rubber and plastic products,7,13,5.875,5.625,0.9574468085106383,False
74,Chelyabinsk Oblast,23,Other non-metallic mineral products,7,13,9.142857142857142,10.846153846153847,1.186298076923077,False
74,Chelyabinsk Oblast,24,Manufacture of basic metals,7,10,3.142857142857143,2.3846153846153846,0.7587412587412588,False
74,Chelyabinsk Oblast,25,Manufacture of fabricated metal products,7,13,42.57142857142857,29.928571428571427,0.7030201342281879,False
74,Chelyabinsk Oblast,26,"Manufacture of computer, electronic and optical products",6,10,2.571428571428571,2.7333333333333334,1.062962962962963,False
74,Chelyabinsk Oblast,27,Manufacture of electrical equipment,7,10,3.142857142857143,2.0714285714285716,0.6590909090909092,False
74,Chelyabinsk Oblast,28,Manufacture of machinery and equipment n.e.c.,7,13,6.142857142857143,5.500000000000001,0.8953488372093024,False
74,Chelyabinsk Oblast,29,Manufacture of motor vehicles and trailers,6,10,2.428571428571429,2.1538461538461537,0.8868778280542985,False
74,Chelyabinsk Oblast,30,Manufacture of other transport equipment,4,3,1.7142857142857144,1.3076923076923077,0.7628205128205128,False
74,Chelyabinsk Oblast,31,Manufacture of furniture,7,13,13.857142857142858,14.266666666666666,1.029553264604811,False
74,Chelyabinsk Oblast,32,Other manufacturing,7,13,7.142857142857143,7.5,1.05,False
74,Chelyabinsk Oblast,33,Repair and installation of machinery and equipment,7,13,13.25,18.153846153846153,1.3701015965166907,False
74,Chelyabinsk Oblast,35,"Electricity, gas, steam and air conditioning supply",6,11,3.0,2.428571428571429,0.8095238095238096,False
74,Chelyabinsk Oblast,36,"Water collection, treatment and supply",2,1,1.4285714285714286,1.1538461538461537,,True
74,Chelyabinsk Oblast,37,Sewerage,4,8,2.0,1.6428571428571428,0.8214285714285714,False
74,Chelyabinsk Oblast,38,"Waste collection, treatment and disposal",7,13,4.714285714285714,4.200000000000001,0.8909090909090911,False
74,Chelyabinsk Oblast,39,Remediation activities,0,1,1.0,1.0769230769230769,,True
74,Chelyabinsk Oblast,41,Construction of buildings,7,13,113.57142857142857,94.66666666666667,0.8335429769392034,False
74,Chelyabinsk Oblast,42,Civil engineering,7,13,17.571428571428573,18.307692307692307,1.0419011882426514,False
74,Chelyabinsk Oblast,43,Specialised construction activities,7,13,116.5,137.5,1.1802575107296138,False
74,Chelyabinsk Oblast,45,Sale and repair of motor vehicles and motorcycles,7,13,55.63636363636364,43.785714285714285,0.7869981325863679,False
74,Chelyabinsk Oblast,46,Wholesale trade,7,13,65.125,43.87179487179487,0.6736551995669078,False
74,Chelyabinsk Oblast,47,Retail trade,7,13,211.04545454545456,150.60000000000002,0.7135903510661211,False
74,Chelyabinsk Oblast,49,Land transport and pipeline transport,7,13,170.66666666666669,195.25,1.1440429687499998,False
74,Chelyabinsk Oblast,50,Water transport,1,1,1.1428571428571428,1.0769230769230769,,True
74,Chelyabinsk Oblast,51,Air transport,0,2,1.0,1.1538461538461537,,True
74,Chelyabinsk Oblast,52,Warehousing and transport support activities,7,13,17.444444444444446,20.75,1.1894904458598725,False
74,Chelyabinsk Oblast,53,Postal and courier activities,7,13,7.0,15.076923076923077,2.1538461538461537,False
74,Chelyabinsk Oblast,55,Accommodation,7,13,7.5,8.0,1.0666666666666667,False
74,Chelyabinsk Oblast,56,Food and beverage service activities,7,13,59.55555555555556,38.63333333333334,0.6486940298507463,False
74,Chelyabinsk Oblast,58,Publishing activities,6,8,2.857142857142857,2.0,0.7,False
74,Chelyabinsk Oblast,59,"Motion picture, video and television production",7,13,7.428571428571429,9.692307692307692,1.3047337278106508,False
74,Chelyabinsk Oblast,60,Programming and broadcasting activities,3,5,1.7142857142857144,1.7692307692307692,1.032051282051282,False
74,Chelyabinsk Oblast,61,Telecommunications,6,8,2.2857142857142856,2.4615384615384617,1.076923076923077,False
74,Chelyabinsk Oblast,62,"Computer programming, consultancy and related activities",7,13,49.37500000000001,62.00000000000001,1.2556962025316456,False
74,Chelyabinsk Oblast,63,Information service activities,7,13,24.428571428571427,46.42857142857143,1.9005847953216377,False
74,Chelyabinsk Oblast,64,"Financial service activities, except insurance and pension funding",7,12,4.857142857142858,3.3846153846153846,0.6968325791855203,False
74,Chelyabinsk Oblast,65,"Insurance, reinsurance and pension funding",3,0,1.4285714285714286,1.0,,True
74,Chelyabinsk Oblast,66,Auxiliary financial services,7,13,5.3,9.928571428571429,1.8733153638814017,False
74,Chelyabinsk Oblast,68,Real estate activities,7,13,72.66666666666667,68.27272727272727,0.9395329441200999,False
74,Chelyabinsk Oblast,69,Legal and accounting activities,7,13,26.875000000000004,35.0625,1.3046511627906976,False
74,Chelyabinsk Oblast,70,Management consultancy activities,7,13,19.428571428571427,24.0,1.2352941176470589,False
74,Chelyabinsk Oblast,71,Architectural and engineering activities,7,13,24.375000000000004,25.642857142857146,1.052014652014652,False
74,Chelyabinsk Oblast,72,Scientific research and development,7,13,5.571428571428571,5.3076923076923075,0.9526627218934911,False
74,Chelyabinsk Oblast,73,Advertising and market research,7,13,65.57142857142857,86.76923076923077,1.3232780291603823,False
74,Chelyabinsk Oblast,74,"Other professional, scientific and technical activities",7,13,25.857142857142858,34.23076923076923,1.3238419039524012,False
74,Chelyabinsk Oblast,75,Veterinary activities,6,11,2.142857142857143,3.1538461538461537,1.471794871794872,False
74,Chelyabinsk Oblast,77,Rental and leasing activities,7,13,20.571428571428573,16.928571428571427,0.8229166666666665,False
74,Chelyabinsk Oblast,78,Employment activities,7,13,10.142857142857142,9.23076923076923,0.9100758396533044,False
74,Chelyabinsk Oblast,79,Travel agency and reservation services,7,13,11.142857142857142,13.857142857142858,1.2435897435897436,False
74,Chelyabinsk Oblast,80,Security and investigation activities,7,12,4.125,3.157894736842105,0.7655502392344496,False
74,Chelyabinsk Oblast,81,Services to buildings and landscape activities,7,13,24.0,21.85714285714286,0.9107142857142859,False
74,Chelyabinsk Oblast,82,Office administrative and business support activities,7,13,31.857142857142858,38.07142857142858,1.1950672645739913,False
74,Chelyabinsk Oblast,84,Public administration and defence; compulsory social security,1,5,1.1428571428571428,1.4615384615384617,,True
74,Chelyabinsk Oblast,85,Education,7,13,53.142857142857146,49.15384615384615,0.9249379652605458,False
74,Chelyabinsk Oblast,86,Human health activities,7,13,10.375000000000002,14.23076923076923,1.3716404077849857,False
74,Chelyabinsk Oblast,87,Residential care activities,4,8,1.5714285714285714,1.8461538461538463,1.174825174825175,False
74,Chelyabinsk Oblast,88,Social work activities without accommodation,7,13,4.0,4.230769230769231,1.0576923076923077,False
74,Chelyabinsk Oblast,90,"Creative, arts and entertainment activities",7,13,9.428571428571429,9.923076923076923,1.0524475524475525,False
74,Chelyabinsk Oblast,91,"Libraries, archives, museums and other cultural activities",1,5,1.1428571428571428,1.4615384615384617,,True
74,Chelyabinsk Oblast,92,Gambling and betting activities,0,2,1.0,1.1538461538461537,,True
74,Chelyabinsk Oblast,93,Sports activities and amusement and recreation,7,13,37.857142857142854,30.187499999999996,0.7974056603773585,False
74,Chelyabinsk Oblast,94,Activities of membership organisations,3,5,1.7142857142857144,1.3846153846153846,0.8076923076923076,False
74,Chelyabinsk Oblast,95,"Repair of computers, personal and household goods",7,13,18.25,18.66666666666667,1.0228310502283107,False
74,Chelyabinsk Oblast,96,Other personal service activities,7,13,83.85714285714286,87.93333333333335,1.0486087450312325,False
74,Chelyabinsk Oblast,97,Activities of households as employers,0,1,1.0,1.0769230769230769,,True
74,Chelyabinsk Oblast,98,OKVED 98,0,1,1.0,1.0769230769230769,,True
75,Zabaykalsky Krai,01,Crop and animal production,7,13,19.857142857142858,26.857142857142858,1.3525179856115108,False
75,Zabaykalsky Krai,02,Forestry and logging,6,12,3.7142857142857144,3.5384615384615383,0.9526627218934911,False
75,Zabaykalsky Krai,03,Fishing and aquaculture,2,6,1.5714285714285714,2.0769230769230766,,True
75,Zabaykalsky Krai,05,Mining of coal and lignite,1,2,1.1428571428571428,1.1538461538461537,,True
75,Zabaykalsky Krai,06,Extraction of crude petroleum and natural gas,0,0,1.0,1.0,,True
75,Zabaykalsky Krai,07,OKVED 07,6,13,7.285714285714286,9.76923076923077,1.3408748114630469,False
75,Zabaykalsky Krai,08,Other mining and quarrying,5,7,3.0,1.6153846153846154,0.5384615384615384,False
75,Zabaykalsky Krai,09,Mining support services,1,9,1.1428571428571428,1.9230769230769231,,True
75,Zabaykalsky Krai,10,Manufacture of food products,7,13,8.142857142857142,10.933333333333334,1.3426900584795323,False
75,Zabaykalsky Krai,11,Manufacture of beverages,3,2,1.4285714285714286,1.1538461538461537,,True
75,Zabaykalsky Krai,12,Manufacture of tobacco products,0,0,1.0,1.0,,True
75,Zabaykalsky Krai,13,Manufacture of textiles,3,8,1.4285714285714286,1.9230769230769231,1.3461538461538463,False
75,Zabaykalsky Krai,14,Manufacture of wearing apparel,6,11,2.857142857142857,4.0,1.4,False
75,Zabaykalsky Krai,15,Manufacture of leather and related products,2,5,1.2857142857142856,1.3846153846153846,,True
75,Zabaykalsky Krai,16,Wood processing,6,11,2.7142857142857144,3.0,1.1052631578947367,False
75,Zabaykalsky Krai,17,Manufacture of paper and paper products,1,1,1.1428571428571428,1.0769230769230769,,True
75,Zabaykalsky Krai,18,Printing and reproduction of recorded media,5,7,2.142857142857143,1.8461538461538463,0.8615384615384616,False
75,Zabaykalsky Krai,19,Manufacture of coke and refined petroleum products,1,0,1.1428571428571428,1.0,,True
75,Zabaykalsky Krai,20,Manufacture of chemicals and chemical products,4,7,1.7142857142857144,1.8461538461538463,1.0769230769230769,False
75,Zabaykalsky Krai,21,Manufacture of pharmaceutical products,0,0,1.0,1.0,,True
75,Zabaykalsky Krai,22,Manufacture of rubber and plastic products,4,6,1.8571428571428572,1.6923076923076923,0.9112426035502958,False
75,Zabaykalsky Krai,23,Other non-metallic mineral products,5,11,3.142857142857143,3.0,0.9545454545454546,False
75,Zabaykalsky Krai,24,Manufacture of basic metals,1,4,1.1428571428571428,1.3076923076923077,,True
75,Zabaykalsky Krai,25,Manufacture of fabricated metal products,7,13,4.857142857142858,5.384615384615385,1.1085972850678734,False
75,Zabaykalsky Krai,26,"Manufacture of computer, electronic and optical products",1,1,1.1428571428571428,1.0769230769230769,,True
75,Zabaykalsky Krai,27,Manufacture of electrical equipment,1,0,1.1428571428571428,1.0,,True
75,Zabaykalsky Krai,28,Manufacture of machinery and equipment n.e.c.,1,4,1.1428571428571428,1.3076923076923077,,True
75,Zabaykalsky Krai,29,Manufacture of motor vehicles and trailers,2,1,1.2857142857142856,1.0769230769230769,,True
75,Zabaykalsky Krai,30,Manufacture of other transport equipment,0,1,1.0,1.0769230769230769,,True
75,Zabaykalsky Krai,31,Manufacture of furniture,6,12,3.857142857142857,4.0,1.037037037037037,False
75,Zabaykalsky Krai,32,Other manufacturing,4,10,2.0,3.076923076923077,1.5384615384615385,False
75,Zabaykalsky Krai,33,Repair and installation of machinery and equipment,6,12,2.428571428571429,3.5384615384615383,1.4570135746606332,False
75,Zabaykalsky Krai,35,"Electricity, gas, steam and air conditioning supply",4,8,1.75,1.7857142857142858,1.0204081632653061,False
75,Zabaykalsky Krai,36,"Water collection, treatment and supply",0,5,1.0,1.4615384615384617,,True
75,Zabaykalsky Krai,37,Sewerage,1,6,1.1428571428571428,1.6153846153846154,,True
75,Zabaykalsky Krai,38,"Waste collection, treatment and disposal",2,6,1.5714285714285714,1.7692307692307692,,True
75,Zabaykalsky Krai,39,Remediation activities,0,0,1.0,1.0,,True
75,Zabaykalsky Krai,41,Construction of buildings,7,13,24.0,23.846153846153847,0.9935897435897436,False
75,Zabaykalsky Krai,42,Civil engineering,7,10,5.714285714285714,3.3846153846153846,0.5923076923076923,False
75,Zabaykalsky Krai,43,Specialised construction activities,7,13,29.571428571428573,35.76923076923077,1.2095875139353398,False
75,Zabaykalsky Krai,45,Sale and repair of motor vehicles and motorcycles,7,13,27.714285714285715,32.69230769230769,1.1796193497224425,False
75,Zabaykalsky Krai,46,Wholesale trade,7,13,13.333333333333334,14.625,1.096875,False
75,Zabaykalsky Krai,47,Retail trade,7,13,55.63636363636364,61.642857142857146,1.1079598506069095,False
75,Zabaykalsky Krai,49,Land transport and pipeline transport,7,13,91.0,73.07692307692308,0.8030431107354185,False
75,Zabaykalsky Krai,50,Water transport,0,1,1.0,1.0769230769230769,,True
75,Zabaykalsky Krai,51,Air transport,0,0,1.0,1.0,,True
75,Zabaykalsky Krai,52,Warehousing and transport support activities,7,13,43.857142857142854,13.461538461538462,0.3069406163868705,False
75,Zabaykalsky Krai,53,Postal and courier activities,5,12,1.8571428571428572,4.230769230769231,2.2781065088757395,False
75,Zabaykalsky Krai,55,Accommodation,7,12,3.1250000000000004,3.769230769230769,1.206153846153846,False
75,Zabaykalsky Krai,56,Food and beverage service activities,7,13,31.285714285714285,28.0,0.8949771689497718,False
75,Zabaykalsky Krai,58,Publishing activities,2,4,1.2857142857142856,1.3076923076923077,,True
75,Zabaykalsky Krai,59,"Motion picture, video and television production",5,6,2.142857142857143,1.7692307692307692,0.8256410256410256,False
75,Zabaykalsky Krai,60,Programming and broadcasting activities,0,0,1.0,1.0,,True
75,Zabaykalsky Krai,61,Telecommunications,1,2,1.2857142857142856,1.1538461538461537,,True
75,Zabaykalsky Krai,62,"Computer programming, consultancy and related activities",7,13,6.857142857142857,9.461538461538462,1.3798076923076925,False
75,Zabaykalsky Krai,63,Information service activities,5,13,4.714285714285714,7.6923076923076925,1.6317016317016317,False
75,Zabaykalsky Krai,64,"Financial service activities, except insurance and pension funding",3,8,1.4285714285714286,2.3076923076923075,1.6153846153846152,False
75,Zabaykalsky Krai,65,"Insurance, reinsurance and pension funding",0,2,1.0,1.1538461538461537,,True
75,Zabaykalsky Krai,66,Auxiliary financial services,5,11,2.2857142857142856,2.6153846153846154,1.1442307692307694,False
75,Zabaykalsky Krai,68,Real estate activities,7,13,18.142857142857142,21.692307692307693,1.1956390066626288,False
75,Zabaykalsky Krai,69,Legal and accounting activities,7,13,7.142857142857143,7.230769230769231,1.0123076923076924,False
75,Zabaykalsky Krai,70,Management consultancy activities,7,13,3.142857142857143,5.461538461538462,1.737762237762238,False
75,Zabaykalsky Krai,71,Architectural and engineering activities,7,13,8.428571428571429,7.846153846153846,0.9308996088657104,False
75,Zabaykalsky Krai,72,Scientific research and development,0,4,1.0,1.3846153846153846,,True
75,Zabaykalsky Krai,73,Advertising and market research,7,13,14.0,22.46153846153846,1.6043956043956042,False
75,Zabaykalsky Krai,74,"Other professional, scientific and technical activities",7,13,5.857142857142857,8.846153846153847,1.5103189493433398,False
75,Zabaykalsky Krai,75,Veterinary activities,5,5,1.8571428571428572,1.6153846153846154,0.8698224852071006,False
75,Zabaykalsky Krai,77,Rental and leasing activities,7,13,6.428571428571429,5.384615384615385,0.8376068376068376,False
75,Zabaykalsky Krai,78,Employment activities,7,11,2.857142857142857,3.0,1.05,False
75,Zabaykalsky Krai,79,Travel agency and reservation services,7,12,3.0,2.3076923076923075,0.7692307692307692,False
75,Zabaykalsky Krai,80,Security and investigation activities,4,10,1.5714285714285714,1.5333333333333334,0.9757575757575758,False
75,Zabaykalsky Krai,81,Services to buildings and landscape activities,7,13,5.0,5.769230769230769,1.1538461538461537,False
75,Zabaykalsky Krai,82,Office administrative and business support activities,7,13,6.714285714285714,12.923076923076923,1.9247135842880523,False
75,Zabaykalsky Krai,84,Public administration and defence; compulsory social security,2,3,1.2857142857142856,1.2307692307692308,,True
75,Zabaykalsky Krai,85,Education,7,13,8.714285714285715,8.923076923076923,1.0239596469104666,False
75,Zabaykalsky Krai,86,Human health activities,7,13,6.857142857142857,6.076923076923077,0.8862179487179487,False
75,Zabaykalsky Krai,87,Residential care activities,2,0,1.2857142857142856,1.0,,True
75,Zabaykalsky Krai,88,Social work activities without accommodation,3,9,1.5714285714285714,2.0769230769230766,1.3216783216783214,False
75,Zabaykalsky Krai,90,"Creative, arts and entertainment activities",5,7,1.8571428571428572,2.230769230769231,1.2011834319526626,False
75,Zabaykalsky Krai,91,"Libraries, archives, museums and other cultural activities",0,1,1.0,1.0769230769230769,,True
75,Zabaykalsky Krai,92,Gambling and betting activities,2,2,1.4285714285714286,1.1538461538461537,,True
75,Zabaykalsky Krai,93,Sports activities and amusement and recreation,7,13,9.0,9.538461538461538,1.0598290598290598,False
75,Zabaykalsky Krai,94,Activities of membership organisations,2,3,1.2857142857142856,1.2307692307692308,,True
75,Zabaykalsky Krai,95,"Repair of computers, personal and household goods",7,13,5.714285714285714,6.3076923076923075,1.1038461538461537,False
75,Zabaykalsky Krai,96,Other personal service activities,7,13,29.285714285714285,36.61538461538461,1.2502814258911819,False
75,Zabaykalsky Krai,97,Activities of households as employers,0,1,1.0,1.0769230769230769,,True
76,Yaroslavl Oblast,01,Crop and animal production,7,13,8.571428571428571,8.153846153846153,0.9512820512820512,False
76,Yaroslavl Oblast,02,Forestry and logging,5,11,2.571428571428571,2.8461538461538463,1.106837606837607,False
76,Yaroslavl Oblast,03,Fishing and aquaculture,2,4,1.4285714285714286,1.3846153846153846,,True
76,Yaroslavl Oblast,05,Mining of coal and lignite,0,1,1.0,1.0769230769230769,,True
76,Yaroslavl Oblast,06,Extraction of crude petroleum and natural gas,0,0,1.0,1.0,,True
76,Yaroslavl Oblast,08,Other mining and quarrying,3,5,1.5714285714285714,1.6153846153846154,1.027972027972028,False
76,Yaroslavl Oblast,09,Mining support services,0,0,1.0,1.0,,True
76,Yaroslavl Oblast,10,Manufacture of food products,7,13,6.285714285714286,7.333333333333334,1.1666666666666667,False
76,Yaroslavl Oblast,11,Manufacture of beverages,4,2,1.7142857142857144,1.1538461538461537,,True
76,Yaroslavl Oblast,12,Manufacture of tobacco products,0,1,1.0,1.0769230769230769,,True
76,Yaroslavl Oblast,13,Manufacture of textiles,7,13,2.5,3.923076923076923,1.5692307692307692,False
76,Yaroslavl Oblast,14,Manufacture of wearing apparel,7,13,5.857142857142857,6.6923076923076925,1.1425891181988743,False
76,Yaroslavl Oblast,15,Manufacture of leather and related products,4,7,1.375,1.6923076923076923,1.2307692307692308,False
76,Yaroslavl Oblast,16,Wood processing,7,12,5.0,6.153846153846154,1.2307692307692308,False
76,Yaroslavl Oblast,17,Manufacture of paper and paper products,3,2,1.4285714285714286,1.3076923076923077,,True
76,Yaroslavl Oblast,18,Printing and reproduction of recorded media,5,8,2.2857142857142856,2.9230769230769234,1.278846153846154,False
76,Yaroslavl Oblast,19,Manufacture of coke and refined petroleum products,0,0,1.0,1.0,,True
76,Yaroslavl Oblast,20,Manufacture of chemicals and chemical products,6,9,2.571428571428571,2.9230769230769234,1.136752136752137,False
76,Yaroslavl Oblast,21,Manufacture of pharmaceutical products,0,1,1.0,1.0769230769230769,,True
76,Yaroslavl Oblast,22,Manufacture of rubber and plastic products,7,10,2.7142857142857144,2.6923076923076925,0.9919028340080972,False
76,Yaroslavl Oblast,23,Other non-metallic mineral products,5,8,2.7142857142857144,3.3076923076923075,1.2186234817813764,False
76,Yaroslavl Oblast,24,Manufacture of basic metals,1,3,0.875,1.2307692307692308,,True
76,Yaroslavl Oblast,25,Manufacture of fabricated metal products,7,13,10.571428571428571,11.384615384615385,1.076923076923077,False
76,Yaroslavl Oblast,26,"Manufacture of computer, electronic and optical products",5,7,1.8571428571428572,1.6428571428571428,0.8846153846153846,False
76,Yaroslavl Oblast,27,Manufacture of electrical equipment,3,6,1.4285714285714286,1.7692307692307692,1.2384615384615383,False
76,Yaroslavl Oblast,28,Manufacture of machinery and equipment n.e.c.,5,10,2.0,2.6153846153846154,1.3076923076923077,False
76,Yaroslavl Oblast,29,Manufacture of motor vehicles and trailers,3,7,1.5714285714285714,1.8461538461538463,1.174825174825175,False
76,Yaroslavl Oblast,30,Manufacture of other transport equipment,1,9,1.1428571428571428,1.7142857142857144,,True
76,Yaroslavl Oblast,31,Manufacture of furniture,7,13,5.857142857142857,7.076923076923077,1.2082551594746718,False
76,Yaroslavl Oblast,32,Other manufacturing,6,12,3.0,5.153846153846154,1.717948717948718,False
76,Yaroslavl Oblast,33,Repair and installation of machinery and equipment,7,13,4.714285714285714,6.153846153846154,1.3053613053613053,False
76,Yaroslavl Oblast,35,"Electricity, gas, steam and air conditioning supply",4,5,1.5714285714285714,1.6923076923076923,1.0769230769230769,False
76,Yaroslavl Oblast,36,"Water collection, treatment and supply",0,1,1.0,1.0769230769230769,,True
76,Yaroslavl Oblast,37,Sewerage,0,2,1.0,1.2307692307692308,,True
76,Yaroslavl Oblast,38,"Waste collection, treatment and disposal",4,10,1.8571428571428572,2.769230769230769,1.4911242603550294,False
76,Yaroslavl Oblast,41,Construction of buildings,7,13,31.44444444444445,35.53333333333334,1.1300353356890458,False
76,Yaroslavl Oblast,42,Civil engineering,7,13,5.75,6.230769230769231,1.0836120401337792,False
76,Yaroslavl Oblast,43,Specialised construction activities,7,13,51.285714285714285,54.15384615384615,1.0559245768159418,False
76,Yaroslavl Oblast,45,Sale and repair of motor vehicles and motorcycles,7,13,25.142857142857142,20.31818181818182,0.8081095041322315,False
76,Yaroslavl Oblast,46,Wholesale trade,7,13,20.333333333333332,27.952380952380953,1.3747072599531618,False
76,Yaroslavl Oblast,47,Retail trade,7,13,159.7,151.75,0.9502191609267377,False
76,Yaroslavl Oblast,49,Land transport and pipeline transport,7,13,57.285714285714285,73.38461538461539,1.2810281987339345,False
76,Yaroslavl Oblast,50,Water transport,0,3,1.0,1.2857142857142858,,True
76,Yaroslavl Oblast,51,Air transport,0,0,1.0,1.0,,True
76,Yaroslavl Oblast,52,Warehousing and transport support activities,7,13,8.0,8.642857142857144,1.080357142857143,False
76,Yaroslavl Oblast,53,Postal and courier activities,7,13,3.4285714285714284,6.615384615384615,1.9294871794871795,False
76,Yaroslavl Oblast,55,Accommodation,7,12,4.625,4.642857142857143,1.0038610038610039,False
76,Yaroslavl Oblast,56,Food and beverage service activities,7,13,23.428571428571427,24.11764705882353,1.0294117647058825,False
76,Yaroslavl Oblast,58,Publishing activities,2,11,1.4285714285714286,2.6923076923076925,,True
76,Yaroslavl Oblast,59,"Motion picture, video and television production",7,11,4.285714285714286,5.384615384615385,1.2564102564102566,False
76,Yaroslavl Oblast,60,Programming and broadcasting activities,0,0,1.0,1.0,,True
76,Yaroslavl Oblast,61,Telecommunications,3,6,1.5714285714285714,1.5384615384615383,0.979020979020979,False
76,Yaroslavl Oblast,62,"Computer programming, consultancy and related activities",7,13,19.5,23.749999999999996,1.2179487179487178,False
76,Yaroslavl Oblast,63,Information service activities,7,13,9.857142857142858,17.0,1.7246376811594202,False
76,Yaroslavl Oblast,64,"Financial service activities, except insurance and pension funding",7,7,2.428571428571429,1.9230769230769231,0.7918552036199095,False
76,Yaroslavl Oblast,65,"Insurance, reinsurance and pension funding",1,1,1.1428571428571428,1.0769230769230769,,True
76,Yaroslavl Oblast,66,Auxiliary financial services,7,12,4.0,5.153846153846154,1.2884615384615385,False
76,Yaroslavl Oblast,68,Real estate activities,7,13,30.857142857142858,44.92857142857143,1.4560185185185186,False
76,Yaroslavl Oblast,69,Legal and accounting activities,7,13,12.285714285714286,15.0,1.2209302325581395,False
76,Yaroslavl Oblast,70,Management consultancy activities,7,13,6.857142857142857,11.76923076923077,1.716346153846154,False
76,Yaroslavl Oblast,71,Architectural and engineering activities,7,13,9.125,9.923076923076923,1.0874604847207587,False
76,Yaroslavl Oblast,72,Scientific research and development,4,11,3.142857142857143,3.6923076923076925,1.174825174825175,False
76,Yaroslavl Oblast,73,Advertising and market research,7,13,22.625,44.85714285714286,1.982636148382005,False
76,Yaroslavl Oblast,74,"Other professional, scientific and technical activities",7,13,9.571428571428571,16.0,1.671641791044776,False
76,Yaroslavl Oblast,75,Veterinary activities,7,11,2.428571428571429,2.5384615384615383,1.0452488687782804,False
76,Yaroslavl Oblast,77,Rental and leasing activities,7,13,5.857142857142857,7.384615384615385,1.2607879924953098,False
76,Yaroslavl Oblast,78,Employment activities,6,13,4.0,4.923076923076923,1.2307692307692308,False
76,Yaroslavl Oblast,79,Travel agency and reservation services,5,13,2.7142857142857144,4.769230769230769,1.757085020242915,False
76,Yaroslavl Oblast,80,Security and investigation activities,4,8,2.0,1.7999999999999998,0.8999999999999999,False
76,Yaroslavl Oblast,81,Services to buildings and landscape activities,7,13,9.285714285714286,10.461538461538462,1.1266272189349111,False
76,Yaroslavl Oblast,82,Office administrative and business support activities,7,13,9.285714285714286,14.461538461538462,1.557396449704142,False
76,Yaroslavl Oblast,84,Public administration and defence; compulsory social security,1,1,1.1428571428571428,1.0769230769230769,,True
76,Yaroslavl Oblast,85,Education,7,13,13.571428571428571,19.307692307692307,1.4226720647773279,False
76,Yaroslavl Oblast,86,Human health activities,7,13,4.857142857142858,7.923076923076923,1.6312217194570136,False
76,Yaroslavl Oblast,87,Residential care activities,0,2,1.0,1.1538461538461537,,True
76,Yaroslavl Oblast,88,Social work activities without accommodation,4,7,1.8571428571428572,1.7692307692307692,0.9526627218934911,False
76,Yaroslavl Oblast,90,"Creative, arts and entertainment activities",6,12,4.857142857142858,5.076923076923077,1.0452488687782804,False
76,Yaroslavl Oblast,91,"Libraries, archives, museums and other cultural activities",1,1,1.1428571428571428,1.0769230769230769,,True
76,Yaroslavl Oblast,92,Gambling and betting activities,0,0,1.0,1.0,,True
76,Yaroslavl Oblast,93,Sports activities and amusement and recreation,7,13,9.857142857142858,12.0,1.217391304347826,False
76,Yaroslavl Oblast,94,Activities of membership organisations,0,3,1.0,1.3076923076923077,,True
76,Yaroslavl Oblast,95,"Repair of computers, personal and household goods",7,13,5.714285714285714,11.615384615384615,2.0326923076923076,False
76,Yaroslavl Oblast,96,Other personal service activities,7,13,27.857142857142858,48.69230769230769,1.7479289940828402,False
76,Yaroslavl Oblast,97,Activities of households as employers,0,0,1.0,1.0,,True
76,Yaroslavl Oblast,98,OKVED 98,0,0,1.0,1.0,,True
76,Yaroslavl Oblast,99,Activities of extraterritorial organisations and bodies,0,1,1.0,1.0769230769230769,,True
77,Moscow,01,Crop and animal production,7,13,44.142857142857146,44.49999999999999,1.0080906148867312,False
77,Moscow,02,Forestry and logging,7,12,4.222222222222223,4.428571428571429,1.0488721804511276,False
77,Moscow,03,Fishing and aquaculture,7,13,4.428571428571429,4.461538461538462,1.0074441687344913,False
77,Moscow,05,Mining of coal and lignite,3,4,2.0,1.142857142857143,0.5714285714285715,False
77,Moscow,06,Extraction of crude petroleum and natural gas,3,10,1.4285714285714286,1.8571428571428572,1.3,False
77,Moscow,07,OKVED 07,7,12,5.428571428571429,4.615384615384615,0.8502024291497975,False
77,Moscow,08,Other mining and quarrying,7,12,4.571428571428571,3.7857142857142856,0.828125,False
77,Moscow,09,Mining support services,6,12,3.6249999999999996,4.500000000000001,1.241379310344828,False
77,Moscow,10,Manufacture of food products,7,13,60.25000000000001,66.14285714285714,1.0978067575577948,False
77,Moscow,11,Manufacture of beverages,7,12,4.0,5.923076923076923,1.4807692307692308,False
77,Moscow,12,Manufacture of tobacco products,3,3,1.5714285714285714,1.2307692307692308,0.7832167832167832,False
77,Moscow,13,Manufacture of textiles,7,13,16.875,20.25,1.2,False
77,Moscow,14,Manufacture of wearing apparel,7,13,72.25,46.05,0.6373702422145329,False
77,Moscow,15,Manufacture of leather and related products,7,13,6.857142857142857,6.0,0.875,False
77,Moscow,16,Wood processing,7,13,22.11111111111111,22.625,1.0232412060301508,False
77,Moscow,17,Manufacture of paper and paper products,7,13,8.0,7.428571428571429,0.9285714285714286,False
77,Moscow,18,Printing and reproduction of recorded media,7,13,41.25000000000001,29.35294117647059,0.7115864527629233,False
77,Moscow,19,Manufacture of coke and refined petroleum products,5,9,2.428571428571429,1.8461538461538463,0.7601809954751131,False
77,Moscow,20,Manufacture of chemicals and chemical products,7,13,27.625000000000004,22.333333333333336,0.808446455505279,False
77,Moscow,21,Manufacture of pharmaceutical products,7,12,5.571428571428571,4.230769230769231,0.7593688362919132,False
77,Moscow,22,Manufacture of rubber and plastic products,7,13,34.0,19.684210526315788,0.5789473684210525,False
77,Moscow,23,Other non-metallic mineral products,7,13,21.299999999999997,15.374999999999998,0.721830985915493,False
77,Moscow,24,Manufacture of basic metals,5,10,3.0,3.5,1.1666666666666667,False
77,Moscow,25,Manufacture of fabricated metal products,7,13,68.27272727272728,61.78947368421052,0.9050388955077439,False
77,Moscow,26,"Manufacture of computer, electronic and optical products",7,13,19.5,18.61111111111111,0.9544159544159544,False
77,Moscow,27,Manufacture of electrical equipment,7,13,12.125000000000002,11.933333333333335,0.984192439862543,False
77,Moscow,28,Manufacture of machinery and equipment n.e.c.,7,13,14.6,19.400000000000002,1.3287671232876714,False
77,Moscow,29,Manufacture of motor vehicles and trailers,7,12,4.500000000000001,3.642857142857143,0.8095238095238093,False
77,Moscow,30,Manufacture of other transport equipment,7,13,8.0,8.538461538461538,1.0673076923076923,False
77,Moscow,31,Manufacture of furniture,7,13,39.22222222222223,44.06666666666667,1.123512747875354,False
77,Moscow,32,Other manufacturing,7,13,47.285714285714285,55.00000000000001,1.1631419939577041,False
77,Moscow,33,Repair and installation of machinery and equipment,7,13,39.5,62.72222222222222,1.5879043600562588,False
77,Moscow,35,"Electricity, gas, steam and air conditioning supply",7,13,5.888888888888889,9.714285714285715,1.6495956873315365,False
77,Moscow,36,"Water collection, treatment and supply",4,8,1.8571428571428572,2.1538461538461537,1.1597633136094674,False
77,Moscow,37,Sewerage,6,10,2.7142857142857144,3.4615384615384617,1.2753036437246963,False
77,Moscow,38,"Waste collection, treatment and disposal",7,13,14.111111111111112,16.1875,1.1471456692913384,False
77,Moscow,39,Remediation activities,4,5,1.5714285714285714,1.3846153846153846,0.8811188811188811,False
77,Moscow,41,Construction of buildings,7,13,126.66666666666666,56.431654676258994,0.44551306323362366,False
77,Moscow,42,Civil engineering,7,13,60.199999999999996,40.125,0.6665282392026578,False
77,Moscow,43,Specialised construction activities,7,13,122.02083333333333,68.29166666666667,0.5596721871265153,False
77,Moscow,45,Sale and repair of motor vehicles and motorcycles,7,13,115.41666666666667,71.88732394366197,0.6228504601616921,False
77,Moscow,46,Wholesale trade,7,13,72.80540540540541,45.537815126050425,0.6254729971281705,False
77,Moscow,47,Retail trade,7,13,496.59259259259255,263.07317073170736,0.5297565341405205,False
77,Moscow,49,Land transport and pipeline transport,7,13,302.57142857142856,272.5294117647059,0.9007109926123426,False
77,Moscow,50,Water transport,7,13,6.428571428571429,4.846153846153847,0.7538461538461539,False
77,Moscow,51,Air transport,6,12,3.4285714285714284,2.8571428571428577,0.8333333333333335,False
77,Moscow,52,Warehousing and transport support activities,7,13,79.15789473684211,62.88095238095238,0.7943737335359675,False
77,Moscow,53,Postal and courier activities,7,13,57.89999999999999,73.58823529411764,1.2709539774459007,False
77,Moscow,55,Accommodation,7,13,35.699999999999996,42.470588235294116,1.1896523315208438,False
77,Moscow,56,Food and beverage service activities,7,13,143.8421052631579,69.7051282051282,0.48459474419957405,False
77,Moscow,58,Publishing activities,7,13,21.285714285714285,25.600000000000005,1.2026845637583896,False
77,Moscow,59,"Motion picture, video and television production",7,13,154.55555555555557,148.72222222222223,0.9622573687994248,False
77,Moscow,60,Programming and broadcasting activities,7,13,8.88888888888889,11.076923076923077,1.2461538461538462,False
77,Moscow,61,Telecommunications,7,13,13.142857142857142,12.058823529411764,0.9175191815856778,False
77,Moscow,62,"Computer programming, consultancy and related activities",7,13,182.64000000000001,146.65,0.802945685501533,False
77,Moscow,63,Information service activities,7,13,130.21428571428572,190.95238095238093,1.4664472481257997,False
77,Moscow,64,"Financial service activities, except insurance and pension funding",7,13,58.45454545454546,40.48148148148149,0.6925292321870861,False
77,Moscow,65,"Insurance, reinsurance and pension funding",4,8,2.0,2.357142857142857,1.1785714285714286,False
77,Moscow,66,Auxiliary financial services,7,13,61.777777777777786,62.78947368421052,1.0163763725861414,False
77,Moscow,68,Real estate activities,7,13,178.125,168.21111111111108,0.9443430799220272,False
77,Moscow,69,Legal and accounting activities,7,13,178.92857142857142,164.81249999999997,0.9211077844311376,False
77,Moscow,70,Management consultancy activities,7,13,160.23529411764704,139.35897435897436,0.8697145976881661,False
77,Moscow,71,Architectural and engineering activities,7,13,154.53846153846155,110.65714285714284,0.7160492071393015,False
77,Moscow,72,Scientific research and development,7,13,63.111111111111114,43.279999999999994,0.6857746478873238,False
77,Moscow,73,Advertising and market research,7,13,126.875,104.71428571428572,0.8253342716396904,False
77,Moscow,74,"Other professional, scientific and technical activities",7,13,224.875,243.26666666666668,1.081786177506022,False
77,Moscow,75,Veterinary activities,7,13,8.428571428571429,13.384615384615385,1.5880052151238593,False
77,Moscow,77,Rental and leasing activities,7,13,102.49999999999999,83.69565217391305,0.8165429480381762,False
77,Moscow,78,Employment activities,7,13,82.14285714285714,34.09375,0.41505434782608697,False
77,Moscow,79,Travel agency and reservation services,7,13,74.0,64.85000000000001,0.8763513513513514,False
77,Moscow,80,Security and investigation activities,7,13,12.04761904761905,14.166666666666668,1.175889328063241,False
77,Moscow,81,Services to buildings and landscape activities,7,13,76.25,65.15151515151516,0.8544461003477397,False
77,Moscow,82,Office administrative and business support activities,7,13,85.3,83.46153846153847,0.9784471097483994,False
77,Moscow,84,Public administration and defence; compulsory social security,6,12,5.142857142857143,5.384615384615385,1.047008547008547,False
77,Moscow,85,Education,7,13,285.7142857142857,316.7857142857143,1.10875,False
77,Moscow,86,Human health activities,7,13,70.0,58.77272727272727,0.8396103896103896,False
77,Moscow,87,Residential care activities,6,12,2.5,4.6923076923076925,1.876923076923077,False
77,Moscow,88,Social work activities without accommodation,7,13,24.714285714285715,26.076923076923077,1.0551356158292573,False
77,Moscow,90,"Creative, arts and entertainment activities",7,13,146.66666666666669,165.66666666666669,1.1295454545454546,False
77,Moscow,91,"Libraries, archives, museums and other cultural activities",7,12,3.7142857142857144,4.357142857142858,1.1730769230769231,False
77,Moscow,92,Gambling and betting activities,2,8,1.2857142857142856,1.7692307692307692,,True
77,Moscow,93,Sports activities and amusement and recreation,7,13,140.72727272727272,167.45000000000005,1.1898901808785534,False
77,Moscow,94,Activities of membership organisations,7,13,7.0,8.0,1.1428571428571428,False
77,Moscow,95,"Repair of computers, personal and household goods",7,13,100.25,83.87499999999999,0.8366583541147131,False
77,Moscow,96,Other personal service activities,7,13,274.27272727272725,168.77777777777777,0.6153647847383347,False
77,Moscow,97,Activities of households as employers,5,9,1.75,2.2142857142857144,1.2653061224489797,False
77,Moscow,98,OKVED 98,1,2,1.1428571428571428,1.1538461538461537,,True
77,Moscow,99,Activities of extraterritorial organisations and bodies,0,0,1.0,1.0,,True
78,Saint Petersburg,01,Crop and animal production,7,13,21.0,23.0,1.0952380952380953,False
78,Saint Petersburg,02,Forestry and logging,7,12,3.4285714285714284,3.8461538461538463,1.1217948717948718,False
78,Saint Petersburg,03,Fishing and aquaculture,5,12,2.571428571428571,3.769230769230769,1.465811965811966,False
78,Saint Petersburg,05,Mining of coal and lignite,0,0,1.0,1.0,,True
78,Saint Petersburg,06,Extraction of crude petroleum and natural gas,2,3,1.2857142857142856,1.2307692307692308,,True
78,Saint Petersburg,07,OKVED 07,1,6,1.1428571428571428,1.7692307692307692,,True
78,Saint Petersburg,08,Other mining and quarrying,5,8,2.857142857142857,2.0,0.7,False
78,Saint Petersburg,09,Mining support services,5,5,2.142857142857143,1.8461538461538463,0.8615384615384616,False
78,Saint Petersburg,10,Manufacture of food products,7,13,23.555555555555557,21.047619047619047,0.8935309973045822,False
78,Saint Petersburg,11,Manufacture of beverages,6,9,2.2857142857142856,2.769230769230769,1.2115384615384617,False
78,Saint Petersburg,12,Manufacture of tobacco products,1,4,1.1428571428571428,1.3846153846153846,,True
78,Saint Petersburg,13,Manufacture of textiles,7,13,8.375,13.23076923076923,1.5797933409873708,False
78,Saint Petersburg,14,Manufacture of wearing apparel,7,13,21.2,21.5,1.0141509433962264,False
78,Saint Petersburg,15,Manufacture of leather and related products,7,12,4.428571428571429,4.615384615384615,1.042183622828784,False
78,Saint Petersburg,16,Wood processing,7,13,19.285714285714285,16.857142857142858,0.8740740740740741,False
78,Saint Petersburg,17,Manufacture of paper and paper products,7,11,3.1250000000000004,3.076923076923077,0.9846153846153846,False
78,Saint Petersburg,18,Printing and reproduction of recorded media,7,13,14.714285714285714,13.5,0.9174757281553398,False
78,Saint Petersburg,19,Manufacture of coke and refined petroleum products,3,5,1.4285714285714286,1.2142857142857144,0.8500000000000001,False
78,Saint Petersburg,20,Manufacture of chemicals and chemical products,7,13,12.285714285714286,10.0,0.813953488372093,False
78,Saint Petersburg,21,Manufacture of pharmaceutical products,3,6,1.7142857142857144,1.8461538461538463,1.0769230769230769,False
78,Saint Petersburg,22,Manufacture of rubber and plastic products,7,13,12.75,14.357142857142858,1.1260504201680672,False
78,Saint Petersburg,23,Other non-metallic mineral products,7,13,10.111111111111112,16.23076923076923,1.6052409129332204,False
78,Saint Petersburg,24,Manufacture of basic metals,3,12,2.428571428571429,2.3846153846153846,0.9819004524886876,False
78,Saint Petersburg,25,Manufacture of fabricated metal products,7,13,36.58333333333333,42.05263157894736,1.1495024577388802,False
78,Saint Petersburg,26,"Manufacture of computer, electronic and optical products",7,13,8.375,10.307692307692308,1.2307692307692308,False
78,Saint Petersburg,27,Manufacture of electrical equipment,7,13,6.857142857142857,7.466666666666667,1.088888888888889,False
78,Saint Petersburg,28,Manufacture of machinery and equipment n.e.c.,7,13,11.428571428571429,10.857142857142858,0.9500000000000001,False
78,Saint Petersburg,29,Manufacture of motor vehicles and trailers,4,11,2.0,2.285714285714286,1.142857142857143,False
78,Saint Petersburg,30,Manufacture of other transport equipment,7,13,5.428571428571429,5.461538461538462,1.0060728744939271,False
78,Saint Petersburg,31,Manufacture of furniture,7,13,22.0,24.68421052631579,1.1220095693779906,False
78,Saint Petersburg,32,Other manufacturing,7,13,23.0,18.684210526315788,0.8123569794050343,False
78,Saint Petersburg,33,Repair and installation of machinery and equipment,7,13,40.857142857142854,29.210526315789473,0.7149429517850571,False
78,Saint Petersburg,35,"Electricity, gas, steam and air conditioning supply",7,13,5.0,6.153846153846154,1.2307692307692308,False
78,Saint Petersburg,36,"Water collection, treatment and supply",5,6,2.428571428571429,1.4285714285714286,0.588235294117647,False
78,Saint Petersburg,37,Sewerage,4,10,1.8571428571428572,2.8461538461538463,1.532544378698225,False
78,Saint Petersburg,38,"Waste collection, treatment and disposal",7,13,8.142857142857142,6.466666666666668,0.7941520467836259,False
78,Saint Petersburg,39,Remediation activities,0,1,1.0,1.0769230769230769,,True
78,Saint Petersburg,41,Construction of buildings,7,13,51.758620689655174,85.81818181818183,1.6580461510508147,False
78,Saint Petersburg,42,Civil engineering,7,13,28.0,32.0,1.1428571428571428,False
78,Saint Petersburg,43,Specialised construction activities,7,13,151.8125,141.8125,0.9341292713050638,False
78,Saint Petersburg,45,Sale and repair of motor vehicles and motorcycles,7,13,52.68421052631579,40.26923076923077,0.7643510335818028,False
78,Saint Petersburg,46,Wholesale trade,7,13,32.325581395348834,29.3048128342246,0.9065517639364445,False
78,Saint Petersburg,47,Retail trade,7,13,295.8275862068966,129.97391304347823,0.43935697380357475,False
78,Saint Petersburg,49,Land transport and pipeline transport,7,13,222.99999999999997,273.1851851851852,1.225045673476167,False
78,Saint Petersburg,50,Water transport,7,13,9.000000000000002,6.999999999999999,0.7777777777777776,False
78,Saint Petersburg,51,Air transport,3,6,1.5714285714285714,1.4615384615384617,0.9300699300699302,False
78,Saint Petersburg,52,Warehousing and transport support activities,7,13,47.39999999999999,23.525,0.4963080168776372,False
78,Saint Petersburg,53,Postal and courier activities,7,13,28.857142857142858,32.125,1.1132425742574257,False
78,Saint Petersburg,55,Accommodation,7,13,20.111111111111114,18.166666666666668,0.9033149171270718,False
78,Saint Petersburg,56,Food and beverage service activities,7,13,52.07692307692307,39.41666666666667,0.7568931560807486,False
78,Saint Petersburg,58,Publishing activities,7,13,8.857142857142858,9.076923076923077,1.0248138957816377,False
78,Saint Petersburg,59,"Motion picture, video and television production",7,13,46.857142857142854,43.214285714285715,0.9222560975609757,False
78,Saint Petersburg,60,Programming and broadcasting activities,4,8,2.428571428571429,1.6428571428571428,0.676470588235294,False
78,Saint Petersburg,61,Telecommunications,6,13,3.5,3.9375000000000004,1.1250000000000002,False
78,Saint Petersburg,62,"Computer programming, consultancy and related activities",7,13,114.8,114.96774193548386,1.0014611666853994,False
78,Saint Petersburg,63,Information service activities,7,13,81.0,57.80769230769231,0.7136752136752137,False
78,Saint Petersburg,64,"Financial service activities, except insurance and pension funding",7,13,11.375,12.133333333333335,1.0666666666666669,False
78,Saint Petersburg,65,"Insurance, reinsurance and pension funding",2,1,1.4285714285714286,1.2307692307692308,,True
78,Saint Petersburg,66,Auxiliary financial services,7,13,15.916666666666664,18.40909090909091,1.156592099000476,False
78,Saint Petersburg,68,Real estate activities,7,13,197.33333333333331,109.25000000000001,0.5536317567567569,False
78,Saint Petersburg,69,Legal and accounting activities,7,13,59.53333333333333,84.95652173913045,1.4270412386192126,False
78,Saint Petersburg,70,Management consultancy activities,7,13,38.333333333333336,90.52631578947368,2.3615560640732265,False
78,Saint Petersburg,71,Architectural and engineering activities,7,13,66.58333333333333,91.22222222222223,1.3700458906967043,False
78,Saint Petersburg,72,Scientific research and development,7,13,22.142857142857142,22.133333333333336,0.9995698924731184,False
78,Saint Petersburg,73,Advertising and market research,7,13,75.3076923076923,75.89655172413794,1.0078193793807897,False
78,Saint Petersburg,74,"Other professional, scientific and technical activities",7,13,92.57142857142857,81.61111111111111,0.8816015089163238,False
78,Saint Petersburg,75,Veterinary activities,7,12,3.857142857142857,6.076923076923077,1.5754985754985753,False
78,Saint Petersburg,77,Rental and leasing activities,7,13,64.42857142857143,44.94736842105263,0.6976309954487104,False
78,Saint Petersburg,78,Employment activities,7,13,25.250000000000004,21.555555555555557,0.8536853685368536,False
78,Saint Petersburg,79,Travel agency and reservation services,7,13,39.75000000000001,37.375,0.9402515723270438,False
78,Saint Petersburg,80,Security and investigation activities,7,13,7.1,6.44,0.9070422535211269,False
78,Saint Petersburg,81,Services to buildings and landscape activities,7,13,71.42857142857143,37.160000000000004,0.52024,False
78,Saint Petersburg,82,Office administrative and business support activities,7,13,75.11111111111111,48.535714285714285,0.6461855452240067,False
78,Saint Petersburg,84,Public administration and defence; compulsory social security,7,10,2.7142857142857144,3.230769230769231,1.1902834008097165,False
78,Saint Petersburg,85,Education,7,13,116.14285714285714,115.53846153846153,0.9947961018071719,False
78,Saint Petersburg,86,Human health activities,7,13,25.55555555555556,26.095238095238095,1.02111801242236,False
78,Saint Petersburg,87,Residential care activities,4,13,2.0,3.0,1.5,False
78,Saint Petersburg,88,Social work activities without accommodation,7,13,14.142857142857142,12.714285714285714,0.898989898989899,False
78,Saint Petersburg,90,"Creative, arts and entertainment activities",7,13,59.857142857142854,59.92857142857144,1.0011933174224346,False
78,Saint Petersburg,91,"Libraries, archives, museums and other cultural activities",5,12,2.142857142857143,2.6428571428571432,1.2333333333333336,False
78,Saint Petersburg,92,Gambling and betting activities,0,2,1.0,1.1538461538461537,,True
78,Saint Petersburg,93,Sports activities and amusement and recreation,7,13,69.77777777777779,68.55000000000001,0.9824044585987262,False
78,Saint Petersburg,94,Activities of membership organisations,5,11,2.428571428571429,3.230769230769231,1.330316742081448,False
78,Saint Petersburg,95,"Repair of computers, personal and household goods",7,13,36.57142857142857,40.666666666666664,1.1119791666666667,False
78,Saint Petersburg,96,Other personal service activities,7,13,139.33333333333334,128.0952380952381,0.9193438140806561,False
78,Saint Petersburg,97,Activities of households as employers,2,1,1.2857142857142856,1.1538461538461537,,True
78,Saint Petersburg,98,OKVED 98,3,1,1.4285714285714286,1.0769230769230769,,True
78,Saint Petersburg,99,Activities of extraterritorial organisations and bodies,0,0,1.0,1.0,,True
79,Jewish Autonomous Oblast,01,Crop and animal production,7,10,6.142857142857143,4.923076923076923,0.8014311270125224,False
79,Jewish Autonomous Oblast,02,Forestry and logging,2,5,1.2857142857142856,1.3846153846153846,,True
79,Jewish Autonomous Oblast,03,Fishing and aquaculture,0,0,1.0,1.0,,True
79,Jewish Autonomous Oblast,05,Mining of coal and lignite,0,0,1.0,1.0,,True
79,Jewish Autonomous Oblast,07,OKVED 07,1,1,1.1428571428571428,1.1538461538461537,,True
79,Jewish Autonomous Oblast,08,Other mining and quarrying,1,5,1.1428571428571428,1.4615384615384617,,True
79,Jewish Autonomous Oblast,10,Manufacture of food products,6,10,2.428571428571429,1.8666666666666667,0.7686274509803921,False
79,Jewish Autonomous Oblast,11,Manufacture of beverages,0,0,1.0,1.0,,True
79,Jewish Autonomous Oblast,14,Manufacture of wearing apparel,0,4,1.0,1.3076923076923077,,True
79,Jewish Autonomous Oblast,15,Manufacture of leather and related products,0,1,1.0,1.0769230769230769,,True
79,Jewish Autonomous Oblast,16,Wood processing,1,3,1.1428571428571428,1.3076923076923077,,True
79,Jewish Autonomous Oblast,17,Manufacture of paper and paper products,1,1,1.1428571428571428,1.0769230769230769,,True
79,Jewish Autonomous Oblast,18,Printing and reproduction of recorded media,0,1,1.0,1.0769230769230769,,True
79,Jewish Autonomous Oblast,20,Manufacture of chemicals and chemical products,1,1,1.1428571428571428,1.0769230769230769,,True
79,Jewish Autonomous Oblast,21,Manufacture of pharmaceutical products,0,0,1.0,1.0,,True
79,Jewish Autonomous Oblast,22,Manufacture of rubber and plastic products,0,2,1.0,1.1538461538461537,,True
79,Jewish Autonomous Oblast,23,Other non-metallic mineral products,0,2,1.0,1.1538461538461537,,True
79,Jewish Autonomous Oblast,24,Manufacture of basic metals,0,1,1.0,1.0769230769230769,,True
79,Jewish Autonomous Oblast,25,Manufacture of fabricated metal products,1,7,1.1428571428571428,1.5384615384615383,,True
79,Jewish Autonomous Oblast,26,"Manufacture of computer, electronic and optical products",0,0,1.0,1.0,,True
79,Jewish Autonomous Oblast,27,Manufacture of electrical equipment,0,1,1.0,1.0769230769230769,,True
79,Jewish Autonomous Oblast,28,Manufacture of machinery and equipment n.e.c.,0,1,1.0,1.0769230769230769,,True
79,Jewish Autonomous Oblast,30,Manufacture of other transport equipment,0,1,1.0,1.0769230769230769,,True
79,Jewish Autonomous Oblast,31,Manufacture of furniture,0,4,1.0,1.3076923076923077,,True
79,Jewish Autonomous Oblast,32,Other manufacturing,0,3,1.0,1.6153846153846154,,True
79,Jewish Autonomous Oblast,33,Repair and installation of machinery and equipment,0,2,1.0,1.1538461538461537,,True
79,Jewish Autonomous Oblast,35,"Electricity, gas, steam and air conditioning supply",0,0,1.0,1.0,,True
79,Jewish Autonomous Oblast,36,"Water collection, treatment and supply",0,0,1.0,1.0,,True
79,Jewish Autonomous Oblast,37,Sewerage,0,0,1.0,1.0,,True
79,Jewish Autonomous Oblast,38,"Waste collection, treatment and disposal",2,0,1.2857142857142856,1.0,,True
79,Jewish Autonomous Oblast,39,Remediation activities,0,0,1.0,1.0,,True
79,Jewish Autonomous Oblast,41,Construction of buildings,5,11,2.7142857142857144,3.6923076923076925,1.360323886639676,False
79,Jewish Autonomous Oblast,42,Civil engineering,1,7,1.1428571428571428,1.3571428571428574,,True
79,Jewish Autonomous Oblast,43,Specialised construction activities,7,13,5.0,4.6923076923076925,0.9384615384615385,False
79,Jewish Autonomous Oblast,45,Sale and repair of motor vehicles and motorcycles,5,11,2.428571428571429,3.3076923076923075,1.3619909502262442,False
79,Jewish Autonomous Oblast,46,Wholesale trade,7,11,3.5,3.4615384615384617,0.989010989010989,False
79,Jewish Autonomous Oblast,47,Retail trade,7,13,19.0,17.933333333333337,0.9438596491228072,False
79,Jewish Autonomous Oblast,49,Land transport and pipeline transport,7,13,7.714285714285714,6.923076923076923,0.8974358974358975,False
79,Jewish Autonomous Oblast,50,Water transport,0,0,1.0,1.0,,True
79,Jewish Autonomous Oblast,52,Warehousing and transport support activities,3,8,1.5714285714285714,2.230769230769231,1.4195804195804196,False
79,Jewish Autonomous Oblast,53,Postal and courier activities,2,5,1.2857142857142856,1.3846153846153846,,True
79,Jewish Autonomous Oblast,55,Accommodation,5,3,1.8571428571428572,1.2307692307692308,0.6627218934911243,False
79,Jewish Autonomous Oblast,56,Food and beverage service activities,7,10,4.428571428571429,3.5384615384615383,0.7990074441687344,False
79,Jewish Autonomous Oblast,58,Publishing activities,1,0,1.1428571428571428,1.0,,True
79,Jewish Autonomous Oblast,59,"Motion picture, video and television production",0,3,1.0,1.2307692307692308,,True
79,Jewish Autonomous Oblast,60,Programming and broadcasting activities,0,0,1.0,1.0,,True
79,Jewish Autonomous Oblast,61,Telecommunications,0,0,1.0,1.0,,True
79,Jewish Autonomous Oblast,62,"Computer programming, consultancy and related activities",3,9,1.7142857142857144,1.9230769230769231,1.1217948717948718,False
79,Jewish Autonomous Oblast,63,Information service activities,2,8,1.2857142857142856,2.0769230769230766,,True
79,Jewish Autonomous Oblast,64,"Financial service activities, except insurance and pension funding",1,0,1.1428571428571428,1.0,,True
79,Jewish Autonomous Oblast,65,"Insurance, reinsurance and pension funding",0,0,1.0,1.0,,True
79,Jewish Autonomous Oblast,66,Auxiliary financial services,3,3,1.4285714285714286,1.2307692307692308,0.8615384615384616,False
79,Jewish Autonomous Oblast,68,Real estate activities,5,12,2.7142857142857144,3.3076923076923075,1.2186234817813764,False
79,Jewish Autonomous Oblast,69,Legal and accounting activities,6,10,2.2857142857142856,1.9230769230769231,0.841346153846154,False
79,Jewish Autonomous Oblast,70,Management consultancy activities,2,4,1.5714285714285714,1.4615384615384617,,True
79,Jewish Autonomous Oblast,71,Architectural and engineering activities,5,3,2.0,1.2307692307692308,0.6153846153846154,False
79,Jewish Autonomous Oblast,72,Scientific research and development,0,0,1.0,1.0,,True
79,Jewish Autonomous Oblast,73,Advertising and market research,5,11,3.0,3.6153846153846154,1.205128205128205,False
79,Jewish Autonomous Oblast,74,"Other professional, scientific and technical activities",2,7,1.2857142857142856,1.7692307692307692,,True
79,Jewish Autonomous Oblast,75,Veterinary activities,0,2,1.0,1.1538461538461537,,True
79,Jewish Autonomous Oblast,77,Rental and leasing activities,4,7,1.7142857142857144,1.7692307692307692,1.032051282051282,False
79,Jewish Autonomous Oblast,78,Employment activities,2,1,1.2857142857142856,1.0769230769230769,,True
79,Jewish Autonomous Oblast,79,Travel agency and reservation services,0,2,1.0,1.1538461538461537,,True
79,Jewish Autonomous Oblast,80,Security and investigation activities,1,1,1.1428571428571428,1.0769230769230769,,True
79,Jewish Autonomous Oblast,81,Services to buildings and landscape activities,3,7,1.125,1.8461538461538463,1.6410256410256412,False
79,Jewish Autonomous Oblast,82,Office administrative and business support activities,3,9,2.0,2.6153846153846154,1.3076923076923077,False
79,Jewish Autonomous Oblast,84,Public administration and defence; compulsory social security,0,0,1.0,1.0,,True
79,Jewish Autonomous Oblast,85,Education,3,9,1.4285714285714286,1.7692307692307692,1.2384615384615383,False
79,Jewish Autonomous Oblast,86,Human health activities,1,3,1.1428571428571428,1.2307692307692308,,True
79,Jewish Autonomous Oblast,88,Social work activities without accommodation,0,0,1.0,1.0,,True
79,Jewish Autonomous Oblast,90,"Creative, arts and entertainment activities",2,0,1.2857142857142856,1.0,,True
79,Jewish Autonomous Oblast,91,"Libraries, archives, museums and other cultural activities",0,0,1.0,1.0,,True
79,Jewish Autonomous Oblast,93,Sports activities and amusement and recreation,4,6,1.5714285714285714,1.6153846153846154,1.027972027972028,False
79,Jewish Autonomous Oblast,94,Activities of membership organisations,1,0,1.1428571428571428,1.0,,True
79,Jewish Autonomous Oblast,95,"Repair of computers, personal and household goods",5,6,2.0,1.5384615384615383,0.7692307692307692,False
79,Jewish Autonomous Oblast,96,Other personal service activities,7,13,4.142857142857142,4.153846153846153,1.0026525198938991,False
83,Nenets Autonomous Okrug,01,Crop and animal production,4,4,1.5714285714285714,1.3076923076923077,0.8321678321678322,False
83,Nenets Autonomous Okrug,02,Forestry and logging,0,2,1.0,1.1538461538461537,,True
83,Nenets Autonomous Okrug,03,Fishing and aquaculture,2,5,1.2857142857142856,1.3846153846153846,,True
83,Nenets Autonomous Okrug,06,Extraction of crude petroleum and natural gas,0,0,1.0,1.0,,True
83,Nenets Autonomous Okrug,08,Other mining and quarrying,0,0,1.0,1.0,,True
83,Nenets Autonomous Okrug,09,Mining support services,0,1,1.0,1.0769230769230769,,True
83,Nenets Autonomous Okrug,10,Manufacture of food products,3,2,1.4285714285714286,1.1538461538461537,,True
83,Nenets Autonomous Okrug,11,Manufacture of beverages,0,0,1.0,1.0,,True
83,Nenets Autonomous Okrug,13,Manufacture of textiles,0,0,1.0,1.0,,True
83,Nenets Autonomous Okrug,14,Manufacture of wearing apparel,0,3,1.0,1.2307692307692308,,True
83,Nenets Autonomous Okrug,16,Wood processing,0,0,1.0,1.0,,True
83,Nenets Autonomous Okrug,18,Printing and reproduction of recorded media,0,1,1.0,1.0769230769230769,,True
83,Nenets Autonomous Okrug,20,Manufacture of chemicals and chemical products,0,0,1.0,1.0,,True
83,Nenets Autonomous Okrug,22,Manufacture of rubber and plastic products,1,1,1.1428571428571428,1.0769230769230769,,True
83,Nenets Autonomous Okrug,23,Other non-metallic mineral products,0,0,1.0,1.0,,True
83,Nenets Autonomous Okrug,24,Manufacture of basic metals,0,0,1.0,1.0,,True
83,Nenets Autonomous Okrug,25,Manufacture of fabricated metal products,1,2,1.1428571428571428,1.1538461538461537,,True
83,Nenets Autonomous Okrug,26,"Manufacture of computer, electronic and optical products",0,0,1.0,1.0,,True
83,Nenets Autonomous Okrug,28,Manufacture of machinery and equipment n.e.c.,0,0,1.0,1.0,,True
83,Nenets Autonomous Okrug,30,Manufacture of other transport equipment,0,0,1.0,1.0,,True
83,Nenets Autonomous Okrug,31,Manufacture of furniture,0,0,1.0,1.0,,True
83,Nenets Autonomous Okrug,32,Other manufacturing,0,2,1.0,1.1538461538461537,,True
83,Nenets Autonomous Okrug,33,Repair and installation of machinery and equipment,2,0,1.2857142857142856,1.0,,True
83,Nenets Autonomous Okrug,35,"Electricity, gas, steam and air conditioning supply",0,0,1.0,1.0,,True
83,Nenets Autonomous Okrug,37,Sewerage,0,0,1.0,1.0,,True
83,Nenets Autonomous Okrug,38,"Waste collection, treatment and disposal",0,0,1.0,1.0,,True
83,Nenets Autonomous Okrug,39,Remediation activities,0,0,1.0,1.0,,True
83,Nenets Autonomous Okrug,41,Construction of buildings,7,11,3.2857142857142856,3.6923076923076925,1.1237458193979935,False
83,Nenets Autonomous Okrug,42,Civil engineering,2,4,1.2857142857142856,1.4615384615384617,,True
83,Nenets Autonomous Okrug,43,Specialised construction activities,6,12,2.857142857142857,3.6153846153846154,1.2653846153846153,False
83,Nenets Autonomous Okrug,45,Sale and repair of motor vehicles and motorcycles,6,7,2.428571428571429,1.6923076923076923,0.6968325791855203,False
83,Nenets Autonomous Okrug,46,Wholesale trade,6,10,2.2857142857142856,1.9285714285714284,0.84375,False
83,Nenets Autonomous Okrug,47,Retail trade,7,13,7.142857142857143,5.611111111111112,0.7855555555555556,False
83,Nenets Autonomous Okrug,49,Land transport and pipeline transport,6,13,4.142857142857142,3.076923076923077,0.7427055702917773,False
83,Nenets Autonomous Okrug,50,Water transport,0,2,1.0,1.1538461538461537,,True
83,Nenets Autonomous Okrug,52,Warehousing and transport support activities,2,4,1.2857142857142856,1.3846153846153846,,True
83,Nenets Autonomous Okrug,53,Postal and courier activities,3,6,1.4285714285714286,1.6923076923076923,1.1846153846153846,False
83,Nenets Autonomous Okrug,55,Accommodation,1,1,1.1428571428571428,1.0,,True
83,Nenets Autonomous Okrug,56,Food and beverage service activities,5,10,1.8571428571428572,2.769230769230769,1.4911242603550294,False
83,Nenets Autonomous Okrug,58,Publishing activities,0,0,1.0,1.0,,True
83,Nenets Autonomous Okrug,59,"Motion picture, video and television production",0,4,1.0,1.3076923076923077,,True
83,Nenets Autonomous Okrug,61,Telecommunications,0,0,1.0,1.0,,True
83,Nenets Autonomous Okrug,62,"Computer programming, consultancy and related activities",2,7,1.2857142857142856,1.7692307692307692,,True
83,Nenets Autonomous Okrug,63,Information service activities,2,5,1.2857142857142856,1.3846153846153846,,True
83,Nenets Autonomous Okrug,64,"Financial service activities, except insurance and pension funding",0,0,1.0,1.0,,True
83,Nenets Autonomous Okrug,66,Auxiliary financial services,3,1,1.4285714285714286,1.0769230769230769,,True
83,Nenets Autonomous Okrug,68,Real estate activities,6,7,3.5714285714285716,2.0769230769230766,0.5815384615384614,False
83,Nenets Autonomous Okrug,69,Legal and accounting activities,3,7,1.4285714285714286,1.5384615384615383,1.0769230769230769,False
83,Nenets Autonomous Okrug,70,Management consultancy activities,1,7,1.1428571428571428,1.5384615384615383,,True
83,Nenets Autonomous Okrug,71,Architectural and engineering activities,4,4,1.5714285714285714,1.3076923076923077,0.8321678321678322,False
83,Nenets Autonomous Okrug,72,Scientific research and development,0,1,1.0,1.0769230769230769,,True
83,Nenets Autonomous Okrug,73,Advertising and market research,2,6,1.2857142857142856,1.6153846153846154,,True
83,Nenets Autonomous Okrug,74,"Other professional, scientific and technical activities",3,5,1.5714285714285714,1.3846153846153846,0.8811188811188811,False
83,Nenets Autonomous Okrug,75,Veterinary activities,0,1,1.0,1.0769230769230769,,True
83,Nenets Autonomous Okrug,77,Rental and leasing activities,1,1,1.1428571428571428,1.0769230769230769,,True
83,Nenets Autonomous Okrug,78,Employment activities,0,0,1.0,1.0,,True
83,Nenets Autonomous Okrug,79,Travel agency and reservation services,1,2,1.2857142857142856,1.1538461538461537,,True
83,Nenets Autonomous Okrug,80,Security and investigation activities,2,1,1.2857142857142856,1.0769230769230769,,True
83,Nenets Autonomous Okrug,81,Services to buildings and landscape activities,2,6,1.2857142857142856,1.5384615384615383,,True
83,Nenets Autonomous Okrug,82,Office administrative and business support activities,2,4,1.4285714285714286,1.6923076923076923,,True
83,Nenets Autonomous Okrug,85,Education,3,2,1.5714285714285714,1.1538461538461537,,True
83,Nenets Autonomous Okrug,86,Human health activities,0,2,1.0,1.1538461538461537,,True
83,Nenets Autonomous Okrug,88,Social work activities without accommodation,0,0,1.0,1.0,,True
83,Nenets Autonomous Okrug,90,"Creative, arts and entertainment activities",0,1,1.0,1.1538461538461537,,True
83,Nenets Autonomous Okrug,93,Sports activities and amusement and recreation,2,2,1.4285714285714286,1.2307692307692308,,True
83,Nenets Autonomous Okrug,95,"Repair of computers, personal and household goods",3,3,1.4285714285714286,1.2307692307692308,0.8615384615384616,False
83,Nenets Autonomous Okrug,96,Other personal service activities,5,10,2.2857142857142856,2.3846153846153846,1.0432692307692308,False
86,Khanty-Mansi Autonomous Okrug - Yugra,01,Crop and animal production,7,13,6.857142857142857,10.153846153846153,1.4807692307692308,False
86,Khanty-Mansi Autonomous Okrug - Yugra,02,Forestry and logging,7,13,3.7142857142857144,4.153846153846153,1.118343195266272,False
86,Khanty-Mansi Autonomous Okrug - Yugra,03,Fishing and aquaculture,3,10,1.4285714285714286,2.8461538461538463,1.9923076923076923,False
86,Khanty-Mansi Autonomous Okrug - Yugra,05,Mining of coal and lignite,1,0,1.1428571428571428,1.0,,True
86,Khanty-Mansi Autonomous Okrug - Yugra,06,Extraction of crude petroleum and natural gas,2,4,1.2857142857142856,1.3076923076923077,,True
86,Khanty-Mansi Autonomous Okrug - Yugra,07,OKVED 07,0,3,1.0,1.3076923076923077,,True
86,Khanty-Mansi Autonomous Okrug - Yugra,08,Other mining and quarrying,2,3,1.2857142857142856,1.3076923076923077,,True
86,Khanty-Mansi Autonomous Okrug - Yugra,09,Mining support services,6,12,2.5,3.3846153846153846,1.353846153846154,False
86,Khanty-Mansi Autonomous Okrug - Yugra,10,Manufacture of food products,7,13,12.857142857142858,14.428571428571429,1.1222222222222222,False
86,Khanty-Mansi Autonomous Okrug - Yugra,11,Manufacture of beverages,0,4,1.0,1.4615384615384617,,True
86,Khanty-Mansi Autonomous Okrug - Yugra,12,Manufacture of tobacco products,1,1,1.1428571428571428,1.0769230769230769,,True
86,Khanty-Mansi Autonomous Okrug - Yugra,13,Manufacture of textiles,2,9,1.7142857142857144,2.3846153846153846,,True
86,Khanty-Mansi Autonomous Okrug - Yugra,14,Manufacture of wearing apparel,7,13,7.142857142857143,6.923076923076923,0.9692307692307692,False
86,Khanty-Mansi Autonomous Okrug - Yugra,15,Manufacture of leather and related products,1,4,1.1428571428571428,1.3076923076923077,,True
86,Khanty-Mansi Autonomous Okrug - Yugra,16,Wood processing,6,13,2.857142857142857,4.769230769230769,1.669230769230769,False
86,Khanty-Mansi Autonomous Okrug - Yugra,17,Manufacture of paper and paper products,0,2,1.0,1.1538461538461537,,True
86,Khanty-Mansi Autonomous Okrug - Yugra,18,Printing and reproduction of recorded media,7,11,3.7142857142857144,3.5384615384615383,0.9526627218934911,False
86,Khanty-Mansi Autonomous Okrug - Yugra,19,Manufacture of coke and refined petroleum products,0,2,1.0,1.1538461538461537,,True
86,Khanty-Mansi Autonomous Okrug - Yugra,20,Manufacture of chemicals and chemical products,4,10,3.142857142857143,2.3076923076923075,0.7342657342657342,False
86,Khanty-Mansi Autonomous Okrug - Yugra,21,Manufacture of pharmaceutical products,0,1,1.0,1.1538461538461537,,True
86,Khanty-Mansi Autonomous Okrug - Yugra,22,Manufacture of rubber and plastic products,6,12,3.0,4.153846153846153,1.3846153846153844,False
86,Khanty-Mansi Autonomous Okrug - Yugra,23,Other non-metallic mineral products,7,10,3.2857142857142856,2.9230769230769234,0.8896321070234114,False
86,Khanty-Mansi Autonomous Okrug - Yugra,24,Manufacture of basic metals,1,2,1.1428571428571428,1.1538461538461537,,True
86,Khanty-Mansi Autonomous Okrug - Yugra,25,Manufacture of fabricated metal products,7,13,8.142857142857142,8.538461538461538,1.048582995951417,False
86,Khanty-Mansi Autonomous Okrug - Yugra,26,"Manufacture of computer, electronic and optical products",2,8,1.2857142857142856,2.0769230769230766,,True
86,Khanty-Mansi Autonomous Okrug - Yugra,27,Manufacture of electrical equipment,0,4,1.0,1.3076923076923077,,True
86,Khanty-Mansi Autonomous Okrug - Yugra,28,Manufacture of machinery and equipment n.e.c.,3,8,1.8571428571428572,1.7692307692307692,0.9526627218934911,False
86,Khanty-Mansi Autonomous Okrug - Yugra,29,Manufacture of motor vehicles and trailers,2,2,1.4285714285714286,1.1538461538461537,,True
86,Khanty-Mansi Autonomous Okrug - Yugra,30,Manufacture of other transport equipment,1,3,1.1428571428571428,1.2307692307692308,,True
86,Khanty-Mansi Autonomous Okrug - Yugra,31,Manufacture of furniture,7,13,5.428571428571429,8.153846153846153,1.5020242914979756,False
86,Khanty-Mansi Autonomous Okrug - Yugra,32,Other manufacturing,7,13,3.8750000000000004,4.230769230769231,1.0918114143920594,False
86,Khanty-Mansi Autonomous Okrug - Yugra,33,Repair and installation of machinery and equipment,7,13,8.571428571428571,11.23076923076923,1.3102564102564103,False
86,Khanty-Mansi Autonomous Okrug - Yugra,35,"Electricity, gas, steam and air conditioning supply",7,5,2.2857142857142856,1.9230769230769231,0.841346153846154,False
86,Khanty-Mansi Autonomous Okrug - Yugra,36,"Water collection, treatment and supply",2,3,1.2857142857142856,1.3076923076923077,,True
86,Khanty-Mansi Autonomous Okrug - Yugra,37,Sewerage,4,6,1.8571428571428572,1.7692307692307692,0.9526627218934911,False
86,Khanty-Mansi Autonomous Okrug - Yugra,38,"Waste collection, treatment and disposal",6,11,3.2857142857142856,3.0,0.9130434782608696,False
86,Khanty-Mansi Autonomous Okrug - Yugra,39,Remediation activities,1,0,1.1428571428571428,1.0,,True
86,Khanty-Mansi Autonomous Okrug - Yugra,41,Construction of buildings,7,13,61.875,68.78571428571429,1.1116883116883118,False
86,Khanty-Mansi Autonomous Okrug - Yugra,42,Civil engineering,7,13,7.249999999999999,10.461538461538462,1.4429708222811672,False
86,Khanty-Mansi Autonomous Okrug - Yugra,43,Specialised construction activities,7,13,76.0,75.0625,0.9876644736842105,False
86,Khanty-Mansi Autonomous Okrug - Yugra,45,Sale and repair of motor vehicles and motorcycles,7,13,50.625,56.81249999999999,1.122222222222222,False
86,Khanty-Mansi Autonomous Okrug - Yugra,46,Wholesale trade,7,13,35.142857142857146,40.38461538461539,1.149155722326454,False
86,Khanty-Mansi Autonomous Okrug - Yugra,47,Retail trade,7,13,369.14285714285717,151.875,0.41142608359133126,False
86,Khanty-Mansi Autonomous Okrug - Yugra,49,Land transport and pipeline transport,7,13,131.55555555555557,171.21428571428572,1.301459942084942,False
86,Khanty-Mansi Autonomous Okrug - Yugra,50,Water transport,3,5,1.4285714285714286,1.9230769230769231,1.3461538461538463,False
86,Khanty-Mansi Autonomous Okrug - Yugra,51,Air transport,0,0,1.0,1.0,,True
86,Khanty-Mansi Autonomous Okrug - Yugra,52,Warehousing and transport support activities,7,13,10.750000000000002,14.615384615384615,1.359570661896243,False
86,Khanty-Mansi Autonomous Okrug - Yugra,53,Postal and courier activities,7,13,6.857142857142857,9.846153846153847,1.4358974358974361,False
86,Khanty-Mansi Autonomous Okrug - Yugra,55,Accommodation,7,13,5.285714285714286,7.923076923076923,1.498960498960499,False
86,Khanty-Mansi Autonomous Okrug - Yugra,56,Food and beverage service activities,7,13,54.5,61.642857142857146,1.1310615989515074,False
86,Khanty-Mansi Autonomous Okrug - Yugra,58,Publishing activities,3,5,1.5714285714285714,1.6153846153846154,1.027972027972028,False
86,Khanty-Mansi Autonomous Okrug - Yugra,59,"Motion picture, video and television production",7,13,4.142857142857142,4.769230769230769,1.1511936339522548,False
86,Khanty-Mansi Autonomous Okrug - Yugra,60,Programming and broadcasting activities,1,4,1.1428571428571428,1.6153846153846154,,True
86,Khanty-Mansi Autonomous Okrug - Yugra,61,Telecommunications,3,6,1.5714285714285714,2.4615384615384617,1.5664335664335665,False
86,Khanty-Mansi Autonomous Okrug - Yugra,62,"Computer programming, consultancy and related activities",7,13,24.571428571428573,29.142857142857142,1.1860465116279069,False
86,Khanty-Mansi Autonomous Okrug - Yugra,63,Information service activities,7,13,11.142857142857142,18.076923076923077,1.6222879684418146,False
86,Khanty-Mansi Autonomous Okrug - Yugra,64,"Financial service activities, except insurance and pension funding",6,8,2.142857142857143,2.1538461538461537,1.005128205128205,False
86,Khanty-Mansi Autonomous Okrug - Yugra,65,"Insurance, reinsurance and pension funding",2,1,1.2857142857142856,1.0769230769230769,,True
86,Khanty-Mansi Autonomous Okrug - Yugra,66,Auxiliary financial services,7,11,4.428571428571429,5.384615384615385,1.215880893300248,False
86,Khanty-Mansi Autonomous Okrug - Yugra,68,Real estate activities,7,13,44.714285714285715,51.05882352941177,1.1418906220635219,False
86,Khanty-Mansi Autonomous Okrug - Yugra,69,Legal and accounting activities,7,13,20.571428571428573,23.78571428571429,1.15625,False
86,Khanty-Mansi Autonomous Okrug - Yugra,70,Management consultancy activities,7,13,8.875,12.571428571428571,1.4164989939637826,False
86,Khanty-Mansi Autonomous Okrug - Yugra,71,Architectural and engineering activities,7,13,12.714285714285714,14.285714285714286,1.1235955056179776,False
86,Khanty-Mansi Autonomous Okrug - Yugra,72,Scientific research and development,5,8,2.7142857142857144,2.4615384615384617,0.9068825910931174,False
86,Khanty-Mansi Autonomous Okrug - Yugra,73,Advertising and market research,7,13,33.42857142857143,41.214285714285715,1.232905982905983,False
86,Khanty-Mansi Autonomous Okrug - Yugra,74,"Other professional, scientific and technical activities",7,13,12.142857142857142,18.46153846153846,1.5203619909502262,False
86,Khanty-Mansi Autonomous Okrug - Yugra,75,Veterinary activities,3,9,1.5714285714285714,2.3846153846153846,1.5174825174825175,False
86,Khanty-Mansi Autonomous Okrug - Yugra,77,Rental and leasing activities,7,13,14.428571428571429,18.23076923076923,1.2635186595582635,False
86,Khanty-Mansi Autonomous Okrug - Yugra,78,Employment activities,7,13,4.571428571428571,5.769230769230769,1.2620192307692308,False
86,Khanty-Mansi Autonomous Okrug - Yugra,79,Travel agency and reservation services,7,13,5.285714285714286,6.6923076923076925,1.2661122661122661,False
86,Khanty-Mansi Autonomous Okrug - Yugra,80,Security and investigation activities,5,10,2.3333333333333335,3.0,1.2857142857142856,False
86,Khanty-Mansi Autonomous Okrug - Yugra,81,Services to buildings and landscape activities,7,13,12.625000000000002,21.071428571428573,1.669024045261669,False
86,Khanty-Mansi Autonomous Okrug - Yugra,82,Office administrative and business support activities,7,13,13.428571428571429,26.384615384615383,1.96481178396072,False
86,Khanty-Mansi Autonomous Okrug - Yugra,84,Public administration and defence; compulsory social security,1,5,1.2857142857142856,1.5384615384615383,,True
86,Khanty-Mansi Autonomous Okrug - Yugra,85,Education,7,13,24.714285714285715,23.133333333333336,0.9360308285163778,False
86,Khanty-Mansi Autonomous Okrug - Yugra,86,Human health activities,7,13,9.428571428571429,10.92857142857143,1.1590909090909092,False
86,Khanty-Mansi Autonomous Okrug - Yugra,87,Residential care activities,1,0,1.1428571428571428,1.0,,True
86,Khanty-Mansi Autonomous Okrug - Yugra,88,Social work activities without accommodation,7,12,4.428571428571429,3.769230769230769,0.8511166253101736,False
86,Khanty-Mansi Autonomous Okrug - Yugra,90,"Creative, arts and entertainment activities",7,13,5.857142857142857,4.3076923076923075,0.7354596622889306,False
86,Khanty-Mansi Autonomous Okrug - Yugra,91,"Libraries, archives, museums and other cultural activities",0,5,1.0,1.4615384615384617,,True
86,Khanty-Mansi Autonomous Okrug - Yugra,92,Gambling and betting activities,3,2,1.4285714285714286,1.1538461538461537,,True
86,Khanty-Mansi Autonomous Okrug - Yugra,93,Sports activities and amusement and recreation,7,13,21.142857142857142,21.153846153846153,1.0005197505197505,False
86,Khanty-Mansi Autonomous Okrug - Yugra,94,Activities of membership organisations,2,4,1.2857142857142856,1.3846153846153846,,True
86,Khanty-Mansi Autonomous Okrug - Yugra,95,"Repair of computers, personal and household goods",7,13,17.285714285714285,24.46153846153846,1.4151303242212332,False
86,Khanty-Mansi Autonomous Okrug - Yugra,96,Other personal service activities,7,13,60.125,74.5,1.2390852390852392,False
86,Khanty-Mansi Autonomous Okrug - Yugra,97,Activities of households as employers,0,1,1.0,1.0769230769230769,,True
86,Khanty-Mansi Autonomous Okrug - Yugra,98,OKVED 98,0,0,1.0,1.0,,True
87,Chukotka Autonomous Okrug,01,Crop and animal production,4,8,1.8571428571428572,1.7692307692307692,0.9526627218934911,False
87,Chukotka Autonomous Okrug,02,Forestry and logging,0,2,1.0,1.1538461538461537,,True
87,Chukotka Autonomous Okrug,03,Fishing and aquaculture,2,6,1.5714285714285714,1.5384615384615383,,True
87,Chukotka Autonomous Okrug,07,OKVED 07,2,6,1.2857142857142856,2.0,,True
87,Chukotka Autonomous Okrug,09,Mining support services,0,2,1.0,1.0,,True
87,Chukotka Autonomous Okrug,10,Manufacture of food products,4,4,2.0,1.4615384615384617,0.7307692307692308,False
87,Chukotka Autonomous Okrug,11,Manufacture of beverages,0,0,1.0,1.0,,True
87,Chukotka Autonomous Okrug,13,Manufacture of textiles,0,0,1.0,1.0,,True
87,Chukotka Autonomous Okrug,14,Manufacture of wearing apparel,1,1,1.1428571428571428,1.0769230769230769,,True
87,Chukotka Autonomous Okrug,15,Manufacture of leather and related products,0,1,1.0,1.0769230769230769,,True
87,Chukotka Autonomous Okrug,16,Wood processing,0,0,1.0,1.0,,True
87,Chukotka Autonomous Okrug,18,Printing and reproduction of recorded media,0,2,1.0,1.1538461538461537,,True
87,Chukotka Autonomous Okrug,20,Manufacture of chemicals and chemical products,0,0,1.0,1.0,,True
87,Chukotka Autonomous Okrug,22,Manufacture of rubber and plastic products,1,1,1.1428571428571428,1.0769230769230769,,True
87,Chukotka Autonomous Okrug,23,Other non-metallic mineral products,0,1,1.0,1.0769230769230769,,True
87,Chukotka Autonomous Okrug,25,Manufacture of fabricated metal products,0,0,1.0,1.0,,True
87,Chukotka Autonomous Okrug,28,Manufacture of machinery and equipment n.e.c.,0,0,1.0,1.0,,True
87,Chukotka Autonomous Okrug,30,Manufacture of other transport equipment,0,0,1.0,1.0,,True
87,Chukotka Autonomous Okrug,31,Manufacture of furniture,0,1,1.0,1.0769230769230769,,True
87,Chukotka Autonomous Okrug,32,Other manufacturing,1,3,1.1428571428571428,1.3076923076923077,,True
87,Chukotka Autonomous Okrug,33,Repair and installation of machinery and equipment,3,4,1.4285714285714286,1.3846153846153846,0.9692307692307692,False
87,Chukotka Autonomous Okrug,35,"Electricity, gas, steam and air conditioning supply",0,0,1.0,1.0,,True
87,Chukotka Autonomous Okrug,36,"Water collection, treatment and supply",0,1,1.0,1.0769230769230769,,True
87,Chukotka Autonomous Okrug,37,Sewerage,0,0,1.0,1.0,,True
87,Chukotka Autonomous Okrug,38,"Waste collection, treatment and disposal",0,2,1.0,1.1538461538461537,,True
87,Chukotka Autonomous Okrug,41,Construction of buildings,2,12,1.2857142857142856,2.4615384615384617,,True
87,Chukotka Autonomous Okrug,42,Civil engineering,1,4,1.1428571428571428,1.3076923076923077,,True
87,Chukotka Autonomous Okrug,43,Specialised construction activities,3,8,1.7142857142857144,2.0769230769230766,1.2115384615384612,False
87,Chukotka Autonomous Okrug,45,Sale and repair of motor vehicles and motorcycles,2,5,1.2857142857142856,1.6153846153846154,,True
87,Chukotka Autonomous Okrug,46,Wholesale trade,2,6,1.4285714285714286,1.7692307692307692,,True
87,Chukotka Autonomous Okrug,47,Retail trade,7,13,9.571428571428571,6.615384615384615,0.6911595866819747,False
87,Chukotka Autonomous Okrug,49,Land transport and pipeline transport,7,13,6.0,6.071428571428571,1.0119047619047619,False
87,Chukotka Autonomous Okrug,50,Water transport,1,1,1.1428571428571428,1.0769230769230769,,True
87,Chukotka Autonomous Okrug,51,Air transport,1,1,1.1428571428571428,1.0769230769230769,,True
87,Chukotka Autonomous Okrug,52,Warehousing and transport support activities,2,8,1.4285714285714286,1.8461538461538463,,True
87,Chukotka Autonomous Okrug,53,Postal and courier activities,0,2,1.0,1.1538461538461537,,True
87,Chukotka Autonomous Okrug,55,Accommodation,4,6,1.7142857142857144,1.9230769230769231,1.1217948717948718,False
87,Chukotka Autonomous Okrug,56,Food and beverage service activities,5,10,2.428571428571429,2.3846153846153846,0.9819004524886876,False
87,Chukotka Autonomous Okrug,59,"Motion picture, video and television production",0,2,1.0,1.1538461538461537,,True
87,Chukotka Autonomous Okrug,61,Telecommunications,0,1,1.0,1.0769230769230769,,True
87,Chukotka Autonomous Okrug,62,"Computer programming, consultancy and related activities",3,10,1.4285714285714286,2.1538461538461537,1.5076923076923077,False
87,Chukotka Autonomous Okrug,63,Information service activities,1,5,1.1428571428571428,1.5384615384615383,,True
87,Chukotka Autonomous Okrug,66,Auxiliary financial services,0,1,1.0,1.0769230769230769,,True
87,Chukotka Autonomous Okrug,68,Real estate activities,6,8,2.0,2.1538461538461537,1.0769230769230769,False
87,Chukotka Autonomous Okrug,69,Legal and accounting activities,3,5,1.7142857142857144,1.7692307692307692,1.032051282051282,False
87,Chukotka Autonomous Okrug,70,Management consultancy activities,1,1,1.1428571428571428,1.0769230769230769,,True
87,Chukotka Autonomous Okrug,71,Architectural and engineering activities,5,5,1.8571428571428572,1.3846153846153846,0.7455621301775147,False
87,Chukotka Autonomous Okrug,72,Scientific research and development,0,0,1.0,1.0,,True
87,Chukotka Autonomous Okrug,73,Advertising and market research,3,3,1.8571428571428572,1.3076923076923077,0.7041420118343195,False
87,Chukotka Autonomous Okrug,74,"Other professional, scientific and technical activities",3,3,1.8571428571428572,1.2307692307692308,0.6627218934911243,False
87,Chukotka Autonomous Okrug,77,Rental and leasing activities,3,0,1.5714285714285714,1.0,,True
87,Chukotka Autonomous Okrug,78,Employment activities,0,2,1.0,1.2307692307692308,,True
87,Chukotka Autonomous Okrug,79,Travel agency and reservation services,2,2,1.2857142857142856,1.1538461538461537,,True
87,Chukotka Autonomous Okrug,80,Security and investigation activities,0,1,1.0,1.0769230769230769,,True
87,Chukotka Autonomous Okrug,81,Services to buildings and landscape activities,1,5,1.1428571428571428,1.5384615384615383,,True
87,Chukotka Autonomous Okrug,82,Office administrative and business support activities,1,3,1.1428571428571428,1.2307692307692308,,True
87,Chukotka Autonomous Okrug,85,Education,3,2,1.4285714285714286,1.1538461538461537,,True
87,Chukotka Autonomous Okrug,86,Human health activities,1,2,1.1428571428571428,1.1538461538461537,,True
87,Chukotka Autonomous Okrug,88,Social work activities without accommodation,0,1,1.0,1.0769230769230769,,True
87,Chukotka Autonomous Okrug,90,"Creative, arts and entertainment activities",1,1,1.1428571428571428,1.0769230769230769,,True
87,Chukotka Autonomous Okrug,91,"Libraries, archives, museums and other cultural activities",0,0,1.0,1.0,,True
87,Chukotka Autonomous Okrug,92,Gambling and betting activities,0,0,1.0,1.0,,True
87,Chukotka Autonomous Okrug,93,Sports activities and amusement and recreation,3,7,1.7142857142857144,1.5384615384615383,0.8974358974358972,False
87,Chukotka Autonomous Okrug,94,Activities of membership organisations,0,0,1.0,1.0,,True
87,Chukotka Autonomous Okrug,95,"Repair of computers, personal and household goods",4,4,1.7142857142857144,1.3846153846153846,0.8076923076923076,False
87,Chukotka Autonomous Okrug,96,Other personal service activities,3,10,1.7142857142857144,2.6923076923076925,1.5705128205128205,False
89,Yamalo-Nenets Autonomous Okrug,01,Crop and animal production,7,12,5.0,4.846153846153847,0.9692307692307693,False
89,Yamalo-Nenets Autonomous Okrug,02,Forestry and logging,2,3,1.4285714285714286,1.2307692307692308,,True
89,Yamalo-Nenets Autonomous Okrug,03,Fishing and aquaculture,4,9,1.7142857142857144,2.230769230769231,1.3012820512820513,False
89,Yamalo-Nenets Autonomous Okrug,06,Extraction of crude petroleum and natural gas,0,0,1.0,1.0,,True
89,Yamalo-Nenets Autonomous Okrug,07,OKVED 07,0,1,1.0,1.0769230769230769,,True
89,Yamalo-Nenets Autonomous Okrug,08,Other mining and quarrying,3,5,1.4285714285714286,1.3846153846153846,0.9692307692307692,False
89,Yamalo-Nenets Autonomous Okrug,09,Mining support services,1,3,1.1428571428571428,1.3076923076923077,,True
89,Yamalo-Nenets Autonomous Okrug,10,Manufacture of food products,7,13,6.142857142857143,5.357142857142858,0.872093023255814,False
89,Yamalo-Nenets Autonomous Okrug,11,Manufacture of beverages,1,0,1.1428571428571428,1.0,,True
89,Yamalo-Nenets Autonomous Okrug,13,Manufacture of textiles,2,4,1.2857142857142856,1.3076923076923077,,True
89,Yamalo-Nenets Autonomous Okrug,14,Manufacture of wearing apparel,5,9,2.7142857142857144,2.6923076923076925,0.9919028340080972,False
89,Yamalo-Nenets Autonomous Okrug,15,Manufacture of leather and related products,0,2,1.0,1.1538461538461537,,True
89,Yamalo-Nenets Autonomous Okrug,16,Wood processing,2,5,1.4285714285714286,1.5384615384615383,,True
89,Yamalo-Nenets Autonomous Okrug,17,Manufacture of paper and paper products,0,0,1.0,1.0,,True
89,Yamalo-Nenets Autonomous Okrug,18,Printing and reproduction of recorded media,2,5,1.2857142857142856,1.6153846153846154,,True
89,Yamalo-Nenets Autonomous Okrug,19,Manufacture of coke and refined petroleum products,0,0,1.0,1.0,,True
89,Yamalo-Nenets Autonomous Okrug,20,Manufacture of chemicals and chemical products,2,3,1.2857142857142856,1.2307692307692308,,True
89,Yamalo-Nenets Autonomous Okrug,21,Manufacture of pharmaceutical products,0,0,1.0,1.0,,True
89,Yamalo-Nenets Autonomous Okrug,22,Manufacture of rubber and plastic products,3,3,1.4285714285714286,1.4615384615384617,1.0230769230769232,False
89,Yamalo-Nenets Autonomous Okrug,23,Other non-metallic mineral products,5,2,2.0,1.1538461538461537,,True
89,Yamalo-Nenets Autonomous Okrug,24,Manufacture of basic metals,0,1,1.0,1.0769230769230769,,True
89,Yamalo-Nenets Autonomous Okrug,25,Manufacture of fabricated metal products,4,11,2.0,2.3076923076923075,1.1538461538461537,False
89,Yamalo-Nenets Autonomous Okrug,26,"Manufacture of computer, electronic and optical products",1,1,1.1428571428571428,1.0769230769230769,,True
89,Yamalo-Nenets Autonomous Okrug,27,Manufacture of electrical equipment,0,1,1.0,1.0769230769230769,,True
89,Yamalo-Nenets Autonomous Okrug,28,Manufacture of machinery and equipment n.e.c.,0,3,1.0,1.2307692307692308,,True
89,Yamalo-Nenets Autonomous Okrug,29,Manufacture of motor vehicles and trailers,0,0,1.0,1.0,,True
89,Yamalo-Nenets Autonomous Okrug,30,Manufacture of other transport equipment,0,2,1.0,1.1538461538461537,,True
89,Yamalo-Nenets Autonomous Okrug,31,Manufacture of furniture,4,7,1.7142857142857144,1.9230769230769231,1.1217948717948718,False
89,Yamalo-Nenets Autonomous Okrug,32,Other manufacturing,4,8,1.7142857142857144,2.3076923076923075,1.346153846153846,False
89,Yamalo-Nenets Autonomous Okrug,33,Repair and installation of machinery and equipment,5,10,3.0,2.769230769230769,0.923076923076923,False
89,Yamalo-Nenets Autonomous Okrug,35,"Electricity, gas, steam and air conditioning supply",1,3,1.1428571428571428,1.3076923076923077,,True
89,Yamalo-Nenets Autonomous Okrug,36,"Water collection, treatment and supply",1,2,1.1428571428571428,1.1538461538461537,,True
89,Yamalo-Nenets Autonomous Okrug,37,Sewerage,1,3,1.1428571428571428,1.2307692307692308,,True
89,Yamalo-Nenets Autonomous Okrug,38,"Waste collection, treatment and disposal",2,3,1.2857142857142856,1.2307692307692308,,True
89,Yamalo-Nenets Autonomous Okrug,39,Remediation activities,0,0,1.0,1.0,,True
89,Yamalo-Nenets Autonomous Okrug,41,Construction of buildings,7,13,23.714285714285715,19.23076923076923,0.8109360518999073,False
89,Yamalo-Nenets Autonomous Okrug,42,Civil engineering,7,10,4.714285714285714,2.8461538461538463,0.6037296037296037,False
89,Yamalo-Nenets Autonomous Okrug,43,Specialised construction activities,7,13,22.571428571428573,26.923076923076923,1.1927945472249268,False
89,Yamalo-Nenets Autonomous Okrug,45,Sale and repair of motor vehicles and motorcycles,7,13,12.500000000000002,15.857142857142858,1.2685714285714285,False
89,Yamalo-Nenets Autonomous Okrug,46,Wholesale trade,7,13,9.714285714285714,9.214285714285715,0.9485294117647061,False
89,Yamalo-Nenets Autonomous Okrug,47,Retail trade,7,13,96.85714285714286,88.18749999999999,0.9104904129793508,False
89,Yamalo-Nenets Autonomous Okrug,49,Land transport and pipeline transport,7,13,56.714285714285715,58.07692307692308,1.024026351482271,False
89,Yamalo-Nenets Autonomous Okrug,50,Water transport,1,2,1.1428571428571428,1.1538461538461537,,True
89,Yamalo-Nenets Autonomous Okrug,51,Air transport,1,0,1.1428571428571428,1.0,,True
89,Yamalo-Nenets Autonomous Okrug,52,Warehousing and transport support activities,7,12,5.857142857142857,4.285714285714286,0.7317073170731707,False
89,Yamalo-Nenets Autonomous Okrug,53,Postal and courier activities,6,9,2.571428571428571,2.9230769230769234,1.136752136752137,False
89,Yamalo-Nenets Autonomous Okrug,55,Accommodation,7,12,3.142857142857143,4.384615384615385,1.3951048951048952,False
89,Yamalo-Nenets Autonomous Okrug,56,Food and beverage service activities,7,13,18.0,20.857142857142858,1.1587301587301588,False
89,Yamalo-Nenets Autonomous Okrug,58,Publishing activities,1,1,1.1428571428571428,1.0769230769230769,,True
89,Yamalo-Nenets Autonomous Okrug,59,"Motion picture, video and television production",5,12,2.857142857142857,2.4615384615384617,0.8615384615384616,False
89,Yamalo-Nenets Autonomous Okrug,60,Programming and broadcasting activities,1,2,1.1428571428571428,1.1538461538461537,,True
89,Yamalo-Nenets Autonomous Okrug,61,Telecommunications,2,3,1.4285714285714286,1.3076923076923077,,True
89,Yamalo-Nenets Autonomous Okrug,62,"Computer programming, consultancy and related activities",7,13,7.285714285714286,8.615384615384615,1.1825037707390649,False
89,Yamalo-Nenets Autonomous Okrug,63,Information service activities,7,13,3.4285714285714284,7.846153846153846,2.2884615384615383,False
89,Yamalo-Nenets Autonomous Okrug,64,"Financial service activities, except insurance and pension funding",1,2,1.1428571428571428,1.2307692307692308,,True
89,Yamalo-Nenets Autonomous Okrug,65,"Insurance, reinsurance and pension funding",0,1,1.0,1.0769230769230769,,True
89,Yamalo-Nenets Autonomous Okrug,66,Auxiliary financial services,4,5,2.0,1.4615384615384617,0.7307692307692308,False
89,Yamalo-Nenets Autonomous Okrug,68,Real estate activities,7,13,16.375000000000004,20.846153846153847,1.2730475631238987,False
89,Yamalo-Nenets Autonomous Okrug,69,Legal and accounting activities,7,13,6.0,6.384615384615385,1.064102564102564,False
89,Yamalo-Nenets Autonomous Okrug,70,Management consultancy activities,5,12,2.571428571428571,4.076923076923077,1.5854700854700856,False
89,Yamalo-Nenets Autonomous Okrug,71,Architectural and engineering activities,7,13,4.428571428571429,4.846153846153847,1.0942928039702233,False
89,Yamalo-Nenets Autonomous Okrug,72,Scientific research and development,3,1,1.7142857142857144,1.0769230769230769,,True
89,Yamalo-Nenets Autonomous Okrug,73,Advertising and market research,7,13,6.428571428571429,11.538461538461538,1.7948717948717947,False
89,Yamalo-Nenets Autonomous Okrug,74,"Other professional, scientific and technical activities",7,13,4.714285714285714,5.538461538461538,1.1748251748251748,False
89,Yamalo-Nenets Autonomous Okrug,75,Veterinary activities,1,4,1.1428571428571428,1.3076923076923077,,True
89,Yamalo-Nenets Autonomous Okrug,77,Rental and leasing activities,7,13,5.857142857142857,6.923076923076923,1.1819887429643527,False
89,Yamalo-Nenets Autonomous Okrug,78,Employment activities,5,8,2.142857142857143,2.230769230769231,1.041025641025641,False
89,Yamalo-Nenets Autonomous Okrug,79,Travel agency and reservation services,6,10,3.5714285714285716,2.4615384615384617,0.6892307692307692,False
89,Yamalo-Nenets Autonomous Okrug,80,Security and investigation activities,4,5,2.0,1.3846153846153846,0.6923076923076923,False
89,Yamalo-Nenets Autonomous Okrug,81,Services to buildings and landscape activities,7,13,5.285714285714286,6.714285714285714,1.2702702702702704,False
89,Yamalo-Nenets Autonomous Okrug,82,Office administrative and business support activities,7,13,5.714285714285714,8.538461538461538,1.4942307692307693,False
89,Yamalo-Nenets Autonomous Okrug,84,Public administration and defence; compulsory social security,1,1,1.1428571428571428,1.0769230769230769,,True
89,Yamalo-Nenets Autonomous Okrug,85,Education,7,13,6.571428571428571,8.384615384615385,1.2759197324414717,False
89,Yamalo-Nenets Autonomous Okrug,86,Human health activities,6,12,3.2857142857142856,3.769230769230769,1.1471571906354516,False
89,Yamalo-Nenets Autonomous Okrug,88,Social work activities without accommodation,5,8,2.142857142857143,2.1538461538461537,1.005128205128205,False
89,Yamalo-Nenets Autonomous Okrug,90,"Creative, arts and entertainment activities",5,9,2.142857142857143,2.6153846153846154,1.2205128205128206,False
89,Yamalo-Nenets Autonomous Okrug,93,Sports activities and amusement and recreation,7,13,6.714285714285714,8.538461538461538,1.2716857610474632,False
89,Yamalo-Nenets Autonomous Okrug,94,Activities of membership organisations,0,0,1.0,1.0,,True
89,Yamalo-Nenets Autonomous Okrug,95,"Repair of computers, personal and household goods",7,13,6.285714285714286,6.769230769230769,1.0769230769230769,False
89,Yamalo-Nenets Autonomous Okrug,96,Other personal service activities,7,13,24.0,24.692307692307693,1.028846153846154,False
89,Yamalo-Nenets Autonomous Okrug,97,Activities of households as employers,0,0,1.0,1.0,,True
89,Yamalo-Nenets Autonomous Okrug,98,OKVED 98,1,0,1.1428571428571428,1.0,,True
91,Republic of Crimea,01,Crop and animal production,7,13,41.857142857142854,44.5,1.0631399317406145,False
91,Republic of Crimea,02,Forestry and logging,4,7,1.7142857142857144,1.7692307692307692,1.032051282051282,False
91,Republic of Crimea,03,Fishing and aquaculture,7,13,7.0,7.230769230769231,1.032967032967033,False
91,Republic of Crimea,05,Mining of coal and lignite,1,0,1.1428571428571428,1.0,,True
91,Republic of Crimea,06,Extraction of crude petroleum and natural gas,0,0,1.0,1.0,,True
91,Republic of Crimea,07,OKVED 07,0,0,1.0,1.0,,True
91,Republic of Crimea,08,Other mining and quarrying,4,8,2.0,1.6923076923076923,0.8461538461538461,False
91,Republic of Crimea,09,Mining support services,0,1,1.0,1.0769230769230769,,True
91,Republic of Crimea,10,Manufacture of food products,7,13,10.571428571428571,15.64705882352941,1.4801271860095389,False
91,Republic of Crimea,11,Manufacture of beverages,6,7,2.7142857142857144,2.0,0.7368421052631579,False
91,Republic of Crimea,12,Manufacture of tobacco products,0,1,1.0,1.0769230769230769,,True
91,Republic of Crimea,13,Manufacture of textiles,6,13,2.571428571428571,3.769230769230769,1.465811965811966,False
91,Republic of Crimea,14,Manufacture of wearing apparel,7,13,4.142857142857142,6.230769230769231,1.503978779840849,False
91,Republic of Crimea,15,Manufacture of leather and related products,4,5,2.0,1.4615384615384617,0.7307692307692308,False
91,Republic of Crimea,16,Wood processing,6,9,2.571428571428571,2.8461538461538463,1.106837606837607,False
91,Republic of Crimea,17,Manufacture of paper and paper products,1,1,1.1428571428571428,1.0769230769230769,,True
91,Republic of Crimea,18,Printing and reproduction of recorded media,4,10,2.142857142857143,2.1538461538461537,1.005128205128205,False
91,Republic of Crimea,19,Manufacture of coke and refined petroleum products,0,0,1.0,1.0,,True
91,Republic of Crimea,20,Manufacture of chemicals and chemical products,7,12,3.0,3.0,1.0,False
91,Republic of Crimea,21,Manufacture of pharmaceutical products,2,1,1.2857142857142856,1.0769230769230769,,True
91,Republic of Crimea,22,Manufacture of rubber and plastic products,6,10,2.857142857142857,2.8461538461538463,0.9961538461538462,False
91,Republic of Crimea,23,Other non-metallic mineral products,7,13,5.285714285714286,7.153846153846154,1.3534303534303536,False
91,Republic of Crimea,24,Manufacture of basic metals,3,1,1.5714285714285714,1.0769230769230769,,True
91,Republic of Crimea,25,Manufacture of fabricated metal products,7,13,7.428571428571429,9.0,1.2115384615384615,False
91,Republic of Crimea,26,"Manufacture of computer, electronic and optical products",1,6,1.2857142857142856,1.4615384615384617,,True
91,Republic of Crimea,27,Manufacture of electrical equipment,3,7,1.5714285714285714,1.6923076923076923,1.0769230769230769,False
91,Republic of Crimea,28,Manufacture of machinery and equipment n.e.c.,2,6,1.2857142857142856,1.6153846153846154,,True
91,Republic of Crimea,29,Manufacture of motor vehicles and trailers,0,2,1.0,1.1538461538461537,,True
91,Republic of Crimea,30,Manufacture of other transport equipment,2,7,1.4285714285714286,1.6923076923076923,,True
91,Republic of Crimea,31,Manufacture of furniture,6,13,6.142857142857143,6.076923076923077,0.9892665474060822,False
91,Republic of Crimea,32,Other manufacturing,6,13,4.142857142857142,5.928571428571429,1.431034482758621,False
91,Republic of Crimea,33,Repair and installation of machinery and equipment,7,13,6.714285714285714,5.923076923076923,0.8821603927986907,False
91,Republic of Crimea,35,"Electricity, gas, steam and air conditioning supply",1,5,1.1428571428571428,1.6923076923076923,,True
91,Republic of Crimea,36,"Water collection, treatment and supply",2,5,1.2857142857142856,1.4615384615384617,,True
91,Republic of Crimea,37,Sewerage,2,5,1.4285714285714286,1.5384615384615383,,True
91,Republic of Crimea,38,"Waste collection, treatment and disposal",3,10,2.0,2.785714285714286,1.392857142857143,False
91,Republic of Crimea,39,Remediation activities,1,0,1.1428571428571428,1.0,,True
91,Republic of Crimea,41,Construction of buildings,7,13,64.0,75.14285714285714,1.1741071428571428,False
91,Republic of Crimea,42,Civil engineering,7,13,7.571428571428571,8.0,1.0566037735849056,False
91,Republic of Crimea,43,Specialised construction activities,7,13,52.857142857142854,61.06666666666668,1.1553153153153155,False
91,Republic of Crimea,45,Sale and repair of motor vehicles and motorcycles,7,13,29.285714285714285,33.53333333333334,1.1450406504065043,False
91,Republic of Crimea,46,Wholesale trade,7,13,41.3,36.73913043478261,0.8895673228760923,False
91,Republic of Crimea,47,Retail trade,7,13,229.21428571428572,233.13793103448276,1.017117804450844,False
91,Republic of Crimea,49,Land transport and pipeline transport,7,13,56.0,66.35714285714286,1.1849489795918369,False
91,Republic of Crimea,50,Water transport,4,11,2.2857142857142856,3.076923076923077,1.3461538461538463,False
91,Republic of Crimea,51,Air transport,0,0,1.0,1.0,,True
91,Republic of Crimea,52,Warehousing and transport support activities,7,13,7.0,11.307692307692308,1.6153846153846154,False
91,Republic of Crimea,53,Postal and courier activities,6,12,2.7142857142857144,4.153846153846153,1.5303643724696354,False
91,Republic of Crimea,55,Accommodation,7,13,10.0,19.733333333333334,1.9733333333333334,False
91,Republic of Crimea,56,Food and beverage service activities,7,13,64.66666666666667,68.16666666666667,1.0541237113402062,False
91,Republic of Crimea,58,Publishing activities,5,8,1.7142857142857144,1.6923076923076923,0.9871794871794871,False
91,Republic of Crimea,59,"Motion picture, video and television production",7,13,4.571428571428571,5.846153846153846,1.2788461538461537,False
91,Republic of Crimea,60,Programming and broadcasting activities,0,2,1.0,1.1538461538461537,,True
91,Republic of Crimea,61,Telecommunications,4,8,1.8571428571428572,2.0,1.0769230769230769,False
91,Republic of Crimea,62,"Computer programming, consultancy and related activities",7,13,21.285714285714285,27.384615384615383,1.2865255549819308,False
91,Republic of Crimea,63,Information service activities,7,13,11.285714285714286,16.46153846153846,1.4586173320350533,False
91,Republic of Crimea,64,"Financial service activities, except insurance and pension funding",6,10,2.7142857142857144,2.6153846153846154,0.9635627530364372,False
91,Republic of Crimea,65,"Insurance, reinsurance and pension funding",0,2,1.0,1.1538461538461537,,True
91,Republic of Crimea,66,Auxiliary financial services,7,13,2.857142857142857,4.0,1.4,False
91,Republic of Crimea,68,Real estate activities,7,13,85.0,86.31249999999999,1.015441176470588,False
91,Republic of Crimea,69,Legal and accounting activities,7,13,23.0,27.571428571428573,1.1987577639751554,False
91,Republic of Crimea,70,Management consultancy activities,7,13,9.857142857142858,12.923076923076923,1.3110367892976589,False
91,Republic of Crimea,71,Architectural and engineering activities,7,13,20.285714285714285,28.615384615384617,1.410617551462622,False
91,Republic of Crimea,72,Scientific research and development,2,10,1.5714285714285714,2.3846153846153846,,True
91,Republic of Crimea,73,Advertising and market research,7,13,25.571428571428573,27.692307692307693,1.0829394069617533,False
91,Republic of Crimea,74,"Other professional, scientific and technical activities",7,13,12.571428571428571,27.0,2.147727272727273,False
91,Republic of Crimea,75,Veterinary activities,2,7,1.7142857142857144,1.6153846153846154,,True
91,Republic of Crimea,77,Rental and leasing activities,7,13,9.714285714285714,11.538461538461538,1.1877828054298643,False
91,Republic of Crimea,78,Employment activities,6,12,3.0,3.5384615384615383,1.1794871794871795,False
91,Republic of Crimea,79,Travel agency and reservation services,7,13,8.428571428571429,7.214285714285714,0.8559322033898304,False
91,Republic of Crimea,80,Security and investigation activities,7,11,3.4285714285714284,3.4000000000000004,0.9916666666666668,False
91,Republic of Crimea,81,Services to buildings and landscape activities,7,13,11.142857142857142,17.384615384615383,1.5601577909270217,False
91,Republic of Crimea,82,Office administrative and business support activities,7,13,9.428571428571429,10.200000000000001,1.081818181818182,False
91,Republic of Crimea,84,Public administration and defence; compulsory social security,1,6,1.1428571428571428,1.4615384615384617,,True
91,Republic of Crimea,85,Education,7,13,21.571428571428573,24.846153846153847,1.151808456444218,False
91,Republic of Crimea,86,Human health activities,7,13,11.428571428571429,14.615384615384615,1.2788461538461537,False
91,Republic of Crimea,87,Residential care activities,4,3,1.5714285714285714,1.3076923076923077,0.8321678321678322,False
91,Republic of Crimea,88,Social work activities without accommodation,6,10,2.7142857142857144,3.8461538461538463,1.417004048582996,False
91,Republic of Crimea,90,"Creative, arts and entertainment activities",7,13,6.571428571428571,7.384615384615385,1.1237458193979935,False
91,Republic of Crimea,91,"Libraries, archives, museums and other cultural activities",4,3,1.5714285714285714,1.2307692307692308,0.7832167832167832,False
91,Republic of Crimea,92,Gambling and betting activities,1,2,1.1428571428571428,1.1538461538461537,,True
91,Republic of Crimea,93,Sports activities and amusement and recreation,7,13,15.0,20.076923076923077,1.3384615384615384,False
91,Republic of Crimea,94,Activities of membership organisations,5,4,2.0,1.6923076923076923,0.8461538461538461,False
91,Republic of Crimea,95,"Repair of computers, personal and household goods",7,13,9.285714285714286,22.0,2.3692307692307693,False
91,Republic of Crimea,96,Other personal service activities,7,13,41.285714285714285,66.71428571428571,1.615916955017301,False
91,Republic of Crimea,97,Activities of households as employers,0,2,1.0,1.1538461538461537,,True
91,Republic of Crimea,98,OKVED 98,0,2,1.0,1.1538461538461537,,True
91,Republic of Crimea,99,Activities of extraterritorial organisations and bodies,1,0,1.1428571428571428,1.0,,True
92,Sevastopol,01,Crop and animal production,6,13,4.571428571428571,9.076923076923077,1.9855769230769231,False
92,Sevastopol,02,Forestry and logging,0,3,1.0,1.3076923076923077,,True
92,Sevastopol,03,Fishing and aquaculture,1,6,1.1428571428571428,1.7692307692307692,,True
92,Sevastopol,08,Other mining and quarrying,0,1,1.0,1.0769230769230769,,True
92,Sevastopol,09,Mining support services,1,0,1.1428571428571428,1.0,,True
92,Sevastopol,10,Manufacture of food products,7,13,4.857142857142858,3.142857142857143,0.6470588235294117,False
92,Sevastopol,11,Manufacture of beverages,3,6,1.4285714285714286,1.6923076923076923,1.1846153846153846,False
92,Sevastopol,13,Manufacture of textiles,1,6,1.1428571428571428,1.6923076923076923,,True
92,Sevastopol,14,Manufacture of wearing apparel,6,11,2.571428571428571,2.769230769230769,1.076923076923077,False
92,Sevastopol,15,Manufacture of leather and related products,1,2,1.1428571428571428,1.2307692307692308,,True
92,Sevastopol,16,Wood processing,3,8,1.7142857142857144,2.0,1.1666666666666665,False
92,Sevastopol,17,Manufacture of paper and paper products,1,2,1.1428571428571428,1.1538461538461537,,True
92,Sevastopol,18,Printing and reproduction of recorded media,1,6,1.1428571428571428,1.4615384615384617,,True
92,Sevastopol,20,Manufacture of chemicals and chemical products,1,8,1.4285714285714286,1.7692307692307692,,True
92,Sevastopol,21,Manufacture of pharmaceutical products,0,1,1.0,1.0769230769230769,,True
92,Sevastopol,22,Manufacture of rubber and plastic products,4,5,1.7142857142857144,1.6153846153846154,0.9423076923076923,False
92,Sevastopol,23,Other non-metallic mineral products,5,10,2.2857142857142856,3.076923076923077,1.3461538461538463,False
92,Sevastopol,24,Manufacture of basic metals,0,1,1.0,1.0769230769230769,,True
92,Sevastopol,25,Manufacture of fabricated metal products,7,13,2.857142857142857,4.615384615384615,1.6153846153846152,False
92,Sevastopol,26,"Manufacture of computer, electronic and optical products",2,1,1.2857142857142856,1.1538461538461537,,True
92,Sevastopol,27,Manufacture of electrical equipment,0,2,1.0,1.1538461538461537,,True
92,Sevastopol,28,Manufacture of machinery and equipment n.e.c.,4,5,1.5714285714285714,1.4615384615384617,0.9300699300699302,False
92,Sevastopol,29,Manufacture of motor vehicles and trailers,0,0,1.0,1.0,,True
92,Sevastopol,30,Manufacture of other transport equipment,3,6,1.4285714285714286,1.8461538461538463,1.2923076923076924,False
92,Sevastopol,31,Manufacture of furniture,4,13,2.2857142857142856,3.3076923076923075,1.4471153846153846,False
92,Sevastopol,32,Other manufacturing,4,10,2.2857142857142856,2.3846153846153846,1.0432692307692308,False
92,Sevastopol,33,Repair and installation of machinery and equipment,6,12,3.4285714285714284,5.0,1.4583333333333335,False
92,Sevastopol,35,"Electricity, gas, steam and air conditioning supply",4,4,1.5714285714285714,1.3846153846153846,0.8811188811188811,False
92,Sevastopol,36,"Water collection, treatment and supply",2,0,1.2857142857142856,1.0,,True
92,Sevastopol,37,Sewerage,0,2,1.0,1.3076923076923077,,True
92,Sevastopol,38,"Waste collection, treatment and disposal",3,4,1.4285714285714286,2.0769230769230766,1.4538461538461536,False
92,Sevastopol,39,Remediation activities,0,2,1.0,1.1538461538461537,,True
92,Sevastopol,41,Construction of buildings,7,13,21.0,26.78571428571429,1.2755102040816328,False
92,Sevastopol,42,Civil engineering,5,9,3.2857142857142856,4.153846153846153,1.2642140468227423,False
92,Sevastopol,43,Specialised construction activities,7,13,15.857142857142858,22.000000000000004,1.3873873873873876,False
92,Sevastopol,45,Sale and repair of motor vehicles and motorcycles,7,13,10.428571428571429,12.307692307692308,1.1801896733403583,False
92,Sevastopol,46,Wholesale trade,7,13,12.25,16.333333333333336,1.3333333333333335,False
92,Sevastopol,47,Retail trade,7,13,84.25000000000001,67.15789473684211,0.797126347024832,False
92,Sevastopol,49,Land transport and pipeline transport,7,13,9.75,13.23076923076923,1.3570019723865876,False
92,Sevastopol,50,Water transport,2,7,1.2857142857142856,1.8461538461538463,,True
92,Sevastopol,52,Warehousing and transport support activities,6,11,3.2857142857142856,3.0,0.9130434782608696,False
92,Sevastopol,53,Postal and courier activities,4,6,2.0,1.6153846153846154,0.8076923076923077,False
92,Sevastopol,55,Accommodation,6,12,2.7142857142857144,4.153846153846153,1.5303643724696354,False
92,Sevastopol,56,Food and beverage service activities,7,13,14.499999999999998,19.42857142857143,1.3399014778325127,False
92,Sevastopol,58,Publishing activities,1,4,1.1428571428571428,1.3076923076923077,,True
92,Sevastopol,59,"Motion picture, video and television production",6,11,2.142857142857143,3.1538461538461537,1.471794871794872,False
92,Sevastopol,60,Programming and broadcasting activities,0,3,1.0,1.2307692307692308,,True
92,Sevastopol,61,Telecommunications,0,1,1.0,1.2307692307692308,,True
92,Sevastopol,62,"Computer programming, consultancy and related activities",7,13,10.142857142857142,11.285714285714286,1.1126760563380282,False
92,Sevastopol,63,Information service activities,7,13,3.2857142857142856,5.076923076923077,1.5451505016722409,False
92,Sevastopol,64,"Financial service activities, except insurance and pension funding",1,5,1.1428571428571428,1.4615384615384617,,True
92,Sevastopol,65,"Insurance, reinsurance and pension funding",0,0,1.0,1.0,,True
92,Sevastopol,66,Auxiliary financial services,4,11,2.142857142857143,2.3846153846153846,1.1128205128205129,False
92,Sevastopol,68,Real estate activities,7,13,23.571428571428573,30.76923076923077,1.3053613053613053,False
92,Sevastopol,69,Legal and accounting activities,7,13,8.857142857142858,9.846153846153847,1.1116625310173698,False
92,Sevastopol,70,Management consultancy activities,7,12,3.2857142857142856,4.461538461538462,1.3578595317725752,False
92,Sevastopol,71,Architectural and engineering activities,6,12,5.571428571428571,7.615384615384615,1.3668639053254439,False
92,Sevastopol,72,Scientific research and development,3,7,1.7142857142857144,2.3076923076923075,1.346153846153846,False
92,Sevastopol,73,Advertising and market research,7,13,7.714285714285714,10.846153846153847,1.405982905982906,False
92,Sevastopol,74,"Other professional, scientific and technical activities",7,13,4.714285714285714,5.615384615384615,1.191142191142191,False
92,Sevastopol,75,Veterinary activities,1,2,1.1428571428571428,1.2307692307692308,,True
92,Sevastopol,77,Rental and leasing activities,7,12,2.857142857142857,4.384615384615385,1.5346153846153847,False
92,Sevastopol,78,Employment activities,6,9,3.2857142857142856,2.1538461538461537,0.6555183946488294,False
92,Sevastopol,79,Travel agency and reservation services,3,11,1.7142857142857144,3.6923076923076925,2.1538461538461537,False
92,Sevastopol,80,Security and investigation activities,4,3,2.0,1.5384615384615383,0.7692307692307692,False
92,Sevastopol,81,Services to buildings and landscape activities,7,13,4.0,4.428571428571429,1.1071428571428572,False
92,Sevastopol,82,Office administrative and business support activities,5,13,2.2857142857142856,5.538461538461538,2.4230769230769234,False
92,Sevastopol,84,Public administration and defence; compulsory social security,1,1,1.1428571428571428,1.0769230769230769,,True
92,Sevastopol,85,Education,7,13,8.285714285714285,10.23076923076923,1.2347480106100797,False
92,Sevastopol,86,Human health activities,7,12,2.857142857142857,4.846153846153847,1.6961538461538463,False
92,Sevastopol,87,Residential care activities,1,3,1.1428571428571428,1.2307692307692308,,True
92,Sevastopol,88,Social work activities without accommodation,4,6,1.7142857142857144,2.0,1.1666666666666665,False
92,Sevastopol,90,"Creative, arts and entertainment activities",6,11,3.2857142857142856,3.3846153846153846,1.0301003344481605,False
92,Sevastopol,91,"Libraries, archives, museums and other cultural activities",0,3,1.0,1.3076923076923077,,True
92,Sevastopol,92,Gambling and betting activities,1,1,1.1428571428571428,1.0769230769230769,,True
92,Sevastopol,93,Sports activities and amusement and recreation,7,13,5.0,6.615384615384615,1.323076923076923,False
92,Sevastopol,94,Activities of membership organisations,1,5,1.1428571428571428,1.6153846153846154,,True
92,Sevastopol,95,"Repair of computers, personal and household goods",7,11,3.857142857142857,3.4615384615384617,0.8974358974358975,False
92,Sevastopol,96,Other personal service activities,7,13,11.428571428571429,15.538461538461538,1.3596153846153847,False
92,Sevastopol,97,Activities of households as employers,0,0,1.0,1.0,,True
